longitude,latitude,actual_value,predicted_value,residual
-119.01,36.06,47700.0,52457.142857142855,-4757.142857142855
-119.46,35.14,45800.0,94100.0,-48300.0
-122.44,37.8,500001.0,334471.5714285714,165529.42857142858
-118.72,34.28,218600.0,261071.42857142858,-42471.42857142858
-121.93,36.62,278000.0,272171.4285714286,5828.57142857142
-117.61,34.08,158700.0,194114.2857142857,-35414.28571428571
-118.02,33.89,198200.0,218585.7142857143,-20385.71428571429
-118.08,33.92,157500.0,247585.7142857143,-90085.71428571429
-122.08,37.39,340000.0,235257.14285714287,104742.85714285713
-118.23,34.18,446600.0,468414.85714285716,-21814.85714285716
-120.37,38.01,123200.0,115142.85714285714,8057.142857142855
-118.12,34.08,253900.0,168071.42857142858,85828.57142857142
-117.91,33.76,215100.0,152842.85714285713,62257.14285714287
-119.19,34.2,220500.0,189028.57142857142,31471.42857142858
-117.98,33.92,219800.0,258842.85714285713,-39042.85714285713
-117.91,34.02,136200.0,181214.2857142857,-45014.28571428571
-122.1,37.69,178400.0,216057.14285714287,-37657.14285714287
-121.02,37.48,187500.0,158700.0,28800.0
-117.05,32.75,139800.0,155000.0,-15200.0
-120.97,37.43,137500.0,94257.14285714286,43242.857142857145
-122.16,37.45,425000.0,279171.4285714286,145828.57142857142
-118.37,34.07,405600.0,321171.4285714286,84428.57142857142
-119.73,36.83,138800.0,112942.85714285714,25857.142857142855
-122.39,37.59,500001.0,376671.4285714286,123329.57142857142
-117.14,32.9,162100.0,167485.7142857143,-5385.71428571429
-119.38,36.53,51400.0,54814.28571428572,-3414.2857142857174
-118.36,33.96,151300.0,174914.2857142857,-23614.28571428571
-124.13,40.55,94800.0,86614.28571428571,8185.71428571429
-121.98,37.96,204100.0,212571.42857142858,-8471.42857142858
-118.3,33.72,361500.0,371785.71428571426,-10285.71428571426
-122.17,37.75,85100.0,125900.0,-40800.0
-118.31,34.03,138400.0,137242.85714285713,1157.1428571428696
-117.23,32.75,137500.0,230800.14285714287,-93300.14285714287
-122.08,37.37,465000.0,378314.28571428574,86685.71428571426
-122.5,37.75,271800.0,245900.0,25900.0
-118.5,34.46,239400.0,277357.14285714284,-37957.14285714284
-122.39,37.6,340900.0,249771.42857142858,91128.57142857142
-117.96,34.03,150400.0,168442.85714285713,-18042.85714285713
-121.13,38.87,128100.0,114285.71428571429,13814.28571428571
-118.17,33.98,156000.0,147900.0,8100.0
-118.75,34.29,258100.0,349385.71428571426,-91285.71428571426
-119.45,36.61,90500.0,96814.28571428571,-6314.28571428571
-120.85,37.78,71300.0,123028.57142857143,-51728.571428571435
-117.98,33.73,219700.0,155214.2857142857,64485.71428571429
-117.65,34.04,151000.0,161228.57142857142,-10228.57142857142
-118.43,34.2,290100.0,183642.85714285713,106457.14285714287
-117.03,32.73,142000.0,137142.85714285713,4857.14285714287
-117.09,32.77,291500.0,163871.42857142858,127628.57142857142
-118.3,33.73,255400.0,196214.2857142857,59185.71428571429
-124.06,40.86,98100.0,82242.85714285714,15857.142857142855
-122.91,38.46,251900.0,242757.14285714287,9142.85714285713
-118.28,34.25,162100.0,179057.14285714287,-16957.14285714287
-116.95,32.84,129400.0,248228.7142857143,-118828.71428571429
-120.4,37.3,89400.0,75571.42857142857,13828.571428571435
-118.18,34.04,150500.0,154071.42857142858,-3571.4285714285797
-119.33,36.3,133800.0,129671.42857142857,4128.571428571435
-117.22,34.11,80400.0,96414.28571428571,-16014.28571428571
-117.91,34.05,211100.0,216414.2857142857,-5314.28571428571
-117.2,32.79,255600.0,222400.0,33200.0
-117.34,33.94,214500.0,244171.42857142858,-29671.42857142858
-118.1,33.74,500001.0,355914.5714285714,144086.42857142858
-118.36,34.05,202100.0,204342.85714285713,-2242.8571428571304
-120.93,37.73,81500.0,108714.28571428571,-27214.28571428571
-124.0,40.92,98800.0,86971.42857142857,11828.571428571435
-117.98,33.68,281900.0,274700.0,7200.0
-118.26,33.83,184600.0,175928.57142857142,8671.42857142858
-122.41,38.16,254700.0,143542.85714285713,111157.14285714287
-121.95,38.03,143100.0,160971.42857142858,-17871.42857142858
-118.28,34.06,162500.0,155314.2857142857,7185.71428571429
-118.17,34.06,142600.0,230028.57142857142,-87428.57142857142
-120.67,40.5,85900.0,119857.14285714286,-33957.142857142855
-122.14,37.67,186900.0,257257.14285714287,-70357.14285714287
-119.68,36.79,71300.0,100528.57142857143,-29228.571428571435
-116.91,32.83,174400.0,189800.0,-15400.0
-118.35,33.9,225000.0,220571.42857142858,4428.57142857142
-122.7,38.35,146500.0,195400.0,-48900.0
-122.28,37.51,405000.0,392771.4285714286,12228.57142857142
-117.66,33.51,189600.0,210442.85714285713,-20842.85714285713
-118.09,33.89,164400.0,271614.4285714286,-107214.42857142858
-118.46,34.03,337500.0,221971.42857142858,115528.57142857142
-119.15,36.29,72500.0,85871.42857142857,-13371.428571428565
-117.91,33.87,143800.0,224800.0,-81000.0
-118.27,34.07,160000.0,121642.85714285714,38357.142857142855
-118.27,34.04,118100.0,193542.85714285713,-75442.85714285713
-118.27,34.17,374000.0,438186.14285714284,-64186.14285714284
-117.14,33.16,202700.0,275228.5714285714,-72528.57142857142
-122.72,38.88,96600.0,92171.42857142857,4428.571428571435
-121.47,38.61,65800.0,76257.14285714286,-10457.142857142855
-119.18,34.19,167400.0,187214.2857142857,-19814.28571428571
-118.59,34.2,179800.0,161357.14285714287,18442.85714285713
-122.22,38.08,96700.0,122914.28571428571,-26214.28571428571
-121.97,37.34,266100.0,239314.2857142857,26785.71428571429
-117.14,32.71,91100.0,132114.2857142857,-41014.28571428571
-119.75,36.71,49800.0,49700.0,100.0
-121.3,38.58,90700.0,105742.85714285714,-15042.857142857145
-117.76,34.04,115800.0,138100.0,-22300.0
-122.45,37.77,278600.0,342714.28571428574,-64114.28571428574
-117.15,32.72,250000.0,149385.7142857143,100614.28571428571
-122.08,37.88,85000.0,226457.14285714287,-141457.14285714287
-117.87,33.73,177000.0,189757.14285714287,-12757.14285714287
-117.67,34.04,99700.0,170828.57142857142,-71128.57142857142
-117.66,33.58,357600.0,413643.0,-56043.0
-117.27,32.85,475000.0,288728.71428571426,186271.28571428574
-117.02,32.66,273600.0,241557.14285714287,32042.85714285713
-118.05,33.99,182400.0,272157.14285714284,-89757.14285714284
-117.92,33.87,157800.0,147357.14285714287,10442.85714285713
-118.31,34.09,193800.0,175957.2857142857,17842.71428571429
-118.38,34.05,333600.0,304342.85714285716,29257.14285714284
-121.95,37.31,264600.0,190514.2857142857,74085.71428571429
-120.98,37.6,58400.0,82985.71428571429,-24585.71428571429
-122.28,37.78,173400.0,207771.42857142858,-34371.42857142858
-118.23,34.13,214800.0,256857.14285714287,-42057.14285714287
-119.11,35.42,200000.0,442257.85714285716,-242257.85714285716
-121.89,37.44,422800.0,396771.5714285714,26028.42857142858
-121.44,38.54,93600.0,108285.71428571429,-14685.71428571429
-118.37,34.03,122200.0,216942.85714285713,-94742.85714285713
-118.1,33.91,167600.0,216200.0,-48600.0
-118.5,34.17,303600.0,289885.71428571426,13714.28571428574
-117.96,33.78,269300.0,353328.85714285716,-84028.85714285716
-117.86,34.01,264400.0,267171.4285714286,-2771.4285714285797
-122.79,38.48,191000.0,167771.42857142858,23228.57142857142
-118.31,33.94,153800.0,265257.14285714284,-111457.14285714284
-122.44,37.73,275500.0,243428.57142857142,32071.42857142858
-118.32,34.09,208800.0,119685.71428571429,89114.28571428571
-116.93,32.79,142300.0,181500.0,-39200.0
-119.44,36.58,63500.0,78757.14285714286,-15257.142857142855
-117.3,34.05,95800.0,137671.42857142858,-41871.42857142858
-118.29,33.73,231700.0,197585.7142857143,34114.28571428571
-118.4,34.17,221500.0,229057.14285714287,-7557.14285714287
-119.78,36.82,89500.0,110200.0,-20700.0
-117.73,34.1,226000.0,330371.5714285714,-104371.57142857142
-118.18,34.19,500001.0,500001.0,0.0
-122.5,37.75,270200.0,287485.71428571426,-17285.71428571426
-120.32,37.29,59600.0,70785.71428571429,-11185.71428571429
-122.65,38.25,193300.0,159557.14285714287,33742.85714285713
-117.28,34.26,133600.0,150485.7142857143,-16885.71428571429
-122.16,37.77,161900.0,303814.28571428574,-141914.28571428574
-119.73,34.44,357500.0,257428.57142857142,100071.42857142858
-122.48,38.5,276500.0,169142.85714285713,107357.14285714287
-118.88,34.17,410700.0,248457.14285714287,162242.85714285713
-122.15,37.43,375000.0,174414.2857142857,200585.7142857143
-117.01,32.74,135200.0,119742.85714285714,15457.142857142855
-118.21,34.07,167200.0,158514.2857142857,8685.71428571429
-118.36,34.05,252000.0,173157.14285714287,78842.85714285713
-118.53,34.26,308400.0,406428.71428571426,-98028.71428571426
-118.19,33.98,172100.0,155014.2857142857,17085.71428571429
-122.4,37.58,500001.0,363614.4285714286,136386.57142857142
-122.38,37.73,193800.0,152042.85714285713,41757.14285714287
-121.08,39.22,105200.0,83571.42857142857,21628.571428571435
-117.28,34.09,90800.0,100614.28571428571,-9814.28571428571
-118.29,34.05,168800.0,139928.57142857142,28871.42857142858
-121.33,38.02,162100.0,135257.14285714287,26842.85714285713
-118.05,34.04,161200.0,190542.85714285713,-29342.85714285713
-118.16,34.01,137500.0,130414.28571428571,7085.71428571429
-121.9,36.58,289300.0,262571.4285714286,26728.57142857142
-117.65,33.6,278700.0,313228.5714285714,-34528.57142857142
-117.92,33.7,161700.0,195071.42857142858,-33371.42857142858
-117.87,33.83,231000.0,256128.57142857142,-25128.57142857142
-120.61,37.36,87500.0,108500.0,-21000.0
-118.25,33.95,95700.0,130842.85714285714,-35142.857142857145
-116.66,32.79,240600.0,218114.2857142857,22485.71428571429
-118.07,34.1,214100.0,181385.7142857143,32714.28571428571
-118.55,34.28,428600.0,378671.5714285714,49928.42857142858
-121.85,36.61,125000.0,176357.14285714287,-51357.14285714287
-122.42,40.44,76400.0,91771.42857142857,-15371.428571428565
-119.75,34.45,263800.0,264514.4285714286,-714.4285714285797
-118.8,34.41,120400.0,160057.14285714287,-39657.14285714287
-119.3,36.57,109100.0,97114.28571428571,11985.71428571429
-118.55,34.19,170600.0,173157.14285714287,-2557.1428571428696
-121.88,37.4,257400.0,205414.2857142857,51985.71428571429
-121.9,37.28,320000.0,293914.28571428574,26085.71428571426
-117.17,32.75,289600.0,192057.14285714287,97542.85714285713
-117.2,33.24,307300.0,277628.5714285714,29671.42857142858
-117.64,33.45,325500.0,419200.4285714286,-93700.42857142858
-122.1,40.03,58400.0,74085.71428571429,-15685.71428571429
-114.59,34.83,48500.0,54200.0,-5700.0
-122.23,38.17,216700.0,121500.0,95200.0
-117.31,34.25,97900.0,99800.0,-1900.0
-121.77,39.66,158600.0,134814.2857142857,23785.71428571429
-119.72,36.76,69000.0,90514.28571428571,-21514.28571428571
-122.01,37.94,322300.0,353271.4285714286,-30971.42857142858
-121.75,37.11,467700.0,295614.28571428574,172085.71428571426
-117.02,32.78,163000.0,167557.14285714287,-4557.14285714287
-121.97,37.35,287100.0,235471.42857142858,51628.57142857142
-119.69,36.83,54600.0,64685.71428571428,-10085.714285714283
-118.25,33.94,90400.0,117171.42857142857,-26771.428571428565
-117.97,34.06,155500.0,147357.14285714287,8142.85714285713
-118.3,34.07,175000.0,187671.42857142858,-12671.42857142858
-122.0,37.36,411200.0,443957.4285714286,-32757.42857142858
-118.35,34.01,332100.0,252642.85714285713,79457.14285714287
-118.2,33.92,141200.0,162242.85714285713,-21042.85714285713
-122.24,37.75,247100.0,286914.28571428574,-39814.28571428574
-117.99,34.14,153000.0,143200.0,9800.0
-118.22,34.05,155000.0,218114.2857142857,-63114.28571428571
-121.19,38.71,390800.0,162985.7142857143,227814.2857142857
-119.32,36.25,90000.0,73042.85714285714,16957.142857142855
-118.56,34.2,196700.0,213071.42857142858,-16371.42857142858
-116.21,33.75,68200.0,91242.85714285714,-23042.857142857145
-118.49,34.13,500001.0,484086.4285714286,15914.57142857142
-118.23,33.94,92100.0,139028.57142857142,-46928.57142857142
-122.48,37.7,297900.0,235871.42857142858,62028.57142857142
-117.87,33.62,500001.0,429528.85714285716,70472.14285714284
-122.53,38.32,332300.0,246271.42857142858,86028.57142857142
-122.22,38.15,171100.0,205957.14285714287,-34857.14285714287
-118.45,34.3,152100.0,162900.0,-10800.0
-122.46,37.72,232000.0,200114.2857142857,31885.71428571429
-120.98,37.66,127100.0,131814.2857142857,-4714.28571428571
-120.67,37.37,87500.0,118628.57142857143,-31128.571428571435
-118.01,33.89,203400.0,190085.7142857143,13314.28571428571
-121.97,36.97,228600.0,171885.7142857143,56714.28571428571
-118.25,33.98,116700.0,117542.85714285714,-842.8571428571449
-121.81,37.38,416700.0,484658.0,-67958.0
-118.36,33.89,227600.0,189714.2857142857,37885.71428571429
-117.28,33.1,267900.0,294514.28571428574,-26614.28571428574
-122.25,38.1,97200.0,129871.42857142857,-32671.428571428565
-118.15,34.15,137500.0,140057.14285714287,-2557.1428571428696
-118.27,34.08,198800.0,150628.57142857142,48171.42857142858
-119.31,36.39,68600.0,53357.142857142855,15242.857142857145
-122.07,37.39,352500.0,246528.57142857142,105971.42857142858
-118.27,34.0,103800.0,133071.42857142858,-29271.42857142858
-119.99,38.88,107800.0,121914.28571428571,-14114.28571428571
-121.2,38.7,131700.0,136600.0,-4900.0
-122.42,37.74,271300.0,359843.0,-88543.0
-117.29,34.14,97300.0,214957.14285714287,-117657.14285714287
-123.8,39.44,95000.0,108942.85714285714,-13942.857142857145
-122.7,38.35,67500.0,89642.85714285714,-22142.857142857145
-118.3,34.19,326100.0,382671.4285714286,-56571.42857142858
-116.09,34.15,65600.0,102757.14285714286,-37157.142857142855
-117.7,33.62,225600.0,205971.42857142858,19628.57142857142
-117.23,32.74,263800.0,260371.42857142858,3428.5714285714203
-118.45,34.0,348300.0,279171.4285714286,69128.57142857142
-118.42,34.0,325000.0,284542.85714285716,40457.14285714284
-118.31,34.02,108800.0,115242.85714285714,-6442.857142857145
-122.43,37.77,400000.0,280771.5714285714,119228.42857142858
-121.08,38.9,138400.0,121028.57142857143,17371.428571428565
-119.63,36.32,61000.0,79800.0,-18800.0
-122.35,37.53,453100.0,435343.0,17757.0
-118.4,33.88,500001.0,496029.4285714286,3971.5714285714203
-118.29,33.92,120200.0,174300.0,-54100.0
-118.36,33.89,329200.0,279314.28571428574,49885.71428571426
-118.15,33.79,196300.0,164200.0,32100.0
-117.38,33.97,150000.0,108171.42857142857,41828.571428571435
-118.03,34.07,152000.0,170442.85714285713,-18442.85714285713
-122.28,37.86,169900.0,163828.57142857142,6071.42857142858
-117.93,33.87,137500.0,148914.2857142857,-11414.28571428571
-118.12,33.94,283000.0,273600.0,9400.0
-117.18,32.7,404500.0,347986.0,56514.0
-117.01,32.81,193500.0,227700.0,-34200.0
-117.15,32.78,205100.0,227428.57142857142,-22328.57142857142
-121.27,38.69,145600.0,140228.57142857142,5371.42857142858
-121.7,38.65,225000.0,84728.57142857143,140271.42857142858
-122.82,38.4,215900.0,203014.2857142857,12885.71428571429
-118.17,34.08,158500.0,157814.2857142857,685.7142857142899
-121.79,38.0,124700.0,162471.42857142858,-37771.42857142858
-116.15,33.64,65400.0,102414.28571428571,-37014.28571428571
-118.91,34.28,280200.0,179114.2857142857,101085.71428571429
-118.14,34.03,180500.0,164100.0,16400.0
-117.4,34.08,105400.0,149028.57142857142,-43628.57142857142
-118.25,33.93,100000.0,135028.57142857142,-35028.57142857142
-117.03,32.79,166300.0,150728.57142857142,15571.42857142858
-120.43,34.89,158000.0,175014.2857142857,-17014.28571428571
-122.02,37.36,243800.0,244614.2857142857,-814.2857142857101
-122.28,37.9,362900.0,405728.85714285716,-42828.85714285716
-118.27,33.82,201900.0,187557.14285714287,14342.85714285713
-120.12,41.4,52600.0,67200.0,-14600.0
-118.39,34.05,500001.0,309771.4285714286,190229.57142857142
-118.25,33.97,112000.0,154642.85714285713,-42642.85714285713
-120.95,36.47,225000.0,203871.42857142858,21128.57142857142
-117.25,32.99,439900.0,399657.4285714286,40242.57142857142
-117.31,34.05,88300.0,191842.85714285713,-103542.85714285713
-122.22,37.44,500001.0,500001.0,0.0
-122.29,37.9,276800.0,208371.42857142858,68428.57142857142
-118.1,34.06,179200.0,155185.7142857143,24014.28571428571
-117.99,33.9,199700.0,197614.2857142857,2085.71428571429
-117.04,32.74,132000.0,155257.14285714287,-23257.14285714287
-118.09,33.77,61300.0,278085.71428571426,-216785.71428571426
-122.2,38.09,171900.0,253357.14285714287,-81457.14285714287
-120.76,38.47,123800.0,143671.42857142858,-19871.42857142858
-117.51,34.02,135300.0,181728.57142857142,-46428.57142857142
-117.3,34.18,137100.0,217242.85714285713,-80142.85714285713
-118.18,34.08,129300.0,158814.2857142857,-29514.28571428571
-119.0,34.19,227900.0,187871.42857142858,40028.57142857142
-121.35,38.4,94400.0,149914.2857142857,-55514.28571428571
-122.24,38.1,103500.0,187500.0,-84000.0
-117.18,32.69,320800.0,202271.42857142858,118528.57142857142
-119.08,34.17,125000.0,359671.71428571426,-234671.71428571426
-121.9,37.67,332400.0,308628.5714285714,23771.42857142858
-117.65,34.02,159100.0,153428.57142857142,5671.42857142858
-122.0,37.4,236900.0,262742.85714285716,-25842.85714285716
-118.05,33.71,461600.0,469686.4285714286,-8086.42857142858
-117.98,34.05,156900.0,147214.2857142857,9685.71428571429
-119.16,34.95,148200.0,111485.71428571429,36714.28571428571
-117.13,32.81,166500.0,163614.2857142857,2885.71428571429
-118.25,34.14,196900.0,230742.85714285713,-33842.85714285713
-118.26,34.08,167800.0,178857.14285714287,-11057.14285714287
-121.33,38.03,126700.0,97585.71428571429,29114.28571428571
-118.15,33.76,500001.0,371414.4285714286,128586.57142857142
-121.56,39.51,57900.0,70171.42857142857,-12271.428571428565
-121.96,37.41,238000.0,227185.7142857143,10814.28571428571
-116.92,32.79,142000.0,181614.2857142857,-39614.28571428571
-118.14,34.71,86900.0,154471.42857142858,-67571.42857142858
-121.7,39.36,56000.0,60085.71428571428,-4085.7142857142826
-118.44,33.88,500001.0,441286.0,58715.0
-117.08,32.68,112400.0,116157.14285714286,-3757.142857142855
-121.26,37.96,63600.0,77600.0,-14000.0
-122.28,37.5,431300.0,394614.4285714286,36685.57142857142
-118.28,34.07,265900.0,162285.7142857143,103614.28571428571
-120.38,36.76,58000.0,66357.14285714286,-8357.142857142855
-118.94,35.39,194100.0,304714.4285714286,-110614.42857142858
-117.87,33.86,142800.0,148028.57142857142,-5228.57142857142
-118.11,34.0,178700.0,154157.14285714287,24542.85714285713
-118.42,34.2,187500.0,216885.7142857143,-29385.71428571429
-117.85,33.77,225000.0,225357.14285714287,-357.1428571428696
-119.28,34.42,313000.0,280285.71428571426,32714.28571428574
-118.49,34.05,500001.0,500001.0,0.0
-118.08,33.89,153600.0,168028.57142857142,-14428.57142857142
-119.98,36.9,62300.0,73114.28571428571,-10814.28571428571
-116.38,33.74,194500.0,217714.2857142857,-23214.28571428571
-117.55,33.94,163900.0,188928.57142857142,-25028.57142857142
-122.26,38.36,398800.0,382300.28571428574,16499.71428571426
-122.11,37.14,204100.0,256985.7142857143,-52885.71428571429
-119.3,34.39,199300.0,233228.57142857142,-33928.57142857142
-118.13,34.16,176700.0,246571.42857142858,-69871.42857142858
-117.91,33.62,500001.0,489415.0,10586.0
-116.87,32.75,248900.0,206914.2857142857,41985.71428571429
-118.14,33.97,150000.0,138671.42857142858,11328.57142857142
-117.58,34.14,231700.0,152971.42857142858,78728.57142857142
-116.86,33.97,58000.0,120285.71428571429,-62285.71428571429
-120.16,39.04,126000.0,138800.0,-12800.0
-118.07,33.99,163300.0,168742.85714285713,-5442.85714285713
-120.99,37.8,113400.0,128514.28571428571,-15114.28571428571
-121.91,36.85,300000.0,214185.7142857143,85814.28571428571
-122.28,37.53,310900.0,299871.4285714286,11028.57142857142
-117.99,33.71,218800.0,216771.42857142858,2028.5714285714203
-119.75,36.77,70400.0,70842.85714285714,-442.85714285714494
-122.25,38.0,237700.0,279942.85714285716,-42242.85714285716
-117.0,32.74,118800.0,135642.85714285713,-16842.85714285713
-115.49,32.67,73100.0,62342.857142857145,10757.142857142855
-121.0,37.62,75000.0,76371.42857142857,-1371.4285714285652
-118.52,34.3,450700.0,381842.85714285716,68857.14285714284
-121.97,37.97,240200.0,290557.14285714284,-50357.14285714284
-115.38,32.82,65800.0,64271.42857142857,1528.5714285714275
-116.51,34.85,64700.0,87928.57142857143,-23228.571428571435
-118.18,33.87,175100.0,249428.7142857143,-74328.71428571429
-118.58,34.2,223700.0,214971.42857142858,8728.57142857142
-122.03,38.69,96300.0,146185.7142857143,-49885.71428571429
-122.42,37.6,405100.0,384742.85714285716,20357.14285714284
-122.3,37.53,376800.0,341285.71428571426,35514.28571428574
-117.31,32.82,500001.0,500001.0,0.0
-122.06,37.64,350000.0,199871.42857142858,150128.57142857142
-118.96,34.19,162500.0,164500.0,-2000.0
-117.91,33.87,177300.0,195771.42857142858,-18471.42857142858
-118.28,33.96,98400.0,100414.28571428571,-2014.2857142857101
-121.11,39.09,138800.0,105328.57142857143,33471.428571428565
-118.37,33.96,175000.0,203657.14285714287,-28657.14285714287
-122.01,36.97,260900.0,192228.57142857142,68671.42857142858
-118.18,36.63,104700.0,66057.14285714286,38642.857142857145
-117.92,33.8,159500.0,193357.14285714287,-33857.14285714287
-118.36,33.86,295900.0,263171.4285714286,32728.57142857142
-117.2,32.77,137500.0,139828.57142857142,-2328.5714285714203
-121.89,36.59,500001.0,351928.5714285714,148072.42857142858
-117.69,33.6,227000.0,225028.57142857142,1971.4285714285797
-118.24,34.22,263900.0,277385.71428571426,-13485.71428571426
-117.71,34.06,160400.0,195257.14285714287,-34857.14285714287
-118.31,33.94,142000.0,159471.42857142858,-17471.42857142858
-118.1,33.96,162500.0,171328.57142857142,-8828.57142857142
-118.36,33.9,230400.0,201057.14285714287,29342.85714285713
-122.2,37.43,500001.0,422800.14285714284,77200.85714285716
-121.99,37.32,217700.0,244071.42857142858,-26371.42857142858
-118.34,33.99,183000.0,308685.71428571426,-125685.71428571426
-121.88,37.43,245800.0,197371.42857142858,48428.57142857142
-122.71,38.42,129200.0,112071.42857142857,17128.571428571435
-120.06,36.98,60400.0,68600.0,-8200.0
-124.15,40.81,67500.0,77600.0,-10100.0
-121.9,36.97,295200.0,353271.71428571426,-58071.71428571426
-117.99,33.85,192600.0,211028.57142857142,-18428.57142857142
-118.09,34.01,150600.0,155200.0,-4600.0
-118.12,34.69,125700.0,199914.2857142857,-74214.28571428571
-121.62,39.13,63400.0,82428.57142857143,-19028.571428571435
-121.35,38.72,151300.0,204928.57142857142,-53628.57142857142
-118.64,34.19,245600.0,361842.85714285716,-116242.85714285716
-117.81,33.82,500001.0,497172.14285714284,2828.8571428571595
-118.28,33.8,165500.0,171114.2857142857,-5614.28571428571
-117.45,34.07,113500.0,143857.14285714287,-30357.14285714287
-122.55,37.79,322200.0,215557.14285714287,106642.85714285713
-118.39,34.09,362500.0,374500.0,-12000.0
-119.45,36.35,69600.0,76085.71428571429,-6485.71428571429
-118.21,33.94,156100.0,165685.7142857143,-9585.71428571429
-117.1,32.59,87500.0,108171.42857142857,-20671.428571428565
-118.07,33.8,193100.0,193714.2857142857,-614.2857142857101
-117.93,33.8,218000.0,198857.14285714287,19142.85714285713
-118.25,33.93,101800.0,129857.14285714286,-28057.142857142855
-118.31,34.0,129100.0,177142.85714285713,-48042.85714285713
-121.38,37.88,156300.0,121271.42857142857,35028.571428571435
-117.15,32.91,183200.0,179414.2857142857,3785.71428571429
-118.19,33.95,148100.0,153514.2857142857,-5414.28571428571
-118.34,34.08,500001.0,500001.0,0.0
-117.94,33.65,222100.0,262728.5714285714,-40628.57142857142
-118.2,34.12,167600.0,170757.14285714287,-3157.1428571428696
-118.25,34.14,184500.0,194614.2857142857,-10114.28571428571
-122.44,37.76,370000.0,366771.71428571426,3228.2857142857392
-122.47,37.71,239400.0,257214.2857142857,-17814.28571428571
-118.08,33.97,166700.0,161571.42857142858,5128.57142857142
-118.12,34.06,233300.0,238242.85714285713,-4942.85714285713
-122.01,36.97,240000.0,284571.4285714286,-44571.42857142858
-119.94,38.95,91300.0,119414.28571428571,-28114.28571428571
-118.51,34.24,483500.0,475729.28571428574,7770.714285714261
-118.16,34.0,150500.0,160214.2857142857,-9714.28571428571
-120.94,37.58,99500.0,107842.85714285714,-8342.857142857145
-118.39,34.18,240200.0,192614.2857142857,47585.71428571429
-122.16,37.76,95500.0,135142.85714285713,-39642.85714285713
-117.92,33.61,500001.0,500001.0,0.0
-118.06,34.09,251600.0,206871.42857142858,44728.57142857142
-116.96,32.8,120800.0,129142.85714285714,-8342.857142857145
-121.31,38.67,135700.0,126614.28571428571,9085.71428571429
-118.59,34.21,225400.0,249714.2857142857,-24314.28571428571
-118.42,34.14,500001.0,401971.4285714286,98029.57142857142
-120.49,40.31,85100.0,126757.14285714286,-41657.142857142855
-118.84,34.11,500001.0,328900.0,171101.0
-118.19,33.95,164800.0,160742.85714285713,4057.1428571428696
-121.27,38.67,111600.0,129128.57142857143,-17528.571428571435
-121.34,38.64,161000.0,137500.0,23500.0
-121.78,37.97,213700.0,259900.0,-46200.0
-120.25,38.03,116500.0,132114.2857142857,-15614.28571428571
-121.98,37.14,350000.0,452686.28571428574,-102686.28571428574
-118.34,33.93,159900.0,212857.14285714287,-52957.14285714287
-118.28,34.11,438300.0,202571.42857142858,235728.57142857142
-122.32,38.01,171100.0,180100.0,-9000.0
-118.32,33.79,271100.0,238128.57142857142,32971.42857142858
-119.55,34.38,500001.0,210700.0,289301.0
-121.02,37.6,68000.0,104485.71428571429,-36485.71428571429
-118.48,34.2,191700.0,202185.7142857143,-10485.71428571429
-118.03,33.77,255900.0,253571.42857142858,2328.5714285714203
-118.2,34.06,112500.0,123700.0,-11200.0
-117.02,32.81,182200.0,183814.2857142857,-1614.2857142857101
-122.23,37.84,347600.0,372842.85714285716,-25242.85714285716
-121.95,37.25,332000.0,286614.28571428574,45385.71428571426
-120.98,37.79,110900.0,99000.0,11900.0
-118.4,34.2,211900.0,206471.42857142858,5428.57142857142
-118.51,34.2,262500.0,271357.14285714284,-8857.14285714284
-119.12,34.38,237900.0,235928.57142857142,1971.4285714285797
-118.25,33.93,90000.0,172528.57142857142,-82528.57142857142
-118.38,33.83,427200.0,317428.5714285714,109771.42857142858
-117.25,32.94,370500.0,284742.85714285716,85757.14285714284
-121.79,39.73,116300.0,132314.2857142857,-16014.28571428571
-118.0,33.88,170800.0,154300.0,16500.0
-118.49,34.28,285500.0,327685.71428571426,-42185.71428571426
-117.4,33.95,111500.0,173785.7142857143,-62285.71428571429
-120.08,36.72,83200.0,105071.42857142857,-21871.428571428565
-122.06,37.54,248200.0,248657.14285714287,-457.1428571428696
-122.25,37.49,395500.0,295857.14285714284,99642.85714285716
-118.31,34.17,218300.0,190857.14285714287,27442.85714285713
-122.1,37.39,500001.0,441471.85714285716,58529.14285714284
-121.49,39.49,88900.0,122014.28571428571,-33114.28571428571
-122.08,37.69,181000.0,145200.0,35800.0
-119.83,34.45,280900.0,341600.0,-60700.0
-118.37,34.05,345300.0,262400.14285714284,82899.85714285716
-117.93,34.04,181000.0,193357.14285714287,-12357.14285714287
-118.02,33.94,192200.0,210800.0,-18600.0
-121.09,39.48,78100.0,65871.42857142857,12228.571428571435
-121.01,37.64,75000.0,93714.28571428571,-18714.28571428571
-122.12,37.88,433300.0,453914.85714285716,-20614.85714285716
-117.97,34.1,160100.0,176800.0,-16700.0
-117.22,33.74,109200.0,177657.14285714287,-68457.14285714287
-121.42,38.7,96200.0,132571.42857142858,-36371.42857142858
-121.27,38.87,191400.0,190857.14285714287,542.8571428571304
-120.1,39.19,360000.0,192942.85714285713,167057.14285714287
-122.79,38.42,185600.0,221585.7142857143,-35985.71428571429
-117.01,33.97,118800.0,120942.85714285714,-2142.857142857145
-122.23,37.79,122700.0,106328.57142857143,16371.428571428565
-117.55,34.14,206300.0,203914.2857142857,2385.71428571429
-117.46,34.06,195600.0,161414.2857142857,34185.71428571429
-117.13,32.7,75600.0,100485.71428571429,-24885.71428571429
-122.35,40.25,104300.0,108585.71428571429,-4285.71428571429
-118.35,34.13,385900.0,286128.5714285714,99771.42857142858
-117.07,32.74,113900.0,117157.14285714286,-3257.142857142855
-122.36,37.94,79400.0,114528.57142857143,-35128.571428571435
-119.85,36.77,81300.0,72600.0,8700.0
-118.36,33.96,129200.0,216771.42857142858,-87571.42857142858
-122.64,38.87,73500.0,97242.85714285714,-23742.857142857145
-122.03,38.01,175900.0,171814.2857142857,4085.71428571429
-118.44,34.27,142400.0,168771.42857142858,-26371.42857142858
-118.35,34.05,234100.0,244457.14285714287,-10357.14285714287
-122.28,37.53,286700.0,271128.5714285714,15571.42857142858
-121.54,38.29,92500.0,118014.28571428571,-25514.28571428571
-116.91,32.82,170100.0,148671.42857142858,21428.57142857142
-121.83,36.62,161800.0,214828.57142857142,-53028.57142857142
-118.11,33.83,225300.0,286385.71428571426,-61085.71428571426
-118.35,33.93,170600.0,149257.14285714287,21342.85714285713
-118.39,34.03,319400.0,261800.0,57600.0
-119.27,35.51,95800.0,95500.0,300.0
-116.87,33.94,73400.0,91442.85714285714,-18042.857142857145
-121.24,40.31,93600.0,89385.71428571429,4214.28571428571
-119.79,36.84,51700.0,55414.28571428572,-3714.2857142857174
-118.47,33.99,358700.0,247828.57142857142,110871.42857142858
-119.82,36.79,64700.0,90300.0,-25600.0
-117.24,33.05,344200.0,268700.0,75500.0
-122.57,38.02,314000.0,314242.85714285716,-242.8571428571595
-118.38,34.03,185700.0,148614.2857142857,37085.71428571429
-122.03,37.94,279300.0,262257.14285714284,17042.85714285716
-122.28,37.85,119400.0,207528.7142857143,-88128.71428571429
-121.96,37.28,280400.0,286100.0,-5700.0
-121.7,37.91,187100.0,220042.85714285713,-32942.85714285713
-123.52,41.01,83800.0,75042.85714285714,8757.142857142855
-118.15,34.11,309300.0,267300.0,42000.0
-122.17,38.08,229200.0,257585.7142857143,-28385.71428571429
-122.02,36.99,245000.0,231042.85714285713,13957.14285714287
-118.13,33.83,227600.0,322000.14285714284,-94400.14285714284
-118.42,34.05,500001.0,428943.14285714284,71057.85714285716
-121.12,35.58,320800.0,237314.2857142857,83485.71428571429
-121.28,38.68,147300.0,155614.2857142857,-8314.28571428571
-116.98,32.74,162300.0,191042.85714285713,-28742.85714285713
-117.68,33.6,265900.0,297842.85714285716,-31942.85714285716
-118.43,33.87,500001.0,401914.5714285714,98086.42857142858
-117.16,32.89,189100.0,150842.85714285713,38257.14285714287
-116.91,32.78,316400.0,334585.71428571426,-18185.71428571426
-118.39,34.23,181900.0,191485.7142857143,-9585.71428571429
-117.16,32.74,261500.0,229771.42857142858,31728.57142857142
-117.33,34.12,69000.0,74257.14285714286,-5257.142857142855
-122.39,37.72,181300.0,161600.0,19700.0
-118.36,33.87,293000.0,293800.0,-800.0
-117.3,34.18,111100.0,151728.57142857142,-40628.57142857142
-118.14,33.86,218300.0,277800.0,-59500.0
-118.2,34.04,147200.0,134542.85714285713,12657.14285714287
-119.11,34.17,243800.0,182442.85714285713,61357.14285714287
-117.85,34.11,223000.0,203842.85714285713,19157.14285714287
-117.97,34.11,137500.0,290057.28571428574,-152557.28571428574
-122.36,40.69,60600.0,69385.71428571429,-8785.71428571429
-117.76,35.22,275000.0,145328.57142857142,129671.42857142858
-119.7,34.42,350000.0,144000.0,206000.0
-118.38,34.21,171200.0,142814.2857142857,28385.71428571429
-122.18,37.74,83500.0,138642.85714285713,-55142.85714285713
-118.29,33.72,225000.0,245271.57142857142,-20271.57142857142
-121.92,37.32,165600.0,187400.0,-21800.0
-118.45,34.28,152000.0,155400.0,-3400.0
-122.39,37.73,192000.0,196200.0,-4200.0
-117.04,32.81,254200.0,280928.5714285714,-26728.57142857142
-118.06,34.71,150000.0,116700.0,33300.0
-118.06,33.8,212500.0,193528.57142857142,18971.42857142858
-122.42,40.63,80400.0,71314.28571428571,9085.71428571429
-122.08,37.62,206500.0,280542.85714285716,-74042.85714285716
-122.53,37.5,331100.0,336714.28571428574,-5614.285714285739
-118.56,34.19,201400.0,339885.71428571426,-138485.71428571426
-121.36,38.42,188400.0,187657.14285714287,742.8571428571304
-117.78,33.71,195400.0,238114.42857142858,-42714.42857142858
-121.99,37.26,442500.0,379100.0,63400.0
-120.47,34.7,152700.0,189728.57142857142,-37028.57142857142
-118.43,34.14,500001.0,500001.0,0.0
-118.09,33.82,239800.0,267500.0,-27700.0
-120.89,37.48,159400.0,122514.28571428571,36885.71428571429
-116.31,33.67,91800.0,143100.0,-51300.0
-122.43,37.73,240900.0,342328.5714285714,-101428.57142857142
-117.74,34.09,136400.0,159785.7142857143,-23385.71428571429
-117.1,32.69,103600.0,126285.71428571429,-22685.71428571429
-121.29,38.12,132500.0,172571.42857142858,-40071.42857142858
-122.31,37.56,292900.0,167085.7142857143,125814.28571428571
-116.01,33.41,62800.0,150100.0,-87300.0
-122.34,37.93,112100.0,136100.0,-24000.0
-118.96,35.4,89100.0,110600.0,-21500.0
-117.02,33.76,120700.0,127642.85714285714,-6942.857142857145
-122.44,37.78,471400.0,428157.5714285714,43242.42857142858
-118.15,34.13,314700.0,323043.0,-8343.0
-118.14,33.93,226400.0,270071.5714285714,-43671.57142857142
-117.17,32.7,409700.0,209857.14285714287,199842.85714285713
-118.05,33.94,149000.0,105985.71428571429,43014.28571428571
-119.69,36.73,171700.0,188928.57142857142,-17228.57142857142
-122.1,37.96,235500.0,316428.5714285714,-80928.57142857142
-117.68,33.52,322800.0,332700.28571428574,-9900.28571428574
-122.0,37.32,244500.0,258300.0,-13800.0
-117.29,33.63,162200.0,192600.0,-30400.0
-122.06,37.88,340900.0,425214.28571428574,-84314.28571428574
-118.99,35.37,57400.0,51785.71428571428,5614.285714285717
-118.37,34.18,198900.0,224185.7142857143,-25285.71428571429
-122.27,37.83,109700.0,268714.28571428574,-159014.28571428574
-118.29,34.01,137500.0,113414.28571428571,24085.71428571429
-117.66,35.62,85700.0,142071.42857142858,-56371.42857142858
-121.53,39.19,98300.0,89942.85714285714,8357.142857142855
-117.95,33.92,178200.0,160542.85714285713,17657.14285714287
-122.0,37.0,137500.0,288400.14285714284,-150900.14285714284
-122.42,37.75,275000.0,372114.28571428574,-97114.28571428574
-117.96,33.9,381500.0,290042.85714285716,91457.14285714284
-118.4,33.89,500001.0,482800.85714285716,17200.14285714284
-117.25,32.84,500001.0,464700.5714285714,35300.42857142858
-120.12,39.18,179200.0,175414.2857142857,3785.71428571429
-121.1,35.6,204500.0,206285.7142857143,-1785.7142857142899
-118.24,34.24,394100.0,387114.4285714286,6985.57142857142
-117.99,33.75,184400.0,190371.42857142858,-5971.42857142858
-122.1,37.68,174000.0,179785.7142857143,-5785.71428571429
-120.79,37.43,80700.0,102985.71428571429,-22285.71428571429
-122.06,37.96,189600.0,194614.2857142857,-5014.28571428571
-119.83,36.54,60000.0,79000.0,-19000.0
-118.22,33.89,126600.0,126471.42857142857,128.5714285714348
-117.99,33.67,262500.0,182828.57142857142,79671.42857142858
-122.21,37.79,139200.0,124442.85714285714,14757.142857142855
-119.8,36.7,51300.0,59528.57142857143,-8228.571428571428
-118.65,34.27,229200.0,253200.0,-24000.0
-119.77,36.83,101100.0,116114.28571428571,-15014.28571428571
-118.15,34.71,97700.0,167842.85714285713,-70142.85714285713
-118.22,34.07,158300.0,114528.57142857143,43771.428571428565
-122.04,37.89,349100.0,415085.85714285716,-65985.85714285716
-119.77,36.81,85500.0,87642.85714285714,-2142.857142857145
-118.14,33.87,214100.0,270457.14285714284,-56357.14285714284
-118.13,33.81,227100.0,215228.57142857142,11871.42857142858
-116.92,32.82,155700.0,164842.85714285713,-9142.85714285713
-124.14,40.59,66800.0,70057.14285714286,-3257.142857142855
-117.93,34.07,207300.0,273457.14285714284,-66157.14285714284
-121.37,37.77,222800.0,177257.14285714287,45542.85714285713
-122.43,37.77,354500.0,341885.71428571426,12614.28571428574
-118.47,34.03,340500.0,312357.14285714284,28142.85714285716
-119.06,36.15,52900.0,65500.0,-12600.0
-122.3,37.86,140600.0,241271.57142857142,-100671.57142857142
-117.95,34.04,150800.0,180457.14285714287,-29657.14285714287
-120.08,41.79,56100.0,63314.28571428572,-7214.285714285717
-121.91,37.69,259600.0,270800.0,-11200.0
-118.32,33.83,318900.0,300385.85714285716,18514.14285714284
-118.33,33.93,148400.0,238442.85714285713,-90042.85714285713
-117.97,33.99,289900.0,256100.0,33800.0
-117.92,33.89,161800.0,212028.57142857142,-50228.57142857142
-118.3,33.74,255000.0,202300.0,52700.0
-121.3,38.02,87500.0,150428.57142857142,-62928.57142857142
-117.93,33.94,245000.0,307171.4285714286,-62171.42857142858
-118.42,34.01,305000.0,192628.57142857142,112371.42857142858
-118.15,34.13,215000.0,210900.0,4100.0
-117.17,32.75,249000.0,276928.71428571426,-27928.71428571426
-118.42,34.08,500001.0,500001.0,0.0
-118.43,33.99,320000.0,144371.42857142858,175628.57142857142
-118.04,33.95,174000.0,201171.42857142858,-27171.42857142858
-121.93,37.3,292500.0,242285.7142857143,50214.28571428571
-117.26,32.82,500001.0,500001.0,0.0
-122.23,37.76,289900.0,370771.71428571426,-80871.71428571426
-122.13,37.43,438400.0,304271.4285714286,134128.57142857142
-118.28,34.08,182000.0,174685.7142857143,7314.28571428571
-118.33,34.02,170500.0,204728.57142857142,-34228.57142857142
-119.82,36.78,69200.0,74814.28571428571,-5614.28571428571
-117.07,32.67,95600.0,148728.57142857142,-53128.57142857142
-117.83,33.66,272800.0,319214.28571428574,-46414.28571428574
-121.84,38.13,81300.0,172157.14285714287,-90857.14285714287
-122.5,37.75,272400.0,279628.5714285714,-7228.57142857142
-120.48,35.05,152600.0,143100.0,9500.0
-121.25,37.94,55900.0,86000.0,-30100.0
-117.82,33.85,213500.0,210300.0,3200.0
-121.52,38.65,331300.0,143057.14285714287,188242.85714285713
-118.0,33.81,201800.0,203885.7142857143,-2085.71428571429
-119.81,36.76,57100.0,62471.42857142857,-5371.4285714285725
-118.33,34.15,331800.0,300842.85714285716,30957.14285714284
-118.01,34.13,365900.0,216485.7142857143,149414.2857142857
-121.27,37.82,127500.0,117271.42857142857,10228.571428571435
-119.57,37.02,111800.0,90871.42857142857,20928.571428571435
-122.46,37.64,353700.0,229028.57142857142,124671.42857142858
-119.23,34.27,229300.0,255300.0,-26000.0
-118.25,33.93,87500.0,102000.0,-14500.0
-118.31,33.88,237500.0,239600.14285714287,-2100.1428571428696
-122.36,40.55,113300.0,86557.14285714286,26742.857142857145
-117.39,34.1,112500.0,170800.0,-58300.0
-118.09,34.7,138500.0,138014.2857142857,485.7142857142899
-117.25,32.81,307400.0,276414.28571428574,30985.71428571426
-118.24,33.89,100900.0,154442.85714285713,-53542.85714285713
-121.78,38.68,97800.0,84100.0,13700.0
-118.3,34.25,176700.0,259757.14285714287,-83057.14285714287
-121.85,36.6,218000.0,241157.14285714287,-23157.14285714287
-122.09,37.4,290600.0,188628.57142857142,101971.42857142858
-118.06,33.91,157700.0,187300.0,-29600.0
-117.64,33.59,348000.0,344414.28571428574,3585.7142857142608
-121.24,37.97,67200.0,71057.14285714286,-3857.142857142855
-118.07,34.14,260400.0,220385.7142857143,40014.28571428571
-120.8,38.31,123600.0,116585.71428571429,7014.28571428571
-119.63,36.33,67500.0,66514.28571428571,985.7142857142899
-121.22,38.67,130700.0,159157.14285714287,-28457.14285714287
-122.31,40.47,66000.0,70542.85714285714,-4542.857142857145
-122.03,37.99,166600.0,210742.85714285713,-44142.85714285713
-117.26,33.18,225600.0,209071.42857142858,16528.57142857142
-118.23,34.15,257100.0,189328.57142857142,67771.42857142858
-117.81,33.64,500001.0,492557.71428571426,7443.285714285739
-118.21,33.89,113900.0,173828.57142857142,-59928.57142857142
-117.53,33.88,91000.0,135014.2857142857,-44014.28571428571
-121.26,38.64,217400.0,171485.7142857143,45914.28571428571
-117.1,34.03,96000.0,129714.28571428571,-33714.28571428571
-120.55,38.46,129200.0,122814.28571428571,6385.71428571429
-117.98,33.69,350200.0,300700.0,49500.0
-117.81,33.64,442100.0,492843.5714285714,-50743.57142857142
-116.77,32.82,222900.0,135871.42857142858,87028.57142857142
-120.98,37.62,81300.0,94771.42857142857,-13471.428571428565
-117.89,33.74,160600.0,159642.85714285713,957.1428571428696
-118.76,34.13,500001.0,314000.14285714284,186000.85714285716
-118.57,34.29,341200.0,275257.14285714284,65942.85714285716
-118.93,34.18,287900.0,251528.57142857142,36371.42857142858
-122.05,37.37,344700.0,359971.4285714286,-15271.42857142858
-117.96,33.81,180000.0,183514.2857142857,-3514.28571428571
-117.59,33.66,167800.0,228771.57142857142,-60971.57142857142
-116.46,33.78,55000.0,82971.42857142857,-27971.428571428565
-118.98,35.38,50800.0,52185.71428571428,-1385.7142857142826
-117.93,33.74,142600.0,248085.7142857143,-105485.71428571429
-121.83,37.3,235800.0,281700.0,-45900.0
-122.22,38.11,112700.0,170428.57142857142,-57728.57142857142
-118.2,33.8,210200.0,260371.42857142858,-50171.42857142858
-121.48,36.49,210700.0,123385.71428571429,87314.28571428571
-121.47,38.53,65400.0,79242.85714285714,-13842.857142857145
-118.19,33.78,162500.0,207571.42857142858,-45071.42857142858
-117.97,34.14,150300.0,217614.2857142857,-67314.28571428571
-118.4,34.05,500001.0,430243.4285714286,69757.57142857142
-122.19,37.77,101400.0,118357.14285714286,-16957.142857142855
-118.52,34.18,221800.0,258685.7142857143,-36885.71428571429
-121.57,37.0,260300.0,240142.85714285713,20157.14285714287
-117.86,33.78,178800.0,186871.42857142858,-8071.42857142858
-118.37,34.2,170400.0,147228.57142857142,23171.42857142858
-118.49,34.28,319400.0,345600.0,-26200.0
-121.4,36.38,190600.0,198485.7142857143,-7885.71428571429
-117.3,33.22,184100.0,170228.57142857142,13871.42857142858
-118.53,34.2,191100.0,180871.42857142858,10228.57142857142
-118.31,33.95,149600.0,252357.14285714287,-102757.14285714287
-122.2,37.43,500001.0,340628.71428571426,159372.28571428574
-118.09,33.94,183400.0,191242.85714285713,-7842.85714285713
-117.07,33.07,444100.0,340257.14285714284,103842.85714285716
-122.41,37.62,242700.0,222500.0,20200.0
-117.4,34.0,76200.0,91071.42857142857,-14871.428571428565
-122.35,37.98,132900.0,197128.57142857142,-64228.57142857142
-118.22,34.19,409800.0,294257.14285714284,115542.85714285716
-121.28,38.55,112500.0,161400.14285714287,-48900.14285714287
-122.11,37.44,376600.0,280400.0,96200.0
-121.26,37.97,50500.0,91528.57142857143,-41028.571428571435
-118.48,34.16,500001.0,406557.28571428574,93443.71428571426
-122.03,37.62,209500.0,216228.57142857142,-6728.57142857142
-121.67,40.87,77800.0,79514.28571428571,-1714.2857142857101
-119.22,34.28,299700.0,287085.71428571426,12614.28571428574
-118.29,34.36,375000.0,203214.2857142857,171785.7142857143
-117.06,32.57,156500.0,124642.85714285714,31857.142857142855
-121.94,37.28,240000.0,231485.7142857143,8514.28571428571
-122.12,39.91,77200.0,89042.85714285714,-11842.857142857145
-118.92,36.04,98500.0,86928.57142857143,11571.428571428565
-122.41,37.8,500001.0,352028.5714285714,147972.42857142858
-121.43,37.74,110400.0,176571.42857142858,-66171.42857142858
-120.37,36.13,86400.0,109814.28571428571,-23414.28571428571
-118.3,34.09,230400.0,225242.85714285713,5157.14285714287
-117.96,34.14,163900.0,180985.7142857143,-17085.71428571429
-122.11,37.38,500001.0,430257.28571428574,69743.71428571426
-121.03,40.35,49500.0,104942.85714285714,-55442.857142857145
-118.07,34.58,107400.0,174900.0,-67500.0
-121.84,36.25,362500.0,278457.14285714284,84042.85714285716
-118.16,34.04,145000.0,135142.85714285713,9857.14285714287
-121.93,37.34,218500.0,214957.14285714287,3542.8571428571304
-117.99,34.12,130100.0,155614.2857142857,-25514.28571428571
-118.07,33.89,146000.0,156857.14285714287,-10857.14285714287
-121.79,38.67,152500.0,114142.85714285714,38357.142857142855
-122.31,37.52,457200.0,380500.28571428574,76699.71428571426
-121.82,37.98,165200.0,164828.57142857142,371.42857142857974
-118.42,34.02,394700.0,330171.71428571426,64528.28571428574
-117.09,32.55,144400.0,144757.14285714287,-357.1428571428696
-121.39,38.61,136600.0,97828.57142857143,38771.428571428565
-122.02,38.38,216400.0,222857.14285714287,-6457.14285714287
-121.16,37.73,139000.0,140542.85714285713,-1542.8571428571304
-121.63,39.16,103800.0,131371.42857142858,-27571.42857142858
-118.38,33.81,488500.0,395557.28571428574,92942.71428571426
-117.26,33.09,227100.0,179728.57142857142,47371.42857142858
-117.63,33.63,238000.0,211371.42857142858,26628.57142857142
-118.31,34.27,215600.0,312671.4285714286,-97071.42857142858
-122.21,37.84,292300.0,375185.85714285716,-82885.85714285716
-117.09,32.64,145900.0,189314.2857142857,-43414.28571428571
-117.16,33.57,187300.0,228014.2857142857,-40714.28571428571
-121.02,39.01,185400.0,162914.2857142857,22485.71428571429
-118.25,34.16,280000.0,216900.0,63100.0
-118.21,33.94,141100.0,136642.85714285713,4457.14285714287
-122.09,37.68,190900.0,118042.85714285714,72857.14285714286
-117.37,34.07,262500.0,217585.85714285713,44914.14285714287
-122.49,37.86,442000.0,435014.71428571426,6985.285714285739
-118.88,34.22,274800.0,273200.0,1600.0
-117.3,34.15,85500.0,86385.71428571429,-885.7142857142899
-122.01,37.58,231800.0,264642.85714285716,-32842.85714285716
-118.71,34.29,302000.0,298857.14285714284,3142.8571428571595
-118.62,34.2,235800.0,255985.7142857143,-20185.71428571429
-122.25,39.79,72200.0,95314.28571428571,-23114.28571428571
-121.82,37.35,182400.0,172414.2857142857,9985.71428571429
-122.42,37.8,500001.0,413328.85714285716,86672.14285714284
-121.83,39.72,78700.0,65100.0,13600.0
-118.45,34.19,181300.0,183514.2857142857,-2214.28571428571
-117.84,34.13,198000.0,229600.0,-31600.0
-118.34,33.92,199600.0,194842.85714285713,4757.14285714287
-120.04,36.93,63300.0,82828.57142857143,-19528.571428571435
-118.94,37.13,94000.0,125142.85714285714,-31142.857142857145
-119.19,34.17,186800.0,196714.2857142857,-9914.28571428571
-117.05,32.72,117000.0,143957.14285714287,-26957.14285714287
-121.87,38.02,117800.0,137528.57142857142,-19728.57142857142
-117.03,34.02,121000.0,125728.57142857143,-4728.571428571435
-118.39,34.03,230900.0,225628.57142857142,5271.42857142858
-122.43,37.76,427300.0,389585.85714285716,37714.14285714284
-116.87,33.57,128100.0,143028.57142857142,-14928.57142857142
-117.77,33.53,384700.0,247100.14285714287,137599.85714285713
-122.43,37.71,290400.0,234614.2857142857,55785.71428571429
-117.1,32.75,91300.0,146157.14285714287,-54857.14285714287
-120.06,36.95,61900.0,70642.85714285714,-8742.857142857145
-119.01,34.23,232200.0,216357.14285714287,15842.85714285713
-121.35,38.7,129600.0,225300.0,-95700.0
-117.42,34.08,127500.0,146471.42857142858,-18971.42857142858
-117.86,33.73,150500.0,155442.85714285713,-4942.85714285713
-117.16,32.8,187500.0,126442.85714285714,61057.142857142855
-118.07,33.67,437900.0,414614.4285714286,23285.57142857142
-118.14,34.68,126500.0,237914.2857142857,-111414.28571428571
-122.55,37.9,453400.0,445186.28571428574,8213.71428571426
-121.87,37.67,229400.0,217342.85714285713,12057.14285714287
-122.27,37.51,364900.0,308514.28571428574,56385.71428571426
-122.68,38.43,191900.0,220342.85714285713,-28442.85714285713
-118.23,33.95,87500.0,122357.14285714286,-34857.142857142855
-119.45,35.07,30000.0,217571.42857142858,-187571.42857142858
-117.91,33.63,335700.0,284228.71428571426,51471.28571428574
-122.49,38.29,242100.0,225914.2857142857,16185.71428571429
-118.43,34.23,173700.0,218300.0,-44600.0
-119.22,36.31,54100.0,64028.57142857143,-9928.571428571428
-120.84,35.33,207800.0,210514.2857142857,-2714.28571428571
-115.64,32.75,112500.0,65385.71428571428,47114.28571428572
-117.91,34.1,166700.0,181742.85714285713,-15042.85714285713
-122.3,37.56,271800.0,244942.85714285713,26857.14285714287
-117.06,32.57,141100.0,163500.0,-22400.0
-118.05,34.02,375000.0,151000.0,224000.0
-118.39,34.23,161600.0,129185.71428571429,32414.28571428571
-117.99,33.88,159400.0,223828.57142857142,-64428.57142857142
-121.28,37.83,86300.0,121885.71428571429,-35585.71428571429
-121.99,36.98,256300.0,268271.4285714286,-11971.42857142858
-118.53,34.21,213200.0,198614.2857142857,14585.71428571429
-117.85,33.85,254100.0,234200.0,19900.0
-117.24,33.95,132600.0,151900.0,-19300.0
-117.32,33.23,169300.0,185171.57142857142,-15871.57142857142
-122.43,37.75,347700.0,365271.4285714286,-17571.42857142858
-117.98,34.1,159700.0,169214.2857142857,-9514.28571428571
-120.1,36.96,90900.0,118042.85714285714,-27142.857142857145
-118.17,33.83,290500.0,284985.71428571426,5514.285714285739
-117.85,34.1,189900.0,270471.4285714286,-80571.42857142858
-118.36,34.13,495600.0,494600.85714285716,999.1428571428405
-122.21,37.83,333300.0,429900.14285714284,-96600.14285714284
-121.75,37.69,183800.0,244085.7142857143,-60285.71428571429
-117.95,34.08,189000.0,174457.14285714287,14542.85714285713
-121.48,38.58,157500.0,116885.71428571429,40614.28571428571
-119.78,36.3,66600.0,61742.857142857145,4857.142857142855
-117.26,34.24,132400.0,161957.14285714287,-29557.14285714287
-118.23,34.11,156000.0,168814.2857142857,-12814.28571428571
-118.46,34.04,348100.0,257000.0,91100.0
-121.92,36.61,226400.0,245457.14285714287,-19057.14285714287
-118.05,36.64,74200.0,81457.14285714286,-7257.142857142855
-117.75,33.71,158300.0,187514.2857142857,-29214.28571428571
-122.07,37.36,500001.0,500001.0,0.0
-118.13,33.89,165500.0,233014.2857142857,-67514.28571428571
-121.95,37.31,329500.0,356842.85714285716,-27342.85714285716
-117.1,32.76,139600.0,183042.85714285713,-43442.85714285713
-117.04,32.6,152900.0,155200.0,-2300.0
-118.11,33.77,367300.0,276485.71428571426,90814.28571428574
-122.04,39.72,70000.0,81385.71428571429,-11385.71428571429
-118.28,33.93,97400.0,160071.42857142858,-62671.42857142858
-121.62,39.12,65900.0,91085.71428571429,-25185.71428571429
-118.99,35.36,49300.0,52557.142857142855,-3257.142857142855
-117.89,34.01,154100.0,166857.14285714287,-12757.14285714287
-118.35,33.91,272800.0,200271.42857142858,72528.57142857142
-118.32,34.17,247100.0,319085.71428571426,-71985.71428571426
-122.27,37.87,268800.0,127042.85714285714,141757.14285714284
-118.12,34.05,247600.0,179871.42857142858,67728.57142857142
-118.31,33.77,416800.0,321471.4285714286,95328.57142857142
-121.3,38.65,121600.0,93785.71428571429,27814.28571428571
-118.2,33.96,171700.0,157671.42857142858,14028.57142857142
-118.85,34.18,173800.0,197414.2857142857,-23614.28571428571
-118.04,33.75,235600.0,290285.85714285716,-54685.85714285716
-118.09,34.15,260100.0,256542.85714285713,3557.1428571428696
-118.28,34.1,200000.0,123414.28571428571,76585.71428571429
-118.11,33.94,296600.0,248114.2857142857,48485.71428571429
-121.51,37.02,374600.0,275314.28571428574,99285.71428571426
-122.31,37.91,177800.0,313300.14285714284,-135500.14285714284
-117.87,34.15,269500.0,296014.28571428574,-26514.28571428574
-120.36,36.14,62000.0,68671.42857142857,-6671.428571428565
-118.28,34.25,197600.0,228542.85714285713,-30942.85714285713
-121.27,37.96,52700.0,87471.42857142857,-34771.428571428565
-117.98,33.8,191400.0,190271.42857142858,1128.5714285714203
-122.49,37.74,317700.0,326914.28571428574,-9214.28571428574
-118.29,33.8,329400.0,252171.42857142858,77228.57142857142
-118.4,33.96,330700.0,332528.71428571426,-1828.7142857142608
-118.41,34.3,187400.0,218800.0,-31400.0
-118.06,34.16,286500.0,177457.14285714287,109042.85714285713
-116.43,33.75,500001.0,161985.7142857143,338015.2857142857
-121.78,38.01,133900.0,183042.85714285713,-49142.85714285713
-118.53,34.22,199800.0,271471.4285714286,-71671.42857142858
-114.63,32.76,45000.0,64457.142857142855,-19457.142857142855
-122.02,37.3,354600.0,309885.71428571426,44714.28571428574
-118.42,33.99,263800.0,225371.42857142858,38428.57142857142
-118.01,34.12,278400.0,201614.2857142857,76785.71428571429
-118.19,33.8,160400.0,164585.7142857143,-4185.71428571429
-117.97,33.92,241300.0,295942.85714285716,-54642.85714285716
-120.84,38.63,208300.0,220657.14285714287,-12357.14285714287
-121.9,37.27,263600.0,257300.0,6300.0
-116.92,32.85,145000.0,236343.0,-91343.0
-123.04,38.49,132500.0,216814.2857142857,-84314.28571428571
-118.18,34.11,183800.0,221414.2857142857,-37614.28571428571
-119.85,36.75,81100.0,84600.0,-3500.0
-118.43,34.23,176500.0,194100.0,-17600.0
-118.27,34.16,255500.0,192900.0,62600.0
-118.13,33.88,166100.0,208257.14285714287,-42157.14285714287
-121.31,38.71,102000.0,158000.0,-56000.0
-117.31,34.14,86100.0,103457.14285714286,-17357.142857142855
-122.4,40.51,100600.0,70500.0,30100.0
-122.45,37.77,500000.0,306785.71428571426,193214.28571428574
-118.2,33.81,209900.0,297857.28571428574,-87957.28571428574
-121.28,37.95,52500.0,70814.28571428571,-18314.28571428571
-118.34,34.2,262900.0,270357.14285714284,-7457.1428571428405
-119.82,36.84,158800.0,112742.85714285714,46057.142857142855
-117.86,34.13,209500.0,154985.7142857143,54514.28571428571
-118.31,34.1,350000.0,104857.14285714286,245142.85714285716
-118.46,34.26,217100.0,243985.7142857143,-26885.71428571429
-120.55,37.32,141400.0,128700.0,12700.0
-116.31,33.67,93400.0,118257.14285714286,-24857.142857142855
-122.27,37.86,198200.0,194342.85714285713,3857.1428571428696
-117.88,33.75,187200.0,138242.85714285713,48957.14285714287
-122.39,37.74,185300.0,117128.57142857143,68171.42857142857
-118.04,34.13,500001.0,500001.0,0.0
-119.04,34.34,281300.0,331700.0,-50400.0
-118.24,33.91,103600.0,145971.42857142858,-42371.42857142858
-122.59,38.12,287900.0,322328.5714285714,-34428.57142857142
-118.29,34.17,208300.0,180285.7142857143,28014.28571428571
-122.33,37.98,175000.0,278628.5714285714,-103628.57142857142
-122.97,38.5,132700.0,149357.14285714287,-16657.14285714287
-117.9,34.07,172000.0,166128.57142857142,5871.42857142858
-117.8,33.83,500001.0,482743.4285714286,17257.57142857142
-115.49,32.69,64000.0,65385.71428571428,-1385.7142857142826
-122.28,37.88,227900.0,258057.2857142857,-30157.28571428571
-119.32,36.21,63100.0,70814.28571428571,-7714.28571428571
-117.12,32.7,84100.0,117828.57142857143,-33728.571428571435
-122.26,38.33,339200.0,354086.0,-14886.0
-120.16,36.96,156300.0,84171.42857142857,72128.57142857143
-117.25,32.73,383600.0,270400.14285714284,113199.85714285716
-117.55,33.87,137100.0,159571.42857142858,-22471.42857142858
-119.66,36.32,56800.0,72814.28571428571,-16014.28571428571
-121.27,37.98,70000.0,92085.71428571429,-22085.71428571429
-121.42,38.22,96300.0,85200.0,11100.0
-121.31,37.96,92600.0,122614.28571428571,-30014.28571428571
-118.05,33.78,359100.0,331171.4285714286,27928.57142857142
-118.09,33.9,158700.0,187257.14285714287,-28557.14285714287
-118.4,33.86,500001.0,400443.0,99558.0
-121.0,35.94,114600.0,197200.0,-82600.0
-117.77,33.88,410200.0,402485.85714285716,7714.1428571428405
-121.95,37.32,281900.0,193928.57142857142,87971.42857142858
-122.34,40.58,101700.0,98028.57142857143,3671.428571428565
-122.24,37.8,169300.0,282028.5714285714,-112728.57142857142
-118.15,33.78,207800.0,255457.14285714287,-47657.14285714287
-122.53,37.9,327200.0,266928.5714285714,60271.42857142858
-118.31,33.8,277900.0,281671.4285714286,-3771.4285714285797
-116.76,34.29,111400.0,152057.14285714287,-40657.14285714287
-122.21,37.76,80600.0,124714.28571428571,-44114.28571428571
-117.77,33.7,207500.0,318300.28571428574,-110800.28571428574
-122.03,37.91,275300.0,295628.5714285714,-20328.57142857142
-121.93,37.33,421000.0,274271.4285714286,146728.57142857142
-122.23,40.2,128800.0,103100.0,25700.0
-121.93,36.63,313900.0,247328.57142857142,66571.42857142858
-118.91,35.37,67600.0,129914.28571428571,-62314.28571428571
-120.73,37.38,64400.0,75457.14285714286,-11057.142857142855
-118.34,33.93,153900.0,140185.7142857143,13714.28571428571
-121.35,38.66,130700.0,138328.57142857142,-7628.57142857142
-118.38,34.17,238500.0,245942.85714285713,-7442.85714285713
-122.15,37.46,379600.0,329657.14285714284,49942.85714285716
-117.82,33.75,146500.0,185371.57142857142,-38871.57142857142
-118.19,33.85,150300.0,148814.2857142857,1485.7142857142899
-117.71,33.61,80300.0,95142.85714285714,-14842.857142857145
-121.17,38.71,293300.0,127485.71428571429,165814.2857142857
-122.08,37.9,288000.0,327028.5714285714,-39028.57142857142
-121.87,38.0,144100.0,148442.85714285713,-4342.85714285713
-117.62,34.07,127000.0,159471.42857142858,-32471.42857142858
-122.12,37.71,152100.0,143114.2857142857,8985.71428571429
-121.22,39.11,156800.0,134757.14285714287,22042.85714285713
-117.04,34.0,104900.0,96800.0,8100.0
-118.45,34.1,500001.0,500001.0,0.0
-117.07,32.58,134400.0,176985.7142857143,-42585.71428571429
-122.21,37.42,500001.0,484658.0,15343.0
-117.82,33.72,272800.0,281585.71428571426,-8785.71428571426
-117.26,34.53,151600.0,127671.42857142857,23928.571428571435
-118.31,33.81,362600.0,247414.2857142857,115185.71428571429
-118.25,33.87,169200.0,197642.85714285713,-28442.85714285713
-117.18,32.79,140400.0,196685.7142857143,-56285.71428571429
-119.27,35.88,43700.0,54485.71428571428,-10785.714285714283
-122.0,38.35,136000.0,333314.4285714286,-197314.42857142858
-118.75,34.27,264400.0,250771.42857142858,13628.57142857142
-117.04,32.76,152200.0,286286.0,-134086.0
-118.32,34.1,137500.0,218657.14285714287,-81157.14285714287
-118.11,34.06,214700.0,185042.85714285713,29657.14285714287
-118.78,34.27,170900.0,254014.2857142857,-83114.28571428571
-121.81,37.26,236200.0,239585.7142857143,-3385.71428571429
-122.5,37.74,297800.0,240685.7142857143,57114.28571428571
-119.94,37.04,88500.0,109428.57142857143,-20928.571428571435
-117.1,32.58,127600.0,117771.42857142857,9828.571428571435
-121.37,38.69,80200.0,103471.42857142857,-23271.428571428565
-122.42,37.75,306000.0,344242.85714285716,-38242.85714285716
-118.29,34.11,436400.0,180542.85714285713,255857.14285714287
-117.78,33.69,238900.0,271428.5714285714,-32528.57142857142
-117.83,33.88,231700.0,305800.0,-74100.0
-118.19,34.05,122900.0,150271.42857142858,-27371.42857142858
-118.11,33.82,218200.0,216600.0,1600.0
-122.28,37.9,397000.0,500001.0,-103001.0
-122.83,38.39,260300.0,169328.57142857142,90971.42857142858
-122.54,37.95,435700.0,325800.0,109900.0
-118.35,33.95,164000.0,184028.57142857142,-20028.57142857142
-122.03,37.0,440500.0,289357.14285714284,151142.85714285716
-122.18,39.7,85400.0,92271.42857142857,-6871.428571428565
-117.2,34.48,101900.0,123142.85714285714,-21242.857142857145
-117.96,34.48,159400.0,221457.14285714287,-62057.14285714287
-117.89,33.92,190300.0,291243.0,-100943.0
-119.65,36.51,100000.0,77100.0,22900.0
-118.16,34.02,139600.0,144000.0,-4400.0
-118.49,34.14,500001.0,489786.5714285714,10214.42857142858
-122.04,37.12,154500.0,280357.14285714284,-125857.14285714284
-118.21,34.12,170500.0,182528.57142857142,-12028.57142857142
-117.57,33.88,110600.0,111542.85714285714,-942.8571428571449
-121.86,36.6,191200.0,271971.4285714286,-80771.42857142858
-117.9,34.06,287200.0,456929.28571428574,-169729.28571428574
-116.99,32.7,150100.0,141628.57142857142,8471.42857142858
-117.82,33.89,238300.0,240728.57142857142,-2428.5714285714203
-118.24,34.12,154200.0,179685.7142857143,-25485.71428571429
-121.94,37.31,280500.0,248028.57142857142,32471.42857142858
-118.1,33.9,161900.0,174357.14285714287,-12457.14285714287
-122.63,38.5,265600.0,271042.85714285716,-5442.8571428571595
-117.1,32.58,122700.0,165285.7142857143,-42585.71428571429
-122.04,37.57,231200.0,216728.57142857142,14471.42857142858
-122.49,37.75,319100.0,248542.85714285713,70557.14285714287
-117.93,33.78,231300.0,214128.57142857142,17171.42857142858
-121.89,37.46,500001.0,475729.14285714284,24271.85714285716
-121.45,38.56,121200.0,115371.42857142857,5828.571428571435
-118.51,34.27,222500.0,221671.42857142858,828.5714285714203
-121.72,37.7,450000.0,271242.85714285716,178757.14285714284
-118.28,33.96,102100.0,111671.42857142857,-9571.428571428565
-117.94,34.08,201200.0,177600.0,23600.0
-121.41,38.6,104200.0,125600.0,-21400.0
-118.37,34.12,500001.0,499800.85714285716,200.1428571428405
-120.42,34.96,132000.0,171214.2857142857,-39214.28571428571
-118.23,34.12,221100.0,243900.0,-22800.0
-118.4,34.7,151600.0,161557.14285714287,-9957.14285714287
-122.29,38.3,146900.0,152542.85714285713,-5642.85714285713
-117.13,32.91,151200.0,183957.14285714287,-32757.14285714287
-118.44,34.26,165100.0,184185.7142857143,-19085.71428571429
-118.12,33.86,213600.0,304085.71428571426,-90485.71428571426
-118.28,34.08,213500.0,307614.4285714286,-94114.42857142858
-118.56,34.17,500001.0,428786.0,71215.0
-122.17,37.87,438000.0,342957.28571428574,95042.71428571426
-121.83,37.36,183800.0,234657.14285714287,-50857.14285714287
-122.41,37.8,350000.0,370771.85714285716,-20771.85714285716
-118.74,37.58,159300.0,162714.2857142857,-3414.28571428571
-117.01,32.71,129100.0,158614.2857142857,-29514.28571428571
-119.55,36.51,76600.0,70071.42857142857,6528.571428571435
-117.22,32.75,225000.0,180642.85714285713,44357.14285714287
-118.45,34.2,230800.0,201571.42857142858,29228.57142857142
-117.81,33.81,431800.0,389614.4285714286,42185.57142857142
-118.32,33.96,191000.0,351971.4285714286,-160971.42857142858
-122.19,37.73,84700.0,99571.42857142857,-14871.428571428565
-118.18,33.78,152500.0,164171.42857142858,-11671.42857142858
-121.46,38.63,67600.0,78685.71428571429,-11085.71428571429
-118.15,33.87,198200.0,225385.7142857143,-27185.71428571429
-118.23,34.2,306300.0,212557.14285714287,93742.85714285713
-123.22,39.15,122100.0,148700.0,-26600.0
-121.25,38.68,276100.0,253428.57142857142,22671.42857142858
-117.09,34.07,103000.0,121714.28571428571,-18714.28571428571
-122.03,37.31,409100.0,258471.42857142858,150628.57142857142
-118.2,34.03,135200.0,165985.7142857143,-30785.71428571429
-120.47,37.32,121600.0,107871.42857142857,13728.571428571435
-118.15,33.92,182800.0,152042.85714285713,30757.14285714287
-121.87,37.29,228000.0,159800.0,68200.0
-121.31,38.03,110000.0,108942.85714285714,1057.142857142855
-117.11,34.43,111200.0,133471.42857142858,-22271.42857142858
-119.02,35.33,84700.0,73700.0,11000.0
-122.04,37.34,447300.0,425571.4285714286,21728.57142857142
-121.31,38.26,88300.0,100257.14285714286,-11957.142857142855
-122.19,37.74,87100.0,114771.42857142857,-27671.428571428565
-121.91,37.33,187500.0,239600.0,-52100.0
-118.08,33.91,146900.0,175200.0,-28300.0
-120.98,37.65,103100.0,102514.28571428571,585.7142857142899
-121.98,37.8,343700.0,406942.85714285716,-63242.85714285716
-122.16,37.74,98200.0,103171.42857142857,-4971.428571428565
-118.37,33.95,262500.0,148585.7142857143,113914.28571428571
-121.55,40.48,77400.0,86900.0,-9500.0
-122.34,37.95,135100.0,173900.0,-38800.0
-117.02,33.71,134700.0,133585.7142857143,1114.2857142857101
-117.26,32.99,231300.0,143042.85714285713,88257.14285714287
-117.96,34.05,158600.0,161557.14285714287,-2957.1428571428696
-121.31,38.57,101600.0,95985.71428571429,5614.28571428571
-121.97,38.35,122000.0,159371.42857142858,-37371.42857142858
-117.78,33.81,380000.0,356985.85714285716,23014.14285714284
-122.45,38.58,189400.0,148242.85714285713,41157.14285714287
-120.11,34.62,440000.0,308871.4285714286,131128.57142857142
-119.01,35.32,70000.0,105028.57142857143,-35028.571428571435
-124.19,40.78,70000.0,70142.85714285714,-142.85714285714494
-118.41,34.01,333500.0,278357.14285714284,55142.85714285716
-117.12,32.75,101800.0,136757.14285714287,-34957.14285714287
-118.33,34.07,500001.0,500001.0,0.0
-118.28,34.11,360500.0,388642.85714285716,-28142.85714285716
-121.23,38.66,169500.0,177285.7142857143,-7785.71428571429
-118.12,34.02,205600.0,169457.14285714287,36142.85714285713
-118.01,34.1,166300.0,171142.85714285713,-4842.85714285713
-121.36,38.56,32500.0,106100.0,-73600.0
-121.74,37.3,362700.0,308985.71428571426,53714.28571428574
-118.26,33.78,174500.0,125785.71428571429,48714.28571428571
-117.92,34.06,197600.0,202657.14285714287,-5057.14285714287
-118.38,34.3,183000.0,256628.57142857142,-73628.57142857142
-118.45,34.18,158300.0,162228.57142857142,-3928.5714285714203
-121.92,38.03,100200.0,145785.7142857143,-45585.71428571429
-124.09,40.87,87500.0,79014.28571428571,8485.71428571429
-118.47,34.01,461100.0,241300.0,219800.0
-117.22,32.83,190200.0,207771.42857142858,-17571.42857142858
-121.21,38.66,232300.0,189942.85714285713,42357.14285714287
-122.45,37.71,221600.0,246385.7142857143,-24785.71428571429
-117.26,32.98,226900.0,167285.7142857143,59614.28571428571
-118.46,34.25,224200.0,254300.0,-30100.0
-118.32,33.98,119800.0,116914.28571428571,2885.71428571429
-121.5,38.49,78200.0,98014.28571428571,-19814.28571428571
-118.21,33.95,165100.0,150671.42857142858,14428.57142857142
-119.85,36.84,213900.0,257228.57142857142,-43328.57142857142
-119.71,36.81,69700.0,78885.71428571429,-9185.71428571429
-118.29,34.0,105800.0,158628.57142857142,-52828.57142857142
-121.29,37.96,75000.0,109371.42857142857,-34371.428571428565
-120.25,37.04,91700.0,98171.42857142857,-6471.428571428565
-117.97,33.91,269500.0,268485.71428571426,1014.2857142857392
-119.7,36.82,68200.0,68914.28571428571,-714.2857142857101
-117.28,33.19,165800.0,159585.7142857143,6214.28571428571
-118.59,34.47,154600.0,145771.42857142858,8828.57142857142
-118.39,33.88,472700.0,378671.71428571426,94028.28571428574
-122.04,37.3,345900.0,329000.0,16900.0
-117.81,33.8,230700.0,247657.14285714287,-16957.14285714287
-118.3,34.07,300000.0,216171.42857142858,83828.57142857142
-116.92,32.76,249400.0,209742.85714285713,39657.14285714287
-122.46,37.77,435700.0,324857.28571428574,110842.71428571426
-121.36,38.0,225800.0,257357.14285714287,-31557.14285714287
-118.2,34.02,175000.0,158742.85714285713,16257.14285714287
-118.16,34.16,178400.0,119085.71428571429,59314.28571428571
-122.1,37.4,276000.0,285471.4285714286,-9471.42857142858
-120.42,37.98,115900.0,120585.71428571429,-4685.71428571429
-119.51,37.32,214300.0,124328.57142857143,89971.42857142857
-120.77,40.65,118300.0,99542.85714285714,18757.142857142855
-118.36,34.1,500001.0,307300.0,192701.0
-117.28,33.2,152100.0,171871.42857142858,-19771.42857142858
-121.85,36.6,140400.0,190685.7142857143,-50285.71428571429
-117.24,33.36,222600.0,221385.7142857143,1214.2857142857101
-122.2,37.43,444500.0,307414.28571428574,137085.71428571426
-122.37,37.59,500000.0,386857.4285714286,113142.57142857142
-121.29,38.1,163300.0,129814.28571428571,33485.71428571429
-117.24,32.79,193800.0,190871.42857142858,2928.5714285714203
-120.44,36.84,90500.0,89142.85714285714,1357.142857142855
-122.28,37.84,115200.0,122457.14285714286,-7257.142857142855
-117.08,32.65,147000.0,133214.2857142857,13785.71428571429
-118.04,33.82,273900.0,254957.14285714287,18942.85714285713
-118.16,33.89,190900.0,194300.0,-3400.0
-121.54,38.59,74800.0,92485.71428571429,-17685.71428571429
-122.41,37.8,500001.0,267985.71428571426,232015.28571428574
-118.33,33.98,118500.0,237842.85714285713,-119342.85714285713
-117.7,33.72,500001.0,218971.42857142858,281029.5714285714
-119.21,34.26,55000.0,136042.85714285713,-81042.85714285713
-121.22,37.97,58400.0,85571.42857142857,-27171.428571428565
-121.47,38.56,95800.0,119842.85714285714,-24042.857142857145
-118.24,34.01,99200.0,137885.7142857143,-38685.71428571429
-119.18,34.16,167400.0,291528.5714285714,-124128.57142857142
-116.99,34.89,70500.0,87300.0,-16800.0
-115.55,32.82,67500.0,70514.28571428571,-3014.28571428571
-121.44,38.54,75700.0,96400.0,-20700.0
-118.04,34.09,183000.0,175642.85714285713,7357.14285714287
-118.49,34.15,500001.0,487200.71428571426,12800.28571428574
-124.09,40.55,97300.0,83328.57142857143,13971.428571428565
-121.23,38.09,230000.0,266600.0,-36600.0
-117.14,32.71,82900.0,99628.57142857143,-16728.571428571435
-119.82,36.19,52200.0,74557.14285714286,-22357.142857142855
-122.22,37.77,114800.0,119400.0,-4600.0
-119.69,36.81,88000.0,106914.28571428571,-18914.28571428571
-117.07,32.81,224200.0,182357.14285714287,41842.85714285713
-118.15,33.96,150000.0,148542.85714285713,1457.1428571428696
-116.42,33.76,341700.0,280600.0,61100.0
-122.14,37.71,181700.0,280157.14285714284,-98457.14285714284
-117.81,33.73,140600.0,196342.85714285713,-55742.85714285713
-122.1,40.05,72700.0,72271.42857142857,428.5714285714348
-118.09,34.15,210900.0,192628.57142857142,18271.42857142858
-120.83,39.02,97700.0,137700.0,-40000.0
-121.06,39.22,109700.0,112714.28571428571,-3014.28571428571
-118.17,33.77,165600.0,292528.5714285714,-126928.57142857142
-117.84,33.8,230600.0,227357.14285714287,3242.8571428571304
-118.16,34.17,163800.0,276771.4285714286,-112971.42857142858
-115.4,32.7,95800.0,65114.28571428572,30685.714285714283
-122.29,40.44,48100.0,67871.42857142857,-19771.428571428565
-119.76,36.71,44400.0,52228.57142857143,-7828.5714285714275
-121.88,37.44,237900.0,266057.14285714284,-28157.14285714284
-122.03,37.55,284800.0,330628.5714285714,-45828.57142857142
-122.72,38.47,164800.0,125742.85714285714,39057.142857142855
-117.88,33.85,200000.0,137400.0,62600.0
-122.52,38.99,77800.0,84314.28571428571,-6514.28571428571
-117.88,34.09,186000.0,211700.0,-25700.0
-118.09,33.96,169700.0,170257.14285714287,-557.1428571428696
-117.16,32.74,418800.0,170757.14285714287,248042.85714285713
-118.15,35.06,73300.0,110642.85714285714,-37342.857142857145
-117.14,32.7,87000.0,132514.2857142857,-45514.28571428571
-118.46,34.22,168200.0,227042.85714285713,-58842.85714285713
-117.55,33.93,154300.0,187514.2857142857,-33214.28571428571
-121.89,37.42,225000.0,318657.14285714284,-93657.14285714284
-122.0,37.35,333000.0,269185.71428571426,63814.28571428574
-121.34,38.59,225900.0,205285.7142857143,20614.28571428571
-117.6,33.87,138100.0,173600.0,-35500.0
-117.41,33.96,112700.0,134157.14285714287,-21457.14285714287
-122.25,37.83,231600.0,247571.42857142858,-15971.42857142858
-118.15,34.1,419100.0,269028.5714285714,150071.42857142858
-118.48,34.19,221100.0,189757.14285714287,31342.85714285713
-118.01,34.06,155400.0,160742.85714285713,-5342.85714285713
-120.7,38.69,151700.0,167100.0,-15400.0
-122.44,37.71,248900.0,258971.42857142858,-10071.42857142858
-121.04,38.95,153200.0,146571.42857142858,6628.57142857142
-122.02,38.25,126500.0,155314.2857142857,-28814.28571428571
-121.31,38.62,240000.0,256928.57142857142,-16928.57142857142
-121.89,37.36,186100.0,204542.85714285713,-18442.85714285713
-119.78,34.48,500001.0,439729.14285714284,60271.85714285716
-118.12,34.06,181600.0,179057.14285714287,2542.8571428571304
-122.0,37.37,178100.0,229742.85714285713,-51642.85714285713
-119.44,36.6,69200.0,66014.28571428571,3185.71428571429
-121.41,38.52,66800.0,79428.57142857143,-12628.571428571435
-118.53,34.14,500001.0,475429.28571428574,24571.71428571426
-122.1,37.4,181300.0,204614.2857142857,-23314.28571428571
-118.23,34.24,396400.0,432457.4285714286,-36057.42857142858
-122.24,38.25,187500.0,237371.42857142858,-49871.42857142858
-122.47,37.66,297900.0,249542.85714285713,48357.14285714287
-117.88,33.63,345400.0,378057.5714285714,-32657.57142857142
-121.65,36.85,245100.0,274257.14285714284,-29157.14285714284
-117.41,34.11,105500.0,153200.0,-47700.0
-124.08,40.87,101100.0,73200.0,27900.0
-118.13,34.15,141700.0,191300.0,-49600.0
-121.96,37.24,430900.0,297742.85714285716,133157.14285714284
-122.5,37.75,286300.0,160928.57142857142,125371.42857142858
-117.56,33.88,113000.0,90771.42857142857,22228.571428571435
-117.24,32.72,466700.0,446971.85714285716,19728.14285714284
-117.94,33.85,168600.0,188600.0,-20000.0
-122.26,37.5,360500.0,199228.57142857142,161271.42857142858
-122.0,37.82,256400.0,252457.14285714287,3942.8571428571304
-118.93,34.82,113900.0,179700.0,-65800.0
-118.36,34.01,350400.0,359357.14285714284,-8957.14285714284
-118.35,34.19,209100.0,265357.14285714284,-56257.14285714284
-117.83,33.74,131500.0,218657.14285714287,-87157.14285714287
-122.18,38.35,216700.0,280657.14285714284,-63957.14285714284
-117.27,33.77,101300.0,123142.85714285714,-21842.857142857145
-122.54,38.36,202800.0,176471.42857142858,26328.57142857142
-121.43,37.75,117600.0,177714.2857142857,-60114.28571428571
-122.31,37.57,292600.0,221585.7142857143,71014.28571428571
-118.4,34.04,500001.0,500001.0,0.0
-120.97,37.68,130300.0,133157.14285714287,-2857.1428571428696
-119.49,37.1,92400.0,71657.14285714286,20742.857142857145
-118.28,34.0,112500.0,117885.71428571429,-5385.71428571429
-117.86,33.75,154200.0,210128.57142857142,-55928.57142857142
-121.46,38.56,104000.0,110185.71428571429,-6185.71428571429
-122.71,38.34,121600.0,160100.0,-38500.0
-122.07,37.86,206300.0,177528.57142857142,28771.42857142858
-119.69,36.71,108300.0,122457.14285714286,-14157.142857142855
-118.85,34.19,349400.0,321614.28571428574,27785.71428571426
-121.19,39.55,83300.0,100971.42857142857,-17671.428571428565
-118.61,34.2,245800.0,236314.2857142857,9485.71428571429
-122.74,38.46,91500.0,182771.42857142858,-91271.42857142858
-118.54,34.15,500001.0,500001.0,0.0
-118.5,33.99,500001.0,301214.4285714286,198786.57142857142
-117.79,34.1,190500.0,195271.42857142858,-4771.42857142858
-121.43,37.74,108300.0,91828.57142857143,16471.428571428565
-116.52,33.97,89600.0,133657.14285714287,-44057.14285714287
-122.01,37.27,500001.0,500001.0,0.0
-121.34,37.97,94600.0,157842.85714285713,-63242.85714285713
-118.21,34.02,67500.0,440472.0,-372972.0
-121.9,38.0,177500.0,224757.14285714287,-47257.14285714287
-118.25,34.23,261300.0,221171.42857142858,40128.57142857142
-117.32,33.51,500001.0,202300.0,297701.0
-117.14,33.15,168400.0,250985.85714285713,-82585.85714285713
-121.94,37.24,245300.0,269357.28571428574,-24057.28571428574
-122.02,37.09,240000.0,286585.71428571426,-46585.71428571426
-121.05,37.93,156500.0,117842.85714285714,38657.142857142855
-117.3,32.96,500001.0,170071.42857142858,329929.5714285714
-117.91,33.88,235600.0,248757.14285714287,-13157.14285714287
-118.1,33.89,185600.0,205271.42857142858,-19671.42857142858
-118.29,34.08,316700.0,195200.0,121500.0
-120.93,39.96,118800.0,130142.85714285714,-11342.857142857145
-122.4,38.46,248500.0,286371.5714285714,-37871.57142857142
-117.94,33.79,236500.0,268371.4285714286,-31871.42857142858
-121.47,38.55,94600.0,110242.85714285714,-15642.857142857145
-118.07,34.01,176800.0,166642.85714285713,10157.14285714287
-117.21,32.86,148600.0,198871.42857142858,-50271.42857142858
-121.86,36.6,195300.0,232414.2857142857,-37114.28571428571
-118.27,33.8,215900.0,190257.14285714287,25642.85714285713
-118.2,34.02,126600.0,155742.85714285713,-29142.85714285713
-118.29,34.08,173900.0,198428.57142857142,-24528.57142857142
-117.29,33.13,183000.0,197385.7142857143,-14385.71428571429
-119.75,36.78,74300.0,72342.85714285714,1957.142857142855
-117.88,33.85,224700.0,210485.7142857143,14214.28571428571
-119.59,36.52,101600.0,89328.57142857143,12271.428571428565
-122.3,37.51,391000.0,306800.0,84200.0
-118.13,33.94,265000.0,171914.2857142857,93085.71428571429
-121.86,37.21,500001.0,479086.5714285714,20914.42857142858
-121.81,37.3,186500.0,198028.57142857142,-11528.57142857142
-116.4,34.12,78000.0,106871.42857142857,-28871.428571428565
-115.55,32.98,80800.0,140228.57142857142,-59428.57142857142
-118.31,34.26,189600.0,230714.2857142857,-41114.28571428571
-118.47,34.26,199200.0,248471.42857142858,-49271.42857142858
-120.84,35.32,189600.0,179600.0,10000.0
-122.19,37.78,160000.0,170571.42857142858,-10571.42857142858
-117.79,33.68,375300.0,352371.4285714286,22928.57142857142
-122.03,37.97,166700.0,200185.7142857143,-33485.71428571429
-118.56,34.19,215600.0,225642.85714285713,-10042.85714285713
-121.79,37.03,228600.0,235128.57142857142,-6528.57142857142
-120.66,35.49,171300.0,196457.14285714287,-25157.14285714287
-122.46,37.74,431000.0,426071.71428571426,4928.285714285739
-118.04,33.87,275100.0,283800.0,-8700.0
-119.85,34.44,276800.0,303028.5714285714,-26228.57142857142
-119.61,36.31,46300.0,54171.42857142857,-7871.4285714285725
-118.09,34.68,144000.0,210785.7142857143,-66785.71428571429
-122.13,39.74,94300.0,82328.57142857143,11971.428571428565
-117.93,34.01,157600.0,151828.57142857142,5771.42857142858
-117.86,33.79,194500.0,181714.2857142857,12785.71428571429
-118.26,34.16,351100.0,266585.85714285716,84514.14285714284
-118.37,34.07,453400.0,325528.5714285714,127871.42857142858
-118.41,34.19,224600.0,264700.0,-40100.0
-118.2,34.12,155600.0,182100.0,-26500.0
-121.37,38.01,242000.0,469829.14285714284,-227829.14285714284
-123.15,39.74,70000.0,105771.42857142857,-35771.428571428565
-117.18,34.3,71300.0,127171.42857142857,-55871.428571428565
-122.79,39.09,66800.0,79971.42857142857,-13171.428571428565
-118.18,34.1,153100.0,184585.7142857143,-31485.71428571429
-122.11,37.7,137500.0,230271.42857142858,-92771.42857142858
-117.9,33.88,230400.0,233685.7142857143,-3285.71428571429
-122.0,37.31,242200.0,282428.5714285714,-40228.57142857142
-117.85,33.87,301900.0,289671.4285714286,12228.57142857142
-122.0,37.27,415800.0,319428.5714285714,96371.42857142858
-121.72,38.0,156500.0,192028.57142857142,-35528.57142857142
-122.27,40.46,78600.0,84900.0,-6300.0
-122.02,37.87,441400.0,373071.4285714286,68328.57142857142
-118.27,34.08,184300.0,197914.2857142857,-13614.28571428571
-118.73,34.29,276500.0,303042.85714285716,-26542.85714285716
-117.96,33.93,232800.0,205628.57142857142,27171.42857142858
-120.48,37.29,60400.0,92042.85714285714,-31642.857142857145
-121.49,38.55,224100.0,295071.4285714286,-70971.42857142858
-117.79,33.77,439000.0,312200.0,126800.0
-119.67,37.27,123100.0,105285.71428571429,17814.28571428571
-117.09,32.91,255700.0,275600.0,-19900.0
-121.55,39.51,57600.0,73600.0,-16000.0
-118.52,34.2,199800.0,227471.42857142858,-27671.42857142858
-119.78,36.76,51300.0,56471.42857142857,-5171.4285714285725
-119.85,34.48,348200.0,332428.71428571426,15771.28571428574
-122.2,37.82,362800.0,393428.71428571426,-30628.71428571426
-118.53,34.18,240300.0,269628.5714285714,-29328.57142857142
-119.46,36.25,73600.0,75342.85714285714,-1742.857142857145
-117.12,33.14,172600.0,162628.57142857142,9971.42857142858
-118.59,34.22,229000.0,255971.42857142858,-26971.42857142858
-118.01,34.08,166300.0,160871.42857142858,5428.57142857142
-117.2,33.71,83300.0,198157.14285714287,-114857.14285714287
-118.47,34.14,500001.0,479100.4285714286,20900.57142857142
-117.98,33.68,332900.0,318985.71428571426,13914.28571428574
-119.03,35.41,54300.0,55085.71428571428,-785.7142857142826
-117.93,33.88,241700.0,250328.57142857142,-8628.57142857142
-121.87,36.55,387500.0,270557.28571428574,116942.71428571426
-117.65,34.1,136400.0,185500.0,-49100.0
-121.3,37.98,98300.0,136657.14285714287,-38357.14285714287
-118.91,34.18,176000.0,204271.42857142858,-28271.42857142858
-120.46,36.87,63000.0,73642.85714285714,-10642.857142857145
-118.58,34.24,236900.0,260442.85714285713,-23542.85714285713
-120.89,37.21,97200.0,127528.57142857143,-30328.571428571435
-122.43,37.78,220000.0,167457.14285714287,52542.85714285713
-117.72,33.62,105800.0,176557.14285714287,-70757.14285714287
-122.3,37.57,270900.0,262342.85714285716,8557.14285714284
-117.34,34.08,99400.0,180028.57142857142,-80628.57142857142
-118.2,34.11,166300.0,197657.14285714287,-31357.14285714287
-117.04,32.77,143800.0,185200.0,-41400.0
-123.02,38.81,140600.0,164357.14285714287,-23757.14285714287
-122.71,38.5,330900.0,295571.4285714286,35328.57142857142
-118.34,34.02,156900.0,210357.14285714287,-53457.14285714287
-117.26,33.09,500001.0,337628.5714285714,162372.42857142858
-118.04,33.9,162500.0,187714.2857142857,-25214.28571428571
-120.1,39.33,124800.0,156528.57142857142,-31728.57142857142
-117.34,33.21,216100.0,125557.14285714286,90542.85714285714
-117.15,32.75,171400.0,193485.7142857143,-22085.71428571429
-118.11,34.16,325600.0,380928.71428571426,-55328.71428571426
-121.46,38.58,109800.0,90785.71428571429,19014.28571428571
-122.44,37.65,276200.0,301971.4285714286,-25771.42857142858
-117.09,33.13,129900.0,118671.42857142857,11228.571428571435
-122.42,37.73,292300.0,333171.5714285714,-40871.57142857142
-122.6,38.48,341500.0,327371.5714285714,14128.42857142858
-116.06,34.15,66800.0,115814.28571428571,-49014.28571428571
-122.81,38.08,238800.0,184385.7142857143,54414.28571428571
-120.54,38.41,77400.0,109685.71428571429,-32285.71428571429
-114.58,33.61,82400.0,71471.42857142857,10928.571428571435
-122.33,37.58,359900.0,297985.85714285716,61914.14285714284
-118.44,34.02,465700.0,480115.0,-14415.0
-122.69,38.37,214000.0,220257.14285714287,-6257.14285714287
-117.36,34.11,107100.0,106614.28571428571,485.7142857142899
-122.31,37.99,157800.0,256414.2857142857,-98614.28571428571
-118.25,33.91,119300.0,187014.2857142857,-67714.28571428571
-118.49,34.25,232900.0,265042.85714285716,-32142.85714285716
-122.22,38.12,179500.0,219914.2857142857,-40414.28571428571
-115.49,32.67,70100.0,90957.14285714286,-20857.142857142855
-116.95,33.86,55000.0,135800.0,-80800.0
-121.43,38.64,65900.0,74785.71428571429,-8885.71428571429
-124.09,40.95,99600.0,98914.28571428571,685.7142857142899
-117.85,33.62,500001.0,458800.4285714286,41200.57142857142
-117.67,33.64,164100.0,233485.7142857143,-69385.71428571429
-116.99,33.75,77000.0,129514.28571428571,-52514.28571428571
-121.18,39.26,140300.0,143214.2857142857,-2914.28571428571
-116.6,33.06,172900.0,171700.0,1200.0
-118.38,34.05,500001.0,334028.71428571426,165972.28571428574
-117.33,33.03,314300.0,226443.0,87857.0
-118.43,34.02,500001.0,406600.14285714284,93400.85714285716
-122.08,37.34,500001.0,484658.0,15343.0
-118.29,34.04,143000.0,152057.14285714287,-9057.14285714287
-117.6,33.42,280600.0,234657.14285714287,45942.85714285713
-118.38,34.07,375000.0,314042.85714285716,60957.14285714284
-118.29,34.08,137500.0,143185.7142857143,-5685.71428571429
-117.77,33.71,337100.0,322100.0,15000.0
-116.39,33.72,128000.0,141457.14285714287,-13457.14285714287
-122.71,38.45,185400.0,172228.57142857142,13171.42857142858
-121.69,39.36,63000.0,77371.42857142857,-14371.428571428565
-122.22,37.79,109500.0,148271.42857142858,-38771.42857142858
-118.28,34.06,400000.0,164785.7142857143,235214.2857142857
-121.33,38.01,151900.0,288928.5714285714,-137028.57142857142
-120.32,37.29,56300.0,65500.0,-9200.0
-120.92,40.02,102500.0,85900.0,16600.0
-118.14,34.14,225000.0,246928.57142857142,-21928.57142857142
-122.15,37.47,145500.0,212285.7142857143,-66785.71428571429
-117.96,33.65,363100.0,202314.2857142857,160785.7142857143
-122.41,37.74,249000.0,135300.0,113700.0
-122.26,37.88,415300.0,422457.5714285714,-7157.57142857142
-117.19,32.86,267400.0,222471.42857142858,44928.57142857142
-120.47,37.3,75000.0,68514.28571428571,6485.71428571429
-122.42,37.75,250000.0,216728.57142857142,33271.42857142858
-117.06,32.77,161800.0,259042.85714285713,-97242.85714285713
-121.44,38.5,97500.0,88400.0,9100.0
-122.33,37.93,111500.0,139928.57142857142,-28428.57142857142
-120.59,37.36,87300.0,117542.85714285714,-30242.857142857145
-118.38,34.09,272900.0,353857.28571428574,-80957.28571428574
-117.27,34.4,124400.0,120671.42857142857,3728.571428571435
-118.35,34.22,228700.0,269285.71428571426,-40585.71428571426
-119.21,34.19,229500.0,246000.0,-16500.0
-118.28,34.04,162500.0,131742.85714285713,30757.14285714287
-122.18,37.73,80000.0,161714.2857142857,-81714.28571428571
-118.24,33.99,118800.0,133142.85714285713,-14342.85714285713
-117.59,33.93,244200.0,361386.0,-117186.0
-117.98,33.78,187500.0,186585.7142857143,914.2857142857101
-118.12,33.96,246000.0,230800.0,15200.0
-118.28,33.97,102600.0,116142.85714285714,-13542.857142857145
-120.83,37.77,116700.0,93557.14285714286,23142.857142857145
-122.27,37.8,137500.0,98400.0,39100.0
-117.15,34.22,171900.0,401771.71428571426,-229871.71428571426
-121.29,37.87,103100.0,148185.7142857143,-45085.71428571429
-122.47,37.69,239100.0,185957.14285714287,53142.85714285713
-117.97,33.93,194000.0,256228.7142857143,-62228.71428571429
-119.3,34.42,219900.0,184414.2857142857,35485.71428571429
-118.6,34.08,380000.0,440971.85714285716,-60971.85714285716
-117.97,34.05,155700.0,158685.7142857143,-2985.71428571429
-121.85,39.77,89900.0,108900.0,-19000.0
-119.86,36.82,89300.0,103314.28571428571,-14014.28571428571
-121.84,39.73,55000.0,91614.28571428571,-36614.28571428571
-118.99,35.35,49800.0,60485.71428571428,-10685.714285714283
-118.19,34.12,146400.0,138914.2857142857,7485.71428571429
-121.99,37.27,278000.0,285228.5714285714,-7228.57142857142
-117.63,33.65,288700.0,357200.0,-68500.0
-118.2,33.77,129200.0,178028.57142857142,-48828.57142857142
-118.5,34.27,221600.0,275257.14285714284,-53657.14285714284
-119.21,37.25,85600.0,108585.71428571429,-22985.71428571429
-118.22,33.95,160400.0,149471.42857142858,10928.57142857142
-121.71,39.42,57600.0,86600.0,-29000.0
-122.5,37.78,348500.0,331200.14285714284,17299.85714285716
-117.92,34.08,199400.0,258557.14285714287,-59157.14285714287
-118.27,33.99,97100.0,138942.85714285713,-41842.85714285713
-119.78,36.77,58100.0,54885.71428571428,3214.2857142857174
-122.43,37.64,301000.0,281443.0,19557.0
-121.11,37.43,74200.0,136457.14285714287,-62257.14285714287
-117.65,33.42,249400.0,307800.14285714284,-58400.14285714284
-117.83,33.99,267000.0,272528.5714285714,-5528.57142857142
-117.33,34.17,119900.0,129985.71428571429,-10085.71428571429
-116.9,34.52,77700.0,87100.0,-9400.0
-124.14,41.06,143400.0,88528.57142857143,54871.428571428565
-121.58,39.12,61200.0,69500.0,-8300.0
-119.13,34.19,206800.0,173300.0,33500.0
-117.07,33.03,328200.0,228400.0,99800.0
-118.46,33.99,360600.0,263114.28571428574,97485.71428571426
-122.36,37.96,107800.0,128142.85714285714,-20342.857142857145
-119.32,36.62,51500.0,50814.28571428572,685.7142857142826
-117.04,32.54,67500.0,124100.0,-56600.0
-117.08,32.77,184100.0,204142.85714285713,-20042.85714285713
-118.19,33.77,200000.0,221314.42857142858,-21314.42857142858
-117.32,33.12,354000.0,204714.2857142857,149285.7142857143
-118.45,34.04,393800.0,276628.5714285714,117171.42857142858
-117.04,32.58,132100.0,135042.85714285713,-2942.8571428571304
-117.95,33.71,306500.0,276657.14285714284,29842.85714285716
-118.19,34.04,134900.0,126914.28571428571,7985.71428571429
-118.51,34.29,319300.0,366300.14285714284,-47000.14285714284
-118.44,33.99,303900.0,239471.42857142858,64428.57142857142
-117.91,33.84,350000.0,130200.0,219800.0
-118.34,34.19,231200.0,214657.14285714287,16542.85714285713
-122.34,37.98,131300.0,193342.85714285713,-62042.85714285713
-117.01,32.7,120800.0,138685.7142857143,-17885.71428571429
-117.16,34.26,135200.0,144242.85714285713,-9042.85714285713
-118.16,35.05,68900.0,161571.42857142858,-92671.42857142858
-120.05,34.47,425000.0,238928.57142857142,186071.42857142858
-119.3,34.29,160500.0,179785.7142857143,-19285.71428571429
-122.21,37.8,151000.0,167442.85714285713,-16442.85714285713
-117.8,33.77,349500.0,472029.28571428574,-122529.28571428574
-119.76,36.77,60200.0,64485.71428571428,-4285.714285714283
-119.25,34.3,396400.0,313085.85714285716,83314.14285714284
-118.61,34.17,278500.0,294428.5714285714,-15928.57142857142
-116.36,33.78,239300.0,207071.42857142858,32228.57142857142
-118.58,34.19,224900.0,304057.4285714286,-79157.42857142858
-118.25,33.94,91300.0,107728.57142857143,-16428.571428571435
-116.97,32.8,111400.0,126057.14285714286,-14657.142857142855
-122.27,37.85,150800.0,142528.57142857142,8271.42857142858
-119.73,36.74,64700.0,83500.0,-18800.0
-122.03,37.92,358800.0,358285.71428571426,514.2857142857392
-118.29,33.88,232800.0,183757.14285714287,49042.85714285713
-118.42,37.36,54400.0,71685.71428571429,-17285.71428571429
-117.3,34.46,98200.0,107385.71428571429,-9185.71428571429
-117.92,33.73,225800.0,169100.0,56700.0
-117.79,34.07,116100.0,158785.7142857143,-42685.71428571429
-122.04,36.96,196400.0,187900.0,8500.0
-122.76,40.4,123200.0,80171.42857142857,43028.571428571435
-118.33,33.97,156400.0,171285.7142857143,-14885.71428571429
-118.08,33.92,166800.0,177657.14285714287,-10857.14285714287
-122.66,38.44,215900.0,224342.85714285713,-8442.85714285713
-116.97,32.83,117300.0,136428.57142857142,-19128.57142857142
-118.14,34.04,243200.0,179028.57142857142,64171.42857142858
-119.06,36.09,72900.0,92514.28571428571,-19614.28571428571
-122.28,37.87,191700.0,197557.14285714287,-5857.14285714287
-122.29,37.82,60000.0,180600.0,-120600.0
-117.94,34.08,195400.0,202585.7142857143,-7185.71428571429
-118.3,34.0,111600.0,211285.7142857143,-99685.71428571429
-118.29,33.73,268500.0,247757.14285714287,20742.85714285713
-122.44,37.72,260000.0,269014.28571428574,-9014.28571428574
-116.95,33.74,89400.0,129600.0,-40200.0
-117.35,33.96,235200.0,401114.4285714286,-165914.42857142858
-118.42,34.16,386100.0,314071.4285714286,72028.57142857142
-118.27,34.02,187500.0,103000.0,84500.0
-117.8,33.66,223400.0,236342.85714285713,-12942.85714285713
-118.07,33.89,120300.0,145942.85714285713,-25642.85714285713
-121.37,38.57,135800.0,131314.2857142857,4485.71428571429
-118.14,33.77,307400.0,278042.85714285716,29357.14285714284
-120.37,34.9,326800.0,221371.42857142858,105428.57142857142
-117.34,34.13,70300.0,110428.57142857143,-40128.571428571435
-120.23,37.96,68200.0,99657.14285714286,-31457.142857142855
-119.56,37.29,114600.0,113300.0,1300.0
-122.02,37.55,177200.0,226557.14285714287,-49357.14285714287
-121.43,38.53,81900.0,113814.28571428571,-31914.28571428571
-121.29,37.99,90600.0,138128.57142857142,-47528.57142857142
-121.28,37.94,56800.0,69171.42857142857,-12371.428571428565
-122.49,37.75,323800.0,313642.85714285716,10157.14285714284
-117.13,33.89,244400.0,193742.85714285713,50657.14285714287
-118.42,34.28,144300.0,151028.57142857142,-6728.57142857142
-118.02,34.08,164200.0,154628.57142857142,9571.42857142858
-118.03,33.79,237600.0,280528.5714285714,-42928.57142857142
-122.08,37.95,243000.0,213657.14285714287,29342.85714285713
-119.19,35.64,83300.0,71385.71428571429,11914.28571428571
-116.5,33.82,87500.0,155328.7142857143,-67828.71428571429
-121.43,38.56,131700.0,116657.14285714286,15042.857142857145
-121.55,39.1,47000.0,65728.57142857143,-18728.571428571435
-122.02,36.97,195300.0,178242.85714285713,17057.14285714287
-122.68,38.36,184100.0,178628.57142857142,5471.42857142858
-122.45,41.28,128800.0,112742.85714285714,16057.142857142855
-120.69,39.12,118200.0,100428.57142857143,17771.428571428565
-117.9,34.15,212800.0,206200.0,6600.0
-120.71,38.73,141300.0,125557.14285714286,15742.857142857145
-118.31,34.08,227100.0,169871.42857142858,57228.57142857142
-122.23,37.78,80800.0,145385.7142857143,-64585.71428571429
-116.89,33.73,201300.0,204014.2857142857,-2714.28571428571
-117.22,32.8,183300.0,237971.42857142858,-54671.42857142858
-118.18,33.9,155000.0,237928.7142857143,-82928.71428571429
-118.23,34.07,143800.0,198214.2857142857,-54414.28571428571
-122.01,37.4,137500.0,210928.57142857142,-73428.57142857142
-117.87,33.81,280100.0,201971.42857142858,78128.57142857142
-120.68,35.14,245900.0,163200.0,82700.0
-118.36,34.05,243600.0,234385.7142857143,9214.28571428571
-117.53,34.1,103000.0,134114.2857142857,-31114.28571428571
-117.34,34.1,103800.0,130185.71428571429,-26385.71428571429
-121.96,37.53,235900.0,168000.0,67900.0
-123.17,39.15,161900.0,250157.14285714287,-88257.14285714287
-118.39,34.15,394400.0,343542.85714285716,50857.14285714284
-123.84,39.83,145800.0,90971.42857142857,54828.571428571435
-121.97,37.96,184800.0,202014.2857142857,-17214.28571428571
-118.31,33.88,242300.0,270285.71428571426,-27985.71428571426
-118.42,34.18,335500.0,276914.28571428574,58585.71428571426
-117.17,34.25,165500.0,154228.57142857142,11271.42857142858
-117.35,33.95,204800.0,381286.14285714284,-176486.14285714284
-121.87,39.82,159700.0,165471.42857142858,-5771.42857142858
-117.39,33.98,169100.0,121085.71428571429,48014.28571428571
-122.53,37.86,478600.0,233357.14285714287,245242.85714285713
-117.21,33.12,258900.0,191571.42857142858,67328.57142857142
-118.37,33.86,324000.0,306871.4285714286,17128.57142857142
-124.15,41.81,103100.0,80414.28571428571,22685.71428571429
-121.0,37.66,138100.0,104428.57142857143,33671.428571428565
-118.27,33.94,91600.0,114985.71428571429,-23385.71428571429
-116.97,32.76,228900.0,315771.4285714286,-86871.42857142858
-116.96,32.79,138800.0,140942.85714285713,-2142.8571428571304
-118.05,34.1,252200.0,238300.0,13900.0
-122.4,37.6,420300.0,391814.4285714286,28485.57142857142
-118.44,34.19,243600.0,219942.85714285713,23657.14285714287
-121.95,38.34,142100.0,164742.85714285713,-22642.85714285713
-119.01,35.38,67500.0,81971.42857142857,-14471.428571428565
-122.23,38.1,92800.0,115757.14285714286,-22957.142857142855
-117.9,33.7,190800.0,286500.14285714284,-95700.14285714284
-118.14,33.93,223900.0,254614.2857142857,-30714.28571428571
-117.97,34.09,143400.0,182842.85714285713,-39442.85714285713
-121.06,39.23,132700.0,117528.57142857143,15171.428571428565
-118.23,33.95,99000.0,93000.0,6000.0
-117.25,34.11,67700.0,90057.14285714286,-22357.142857142855
-117.94,33.81,227400.0,250685.7142857143,-23285.71428571429
-118.13,33.82,228600.0,240700.0,-12100.0
-117.9,34.53,135800.0,130571.42857142857,5228.571428571435
-122.12,37.42,362100.0,288185.71428571426,73914.28571428574
-122.42,37.74,281300.0,336228.71428571426,-54928.71428571426
-118.46,33.77,500001.0,489586.4285714286,10414.57142857142
-118.28,33.93,90600.0,155914.2857142857,-65314.28571428571
-120.68,37.47,66300.0,95328.57142857143,-29028.571428571435
-117.61,34.04,150200.0,125000.0,25200.0
-118.1,34.07,170300.0,143171.42857142858,27128.57142857142
-120.02,39.24,99300.0,100285.71428571429,-985.7142857142899
-118.39,34.02,322900.0,345628.71428571426,-22728.71428571426
-120.1,39.19,213200.0,159271.42857142858,53928.57142857142
-118.2,34.14,217000.0,273128.71428571426,-56128.71428571426
-117.38,33.89,267900.0,234557.14285714287,33342.85714285713
-122.41,37.75,206300.0,169014.2857142857,37285.71428571429
-118.05,34.16,376800.0,276885.71428571426,99914.28571428574
-121.49,38.56,87500.0,62028.57142857143,25471.428571428572
-122.82,38.44,304700.0,278285.71428571426,26414.28571428574
-122.18,37.45,460200.0,302114.28571428574,158085.71428571426
-121.81,38.01,128500.0,148157.14285714287,-19657.14285714287
-122.08,37.4,284600.0,307985.71428571426,-23385.71428571426
-118.29,34.03,119600.0,129242.85714285714,-9642.857142857145
-118.27,33.84,208600.0,210871.42857142858,-2271.4285714285797
-122.42,37.79,117500.0,219571.42857142858,-102071.42857142858
-119.28,36.32,66900.0,62214.28571428572,4685.714285714283
-118.2,33.82,204800.0,212514.2857142857,-7714.28571428571
-119.73,36.8,74600.0,96114.28571428571,-21514.28571428571
-117.1,32.67,109100.0,110485.71428571429,-1385.7142857142899
-118.21,34.05,114300.0,125200.0,-10900.0
-118.39,34.04,308300.0,269542.85714285716,38757.14285714284
-118.91,35.4,113000.0,106085.71428571429,6914.28571428571
-117.66,35.6,91700.0,90871.42857142857,828.5714285714348
-122.92,38.97,134200.0,164314.2857142857,-30114.28571428571
-118.51,33.98,425000.0,271471.4285714286,153528.57142857142
-120.02,36.95,53900.0,56685.71428571428,-2785.7142857142826
-122.05,37.89,310600.0,196242.85714285713,114357.14285714287
-118.25,34.09,241700.0,252286.0,-10586.0
-122.02,37.4,226800.0,295628.5714285714,-68828.57142857142
-119.78,36.27,100800.0,110942.85714285714,-10142.857142857145
-122.4,37.71,238000.0,223157.14285714287,14842.85714285713
-117.33,33.16,245500.0,168557.14285714287,76942.85714285713
-117.95,34.05,156500.0,158042.85714285713,-1542.8571428571304
-120.32,38.71,115600.0,151228.57142857142,-35628.57142857142
-119.7,36.8,66400.0,72485.71428571429,-6085.71428571429
-119.79,36.78,58800.0,63757.142857142855,-4957.142857142855
-117.4,33.85,223600.0,186314.2857142857,37285.71428571429
-119.15,34.2,169300.0,157785.7142857143,11514.28571428571
-117.91,34.14,166700.0,147585.7142857143,19114.28571428571
-117.82,33.73,225000.0,249742.85714285713,-24742.85714285713
-117.25,34.12,72600.0,104914.28571428571,-32314.28571428571
-116.96,32.86,160300.0,210857.14285714287,-50557.14285714287
-117.09,32.64,147500.0,209814.2857142857,-62314.28571428571
-117.33,33.22,91200.0,191800.0,-100600.0
-122.02,37.95,208300.0,181371.42857142858,26928.57142857142
-122.48,37.78,335300.0,206571.42857142858,128728.57142857142
-121.59,39.78,58000.0,87885.71428571429,-29885.71428571429
-118.14,34.18,226500.0,226585.7142857143,-85.71428571428987
-117.22,32.74,345200.0,411828.85714285716,-66628.85714285716
-119.35,36.22,106800.0,81642.85714285714,25157.142857142855
-118.08,34.15,500001.0,140285.7142857143,359715.2857142857
-122.41,37.79,275000.0,228728.57142857142,46271.42857142858
-122.91,39.03,95800.0,104285.71428571429,-8485.71428571429
-118.27,34.02,97200.0,154228.57142857142,-57028.57142857142
-116.96,32.71,155000.0,136914.2857142857,18085.71428571429
-122.49,38.0,400000.0,334214.28571428574,65785.71428571426
-118.36,34.1,500001.0,304071.4285714286,195929.57142857142
-122.47,37.67,304300.0,266542.85714285716,37757.14285714284
-117.82,33.77,359200.0,412786.0,-53586.0
-117.04,32.77,144700.0,175528.57142857142,-30828.57142857142
-122.31,37.54,352800.0,191057.14285714287,161742.85714285713
-122.14,37.84,355600.0,279142.85714285716,76457.14285714284
-121.32,38.02,99100.0,123085.71428571429,-23985.71428571429
-118.13,34.16,250400.0,292814.4285714286,-42414.42857142858
-117.34,34.12,105600.0,146757.14285714287,-41157.14285714287
-122.08,37.36,500001.0,441114.4285714286,58886.57142857142
-118.2,34.12,162000.0,177500.0,-15500.0
-117.86,33.88,272200.0,283400.0,-11200.0
-118.34,33.89,245900.0,327828.5714285714,-81928.57142857142
-118.27,34.07,183300.0,163585.7142857143,19714.28571428571
-117.09,33.03,220700.0,290671.4285714286,-69971.42857142858
-122.32,37.97,161000.0,231442.85714285713,-70442.85714285713
-117.68,33.6,303900.0,315471.4285714286,-11571.42857142858
-116.95,32.76,266200.0,254714.2857142857,11485.71428571429
-117.13,32.69,90100.0,81885.71428571429,8214.28571428571
-115.57,32.78,87500.0,111071.42857142857,-23571.428571428565
-121.63,38.03,209400.0,147671.42857142858,61728.57142857142
-121.25,38.8,188700.0,205800.0,-17100.0
-118.27,33.97,101400.0,129485.71428571429,-28085.71428571429
-121.83,37.21,387500.0,390800.14285714284,-3300.1428571428405
-119.27,34.26,359100.0,287614.28571428574,71485.71428571426
-118.46,34.03,327300.0,303300.0,24000.0
-119.71,34.43,279200.0,282514.28571428574,-3314.2857142857392
-122.2,37.48,233600.0,316742.85714285716,-83142.85714285716
-122.2,37.78,163500.0,303828.5714285714,-140328.57142857142
-117.12,32.78,124200.0,194800.0,-70600.0
-118.48,34.0,450000.0,377171.5714285714,72828.42857142858
-117.42,34.11,111900.0,151742.85714285713,-39842.85714285713
-116.83,34.25,90800.0,129285.71428571429,-38485.71428571429
-120.45,34.94,120600.0,179771.42857142858,-59171.42857142858
-118.38,34.14,483800.0,392185.85714285716,91614.14285714284
-117.93,33.61,366700.0,267628.5714285714,99071.42857142858
-122.39,37.74,201000.0,136957.14285714287,64042.85714285713
-122.47,37.74,333600.0,272942.85714285716,60657.14285714284
-117.22,32.81,362500.0,172114.2857142857,190385.7142857143
-117.89,33.75,170100.0,158500.0,11600.0
-122.41,37.66,246700.0,199742.85714285713,46957.14285714287
-117.03,32.77,161200.0,228214.2857142857,-67014.28571428571
-121.87,39.74,147000.0,172485.7142857143,-25485.71428571429
-121.23,37.79,117900.0,161428.57142857142,-43528.57142857142
-121.32,38.89,111300.0,132714.2857142857,-21414.28571428571
-122.43,37.71,266500.0,264728.5714285714,1771.4285714285797
-118.12,34.69,113500.0,153642.85714285713,-40142.85714285713
-122.49,37.78,329100.0,276042.85714285716,53057.14285714284
-122.44,37.8,500001.0,306157.28571428574,193843.71428571426
-118.08,33.86,236500.0,157471.42857142858,79028.57142857142
-117.28,34.17,122200.0,157414.2857142857,-35214.28571428571
-120.9,39.93,81900.0,93442.85714285714,-11542.857142857145
-122.34,37.59,386400.0,334414.28571428574,51985.71428571426
-121.83,37.38,184800.0,181485.7142857143,3314.28571428571
-120.42,34.96,160700.0,198042.85714285713,-37342.85714285713
-121.48,38.53,101600.0,82657.14285714286,18942.857142857145
-118.41,34.15,424000.0,411671.5714285714,12328.42857142858
-121.95,37.28,262500.0,153171.42857142858,109328.57142857142
-118.07,34.16,369400.0,326757.28571428574,42642.71428571426
-118.18,34.05,115100.0,181442.85714285713,-66342.85714285713
-118.3,34.07,281700.0,193314.2857142857,88385.71428571429
-117.02,32.59,98100.0,153214.2857142857,-55114.28571428571
-122.72,38.43,131100.0,130357.14285714286,742.8571428571449
-122.49,38.22,251800.0,192242.85714285713,59557.14285714287
-119.16,34.28,232700.0,187685.7142857143,45014.28571428571
-121.3,38.73,139200.0,145228.57142857142,-6028.57142857142
-123.5,39.67,71500.0,90442.85714285714,-18942.857142857145
-118.58,34.18,340500.0,324628.71428571426,15871.28571428574
-122.53,37.97,270800.0,249900.0,20900.0
-117.88,34.13,155600.0,187214.2857142857,-31614.28571428571
-119.32,36.3,89200.0,86242.85714285714,2957.142857142855
-118.27,33.86,167000.0,160242.85714285713,6757.14285714287
-117.34,34.51,103100.0,108271.42857142857,-5171.428571428565
-119.19,34.19,180500.0,162228.57142857142,18271.42857142858
-118.85,35.2,51200.0,59842.857142857145,-8642.857142857145
-118.45,34.25,204600.0,184700.0,19900.0
-122.07,37.88,387200.0,183228.57142857142,203971.42857142858
-122.24,38.07,162500.0,138842.85714285713,23657.14285714287
-122.02,38.26,120400.0,177614.2857142857,-57214.28571428571
-121.34,38.64,139700.0,141614.2857142857,-1914.2857142857101
-121.27,38.13,98200.0,88800.0,9400.0
-121.98,37.27,269400.0,261842.85714285713,7557.14285714287
-121.98,37.28,269100.0,180257.14285714287,88842.85714285713
-118.58,34.17,500001.0,270471.4285714286,229529.57142857142
-123.22,40.54,49600.0,73585.71428571429,-23985.71428571429
-121.54,39.08,58000.0,86385.71428571429,-28385.71428571429
-121.25,37.94,65900.0,74414.28571428571,-8514.28571428571
-117.6,34.03,175400.0,218514.2857142857,-43114.28571428571
-122.26,37.88,391800.0,398471.71428571426,-6671.714285714261
-118.02,34.15,280800.0,245957.14285714287,34842.85714285713
-120.96,37.64,90700.0,108628.57142857143,-17928.571428571435
-122.33,37.56,500001.0,500001.0,0.0
-122.19,37.77,92300.0,94471.42857142857,-2171.428571428565
-118.48,34.28,227100.0,230014.2857142857,-2914.28571428571
-117.13,32.76,162500.0,157385.7142857143,5114.28571428571
-121.96,37.31,290900.0,297085.71428571426,-6185.714285714261
-118.05,34.07,183100.0,162528.57142857142,20571.42857142858
-119.19,34.3,283200.0,292471.5714285714,-9271.57142857142
-117.04,32.83,177400.0,260028.57142857142,-82628.57142857142
-117.08,33.01,238700.0,232700.0,6000.0
-122.49,37.74,321300.0,243828.57142857142,77471.42857142858
-122.86,38.1,261500.0,301014.28571428574,-39514.28571428574
-118.3,33.94,99300.0,164042.85714285713,-64742.85714285713
-118.0,34.03,226100.0,204342.85714285713,21757.14285714287
-119.1,36.4,51700.0,47800.0,3900.0
-117.07,32.63,156900.0,153528.57142857142,3371.4285714285797
-117.08,33.14,160900.0,166100.0,-5200.0
-118.39,34.17,222400.0,280857.14285714284,-58457.14285714284
-117.9,33.71,305200.0,289914.4285714286,15285.57142857142
-118.2,33.92,138800.0,145828.57142857142,-7028.57142857142
-121.99,37.39,230700.0,241571.42857142858,-10871.42857142858
-121.48,38.56,94300.0,105842.85714285714,-11542.857142857145
-122.35,37.96,97200.0,98371.42857142857,-1171.4285714285652
-117.27,32.99,382100.0,283257.14285714284,98842.85714285716
-122.0,37.98,193200.0,212114.2857142857,-18914.28571428571
-122.47,38.3,209500.0,168757.14285714287,40742.85714285713
-121.82,37.32,231400.0,196285.7142857143,35114.28571428571
-122.17,37.76,89300.0,142485.7142857143,-53185.71428571429
-118.0,33.83,196100.0,219757.14285714287,-23657.14285714287
-117.58,33.87,113500.0,87400.0,26100.0
-121.86,37.29,178400.0,271000.0,-92600.0
-122.47,37.76,406500.0,347485.85714285716,59014.14285714284
-119.82,34.44,228200.0,214157.14285714287,14042.85714285713
-118.32,33.85,234800.0,274571.5714285714,-39771.57142857142
-117.96,33.8,231300.0,189242.85714285713,42057.14285714287
-118.38,33.75,500001.0,405600.14285714284,94400.85714285716
-117.18,32.83,184100.0,231271.42857142858,-47171.42857142858
-118.02,33.91,213700.0,210257.14285714287,3442.8571428571304
-122.03,37.27,500001.0,458471.5714285714,41529.42857142858
-118.25,34.08,169200.0,166557.14285714287,2642.8571428571304
-117.85,33.83,232400.0,239900.0,-7500.0
-118.43,33.98,351700.0,359485.85714285716,-7785.8571428571595
-118.1,34.1,234600.0,203171.42857142858,31428.57142857142
-122.4,37.78,112500.0,126957.14285714286,-14457.142857142855
-120.96,37.66,145200.0,144028.57142857142,1171.4285714285797
-120.85,37.78,87200.0,91600.0,-4400.0
-119.78,36.82,53500.0,80928.57142857143,-27428.571428571435
-119.82,36.74,43800.0,56428.57142857143,-12628.571428571428
-122.73,41.76,94200.0,66742.85714285714,27457.142857142855
-118.19,33.78,218800.0,184800.0,34000.0
-121.98,38.39,191900.0,187314.2857142857,4585.71428571429
-119.79,36.81,132200.0,100071.42857142857,32128.571428571435
-118.97,35.38,46800.0,53742.857142857145,-6942.857142857145
-118.19,33.85,149700.0,220100.0,-70400.0
-122.05,38.26,126300.0,137728.57142857142,-11428.57142857142
-118.34,33.87,255900.0,211857.14285714287,44042.85714285713
-118.25,33.94,94500.0,117914.28571428571,-23414.28571428571
-117.69,33.8,237100.0,285043.0,-47943.0
-122.42,37.8,500001.0,448500.5714285714,51500.42857142858
-117.15,32.71,87500.0,103428.57142857143,-15928.571428571435
-121.87,39.75,126600.0,95142.85714285714,31457.142857142855
-118.04,33.8,245100.0,250828.57142857142,-5728.57142857142
-122.15,37.72,157400.0,255200.0,-97800.0
-124.1,40.95,78400.0,70271.42857142857,8128.571428571435
-118.3,33.89,218100.0,221071.42857142858,-2971.4285714285797
-122.25,37.81,350000.0,331342.85714285716,18657.14285714284
-121.92,37.32,198400.0,159471.42857142858,38928.57142857142
-117.97,34.1,143900.0,162057.14285714287,-18157.14285714287
-118.38,33.87,337900.0,329957.28571428574,7942.714285714261
-116.96,33.75,76300.0,90585.71428571429,-14285.71428571429
-117.05,32.63,160100.0,171028.57142857142,-10928.57142857142
-118.19,33.79,130600.0,137885.7142857143,-7285.71428571429
-116.97,32.79,112500.0,124842.85714285714,-12342.857142857145
-118.53,34.27,329200.0,247614.2857142857,81585.71428571429
-121.91,36.98,233300.0,199228.57142857142,34071.42857142858
-117.1,32.75,99200.0,113271.42857142857,-14071.428571428565
-117.9,33.78,197900.0,158800.0,39100.0
-121.88,37.43,204100.0,231528.57142857142,-27428.57142857142
-122.05,37.39,350000.0,318000.0,32000.0
-119.23,35.79,62100.0,60714.28571428572,1385.7142857142826
-122.38,37.73,140400.0,122357.14285714286,18042.857142857145
-117.96,33.68,152100.0,222357.14285714287,-70257.14285714287
-120.66,39.72,130500.0,112471.42857142857,18028.571428571435
-117.07,32.8,195100.0,202442.85714285713,-7342.85714285713
-119.2,34.26,199500.0,226100.0,-26600.0
-117.15,32.71,137500.0,106642.85714285714,30857.142857142855
-117.83,33.67,275000.0,162642.85714285713,112357.14285714287
-122.96,38.42,122900.0,182957.14285714287,-60057.14285714287
-117.69,35.63,109000.0,155342.85714285713,-46342.85714285713
-117.43,34.08,121700.0,125228.57142857143,-3528.571428571435
-117.69,33.65,302000.0,338414.28571428574,-36414.28571428574
-118.17,33.77,241700.0,235500.0,6200.0
-116.98,32.86,153200.0,196271.42857142858,-43071.42857142858
-119.8,36.8,169300.0,298685.85714285716,-129385.85714285716
-118.84,34.15,358500.0,419685.85714285716,-61185.85714285716
-121.48,38.55,175000.0,141885.7142857143,33114.28571428571
-117.07,33.72,112500.0,120842.85714285714,-8342.857142857145
-122.26,37.54,376000.0,335871.4285714286,40128.57142857142
-120.35,38.04,118800.0,122342.85714285714,-3542.857142857145
-118.0,33.95,401000.0,414757.71428571426,-13757.71428571426
-121.46,38.49,107900.0,155885.7142857143,-47985.71428571429
-118.41,33.93,339700.0,313085.71428571426,26614.28571428574
-118.08,33.93,158000.0,169542.85714285713,-11542.85714285713
-118.34,34.11,468800.0,320828.5714285714,147971.42857142858
-121.45,38.62,63100.0,71142.85714285714,-8042.857142857145
-118.43,34.22,184600.0,218428.57142857142,-33828.57142857142
-121.67,36.66,189700.0,212314.2857142857,-22614.28571428571
-117.7,33.59,190900.0,210271.42857142858,-19371.42857142858
-117.09,32.63,67500.0,128485.71428571429,-60985.71428571429
-122.28,37.82,85300.0,84957.14285714286,342.85714285714494
-118.01,34.08,173600.0,160714.2857142857,12885.71428571429
-117.09,32.62,129700.0,98228.57142857143,31471.428571428565
-117.07,32.8,181000.0,225542.85714285713,-44542.85714285713
-121.94,36.57,500001.0,500001.0,0.0
-118.08,33.79,376200.0,447500.28571428574,-71300.28571428574
-117.11,32.84,243000.0,292585.71428571426,-49585.71428571426
-117.08,33.82,148200.0,179800.0,-31600.0
-119.03,34.24,238100.0,257885.7142857143,-19785.71428571429
-122.45,37.76,450000.0,372386.0,77614.0
-121.98,37.35,240000.0,279614.4285714286,-39614.42857142858
-122.25,37.87,500001.0,141500.0,358501.0
-121.88,37.29,274100.0,275700.0,-1600.0
-120.41,34.96,190100.0,227285.7142857143,-37185.71428571429
-122.44,37.67,268400.0,250657.14285714287,17742.85714285713
-118.31,34.16,349300.0,259000.0,90300.0
-122.5,37.74,275700.0,242585.7142857143,33114.28571428571
-117.59,33.65,182800.0,251985.85714285713,-69185.85714285713
-117.79,33.75,500001.0,500001.0,0.0
-118.13,33.84,213200.0,255828.57142857142,-42628.57142857142
-121.82,37.28,179500.0,182414.2857142857,-2914.28571428571
-118.21,34.09,138500.0,107514.28571428571,30985.71428571429
-118.15,33.78,181300.0,194542.85714285713,-13242.85714285713
-118.47,34.0,340500.0,219657.14285714287,120842.85714285713
-122.07,37.44,225000.0,185714.2857142857,39285.71428571429
-121.63,39.14,68300.0,77557.14285714286,-9257.142857142855
-122.47,37.71,237900.0,264800.0,-26900.0
-118.22,34.09,149700.0,145442.85714285713,4257.14285714287
-118.31,33.97,125800.0,173357.14285714287,-47557.14285714287
-119.8,36.77,87600.0,77042.85714285714,10557.142857142855
-118.2,34.04,125000.0,165671.42857142858,-40671.42857142858
-121.49,38.58,168800.0,104742.85714285714,64057.142857142855
-117.07,32.69,135000.0,142271.42857142858,-7271.42857142858
-118.24,33.93,86300.0,119271.42857142857,-32971.428571428565
-121.42,38.62,64900.0,86242.85714285714,-21342.857142857145
-121.2,37.78,106300.0,202142.85714285713,-95842.85714285713
-118.02,33.7,285700.0,273342.85714285716,12357.14285714284
-122.53,37.66,272400.0,254500.0,17900.0
-118.72,34.28,217700.0,249857.14285714287,-32157.14285714287
-122.17,37.75,91800.0,119842.85714285714,-28042.857142857145
-117.94,34.04,163000.0,168671.42857142858,-5671.42857142858
-117.62,34.02,195100.0,189957.14285714287,5142.85714285713
-121.52,38.58,32500.0,85000.0,-52500.0
-118.53,34.24,275300.0,171214.2857142857,104085.71428571429
-119.53,36.78,136900.0,109228.57142857143,27671.428571428565
-119.12,34.25,194100.0,148385.7142857143,45714.28571428571
-117.91,33.91,230200.0,200614.2857142857,29585.71428571429
-121.32,38.66,143600.0,151357.14285714287,-7757.14285714287
-119.79,36.74,39600.0,50128.57142857143,-10528.571428571428
-122.29,40.43,59800.0,74585.71428571429,-14785.71428571429
-118.02,33.91,210700.0,218514.2857142857,-7814.28571428571
-120.9,37.76,156300.0,126757.14285714286,29542.857142857145
-118.16,33.85,215600.0,208342.85714285713,7257.14285714287
-118.29,33.91,177500.0,179971.42857142858,-2471.4285714285797
-122.14,37.72,218900.0,203128.57142857142,15771.42857142858
-117.7,34.07,128400.0,157771.42857142858,-29371.42857142858
-117.23,32.8,190600.0,150314.2857142857,40285.71428571429
-118.48,34.01,398300.0,312185.71428571426,86114.28571428574
-117.27,33.06,367100.0,165200.0,201900.0
-119.87,36.83,122500.0,154600.0,-32100.0
-118.32,33.84,376100.0,185414.42857142858,190685.57142857142
-117.97,34.05,157600.0,149457.14285714287,8142.85714285713
-121.23,38.12,178100.0,133228.57142857142,44871.42857142858
-117.33,34.13,72400.0,106014.28571428571,-33614.28571428571
-122.01,37.54,287600.0,267400.0,20200.0
-120.33,39.3,175000.0,95571.42857142857,79428.57142857143
-117.22,32.86,280800.0,213957.14285714287,66842.85714285713
-117.97,34.09,160500.0,176628.57142857142,-16128.57142857142
-117.08,32.62,158600.0,145414.2857142857,13185.71428571429
-121.3,38.65,144300.0,153871.42857142858,-9571.42857142858
-118.3,33.96,136300.0,215742.85714285713,-79442.85714285713
-118.29,33.89,218200.0,242585.7142857143,-24385.71428571429
-117.76,33.54,466400.0,394600.14285714284,71799.85714285716
-117.76,33.72,386100.0,459043.14285714284,-72943.14285714284
-118.07,34.13,251200.0,222928.57142857142,28271.42857142858
-121.77,36.93,190400.0,178785.7142857143,11614.28571428571
-118.11,33.83,223100.0,205785.7142857143,17314.28571428571
-118.23,34.22,361000.0,294028.5714285714,66971.42857142858
-120.92,37.65,275000.0,110085.71428571429,164914.2857142857
-121.53,39.06,70800.0,117042.85714285714,-46242.857142857145
-122.55,37.91,460000.0,240385.7142857143,219614.2857142857
-121.0,37.64,67500.0,74285.71428571429,-6785.71428571429
-121.5,38.61,225000.0,143900.0,81100.0
-123.59,38.8,176100.0,167914.2857142857,8185.71428571429
-117.68,35.62,52400.0,73842.85714285714,-21442.857142857145
-121.82,37.36,167600.0,173357.14285714287,-5757.14285714287
-121.62,39.09,99700.0,139142.85714285713,-39442.85714285713
-117.1,32.68,88900.0,163700.0,-74800.0
-122.4,37.71,223700.0,249800.0,-26100.0
-118.61,34.21,180500.0,207400.0,-26900.0
-118.29,33.95,93200.0,115628.57142857143,-22428.571428571435
-118.12,34.0,173800.0,192471.42857142858,-18671.42857142858
-117.92,33.63,490800.0,452300.5714285714,38499.42857142858
-118.26,34.0,104200.0,146571.42857142858,-42371.42857142858
-118.41,33.99,276100.0,204814.2857142857,71285.71428571429
-122.41,37.75,254700.0,371014.28571428574,-116314.28571428574
-118.45,34.25,212300.0,221914.2857142857,-9614.28571428571
-120.27,36.29,87500.0,68771.42857142857,18728.571428571435
-119.57,36.44,94200.0,94200.0,0.0
-121.87,37.38,163500.0,251800.0,-88300.0
-117.8,33.52,500001.0,223614.2857142857,276386.7142857143
-118.13,34.15,125000.0,199528.57142857142,-74528.57142857142
-122.28,37.87,182300.0,199542.85714285713,-17242.85714285713
-118.3,34.01,111700.0,121628.57142857143,-9928.571428571435
-118.15,33.88,146000.0,201214.2857142857,-55214.28571428571
-118.51,34.25,500001.0,480757.85714285716,19243.14285714284
-118.53,34.27,320500.0,264657.14285714284,55842.85714285716
-118.97,35.38,48000.0,50457.142857142855,-2457.142857142855
-122.09,37.63,168800.0,276785.85714285716,-107985.85714285716
-116.19,33.67,67500.0,90142.85714285714,-22642.857142857145
-118.04,34.07,173100.0,129728.57142857143,43371.428571428565
-120.65,37.09,150000.0,77542.85714285714,72457.14285714286
-122.48,37.75,329200.0,379686.0,-50486.0
-122.74,38.42,141000.0,121185.71428571429,19814.28571428571
-118.36,34.26,378000.0,426743.14285714284,-48743.14285714284
-119.16,36.31,80200.0,73142.85714285714,7057.142857142855
-118.3,33.79,203300.0,189357.14285714287,13942.85714285713
-122.09,37.21,394900.0,363928.5714285714,30971.42857142858
-119.87,36.78,84500.0,128785.71428571429,-44285.71428571429
-118.41,34.03,327300.0,241414.2857142857,85885.71428571429
-117.95,33.74,201200.0,199557.14285714287,1642.8571428571304
-122.39,37.76,162500.0,267000.0,-104500.0
-117.67,33.6,266000.0,304742.85714285716,-38742.85714285716
-119.25,34.27,221200.0,222942.85714285713,-1742.8571428571304
-118.3,34.26,176500.0,201128.57142857142,-24628.57142857142
-122.27,37.86,206300.0,197728.57142857142,8571.42857142858
-118.44,33.98,500001.0,212457.14285714287,287543.85714285716
-117.88,34.14,186700.0,187800.0,-1100.0
-120.45,34.64,112500.0,242757.2857142857,-130257.28571428571
-117.34,34.07,90500.0,93842.85714285714,-3342.857142857145
-117.93,33.79,190800.0,198714.2857142857,-7914.28571428571
-117.55,33.9,198800.0,204285.7142857143,-5485.71428571429
-124.05,40.94,165600.0,124400.0,41200.0
-118.34,33.78,500001.0,430414.85714285716,69586.14285714284
-118.08,33.89,145700.0,156385.7142857143,-10685.71428571429
-121.3,38.89,91300.0,98528.57142857143,-7228.571428571435
-118.34,33.99,140400.0,199942.85714285713,-59542.85714285713
-117.5,34.12,191700.0,228614.2857142857,-36914.28571428571
-115.57,32.84,61100.0,64528.57142857143,-3428.5714285714275
-117.08,32.59,153000.0,146300.0,6700.0
-119.65,36.35,85500.0,73128.57142857143,12371.428571428565
-121.03,39.14,164500.0,161942.85714285713,2557.1428571428696
-117.85,34.08,386200.0,404614.85714285716,-18414.85714285716
-122.25,37.85,341300.0,350243.0,-8943.0
-118.61,34.19,246400.0,237028.57142857142,9371.42857142858
-117.7,34.09,121800.0,188871.42857142858,-67071.42857142858
-117.14,32.92,132500.0,197414.2857142857,-64914.28571428571
-118.27,33.95,98000.0,148885.7142857143,-50885.71428571429
-118.54,34.23,241400.0,190671.42857142858,50728.57142857142
-118.2,34.11,171300.0,258585.7142857143,-87285.71428571429
-121.94,38.37,120100.0,185785.7142857143,-65685.71428571429
-118.46,34.07,500001.0,500001.0,0.0
-118.33,33.91,192700.0,210542.85714285713,-17842.85714285713
-122.2,37.47,232800.0,214214.2857142857,18585.71428571429
-122.69,38.35,191800.0,217385.7142857143,-25585.71428571429
-121.82,37.37,196300.0,216071.42857142858,-19771.42857142858
-118.2,34.14,293900.0,355371.5714285714,-61471.57142857142
-122.18,37.75,84600.0,111814.28571428571,-27214.28571428571
-118.43,34.07,500001.0,461429.0,38572.0
-118.47,34.14,500001.0,464171.85714285716,35829.14285714284
-122.24,38.11,107300.0,257314.2857142857,-150014.2857142857
-122.73,38.42,150000.0,253314.2857142857,-103314.28571428571
-121.92,37.34,204200.0,224071.42857142858,-19871.42857142858
-119.89,34.44,268300.0,291157.14285714284,-22857.14285714284
-117.04,34.02,103500.0,155028.57142857142,-51528.57142857142
-118.21,33.98,161500.0,155442.85714285713,6057.14285714287
-118.22,34.63,222400.0,216928.57142857142,5471.42857142858
-117.9,33.82,166900.0,155328.57142857142,11571.42857142858
-117.84,33.78,229200.0,245557.14285714287,-16357.14285714287
-118.45,34.24,205900.0,173628.57142857142,32271.42857142858
-119.03,36.13,95500.0,57357.142857142855,38142.857142857145
-118.21,33.82,162500.0,217771.42857142858,-55271.42857142858
-118.12,33.79,240700.0,226271.42857142858,14428.57142857142
-120.04,36.79,82800.0,71657.14285714286,11142.857142857145
-116.57,33.84,230200.0,150685.7142857143,79514.28571428571
-118.26,34.07,185900.0,172542.85714285713,13357.14285714287
-118.31,34.02,105800.0,112057.14285714286,-6257.142857142855
-122.26,37.84,118800.0,88557.14285714286,30242.857142857145
-122.31,38.27,194400.0,201200.0,-6800.0
-122.73,38.37,183300.0,146200.0,37100.0
-122.07,37.91,292500.0,178428.57142857142,114071.42857142858
-118.21,34.09,144200.0,143600.0,600.0
-118.48,34.04,500001.0,254214.2857142857,245786.7142857143
-118.29,33.97,134200.0,280371.5714285714,-146171.57142857142
-119.74,36.76,52800.0,56271.42857142857,-3471.4285714285725
-118.0,33.89,188700.0,197614.2857142857,-8914.28571428571
-117.64,33.66,204000.0,243942.85714285713,-39942.85714285713
-122.08,37.64,179500.0,144885.7142857143,34614.28571428571
-121.42,38.55,98900.0,128885.71428571429,-29985.71428571429
-118.31,33.82,279900.0,225328.57142857142,54571.42857142858
-122.09,37.39,327700.0,244900.0,82800.0
-118.12,34.09,208000.0,191242.85714285713,16757.14285714287
-122.16,38.05,208300.0,273671.5714285714,-65371.57142857142
-122.65,38.92,112500.0,123257.14285714286,-10757.142857142855
-117.06,32.81,234700.0,302385.71428571426,-67685.71428571426
-116.76,32.74,214500.0,189300.0,25200.0
-118.6,34.16,338500.0,378471.5714285714,-39971.57142857142
-122.21,37.46,500001.0,500001.0,0.0
-117.64,33.45,284100.0,261642.85714285713,22457.14285714287
-122.56,37.91,500001.0,412357.4285714286,87643.57142857142
-118.39,34.2,181300.0,156528.57142857142,24771.42857142858
-122.04,38.25,125000.0,129714.28571428571,-4714.28571428571
-118.43,34.01,412500.0,195942.85714285713,216557.14285714287
-119.71,36.82,112500.0,80414.28571428571,32085.71428571429
-121.64,40.9,90300.0,66257.14285714286,24042.857142857145
-123.37,39.43,96000.0,150000.0,-54000.0
-122.26,37.83,142500.0,181528.57142857142,-39028.57142857142
-118.76,34.28,266300.0,263357.14285714284,2942.8571428571595
-118.32,34.04,165000.0,139871.42857142858,25128.57142857142
-117.64,34.08,118000.0,132628.57142857142,-14628.57142857142
-118.29,33.91,156400.0,255342.85714285713,-98942.85714285713
-122.46,37.73,426800.0,436600.5714285714,-9800.57142857142
-122.15,37.46,308600.0,274028.5714285714,34571.42857142858
-121.21,38.76,239200.0,129414.28571428571,109785.71428571429
-119.75,36.83,109400.0,123057.14285714286,-13657.142857142855
-117.32,34.14,66600.0,75271.42857142857,-8671.428571428565
-117.71,33.47,368500.0,332385.85714285716,36114.14285714284
-121.98,37.33,330500.0,332342.85714285716,-1842.8571428571595
-122.41,37.61,273600.0,281457.14285714284,-7857.1428571428405
-118.33,33.77,500001.0,491300.85714285716,8700.14285714284
-121.88,36.96,321100.0,332814.4285714286,-11714.42857142858
-122.67,38.45,242600.0,222257.14285714287,20342.85714285713
-119.25,34.28,231900.0,239842.85714285713,-7942.85714285713
-120.42,34.96,151400.0,205042.85714285713,-53642.85714285713
-116.94,32.89,227800.0,197500.0,30300.0
-118.09,33.75,380000.0,389700.14285714284,-9700.14285714284
-119.06,35.36,95200.0,144085.7142857143,-48885.71428571429
-117.96,33.76,193900.0,178428.57142857142,15471.42857142858
-121.62,37.09,260700.0,216457.14285714287,44242.85714285713
-118.12,33.99,191000.0,176542.85714285713,14457.14285714287
-117.31,34.11,64900.0,109428.57142857143,-44528.571428571435
-117.06,32.61,128300.0,193785.7142857143,-65485.71428571429
-118.33,33.96,189800.0,290300.0,-100500.0
-118.46,34.29,183300.0,179314.2857142857,3985.71428571429
-121.25,39.17,151800.0,101385.71428571429,50414.28571428571
-117.24,33.34,257300.0,202642.85714285713,54657.14285714287
-117.9,36.95,137500.0,70814.14285714286,66685.85714285714
-121.02,37.66,125000.0,98557.14285714286,26442.857142857145
-122.07,37.68,218100.0,158285.7142857143,59814.28571428571
-122.07,37.63,168100.0,170600.0,-2500.0
-118.99,37.63,231800.0,175285.7142857143,56514.28571428571
-119.19,35.41,149000.0,120785.71428571429,28214.28571428571
-117.91,33.79,170300.0,207314.2857142857,-37014.28571428571
-121.92,37.34,391300.0,304400.14285714284,86899.85714285716
-118.37,34.16,282300.0,250842.85714285713,31457.14285714287
-117.25,32.86,500001.0,422429.0,77572.0
-118.2,34.04,135400.0,196328.57142857142,-60928.57142857142
-122.49,37.78,328400.0,249700.0,78700.0
-118.29,34.05,350000.0,192885.7142857143,157114.2857142857
-117.93,33.78,182300.0,263971.4285714286,-81671.42857142858
-118.32,33.75,500001.0,500001.0,0.0
-118.13,34.02,192000.0,201642.85714285713,-9642.85714285713
-118.22,34.12,240800.0,265485.71428571426,-24685.71428571426
-118.28,34.09,175000.0,184485.7142857143,-9485.71428571429
-118.26,34.02,126400.0,123085.71428571429,3314.28571428571
-117.06,32.75,125900.0,141171.42857142858,-15271.42857142858
-117.94,33.86,194700.0,217600.0,-22900.0
-122.13,37.73,341800.0,389028.71428571426,-47228.71428571426
-116.93,32.87,211900.0,162242.85714285713,49657.14285714287
-116.14,34.45,137500.0,136557.14285714287,942.8571428571304
-117.25,32.8,270600.0,146271.42857142858,124328.57142857142
-117.2,32.82,172300.0,161614.2857142857,10685.71428571429
-117.21,32.75,262100.0,149657.14285714287,112442.85714285713
-118.2,33.85,149100.0,192357.14285714287,-43257.14285714287
-118.39,34.0,339100.0,199457.14285714287,139642.85714285713
-118.33,33.86,248600.0,236685.7142857143,11914.28571428571
-121.42,37.75,128700.0,184828.57142857142,-56128.57142857142
-118.06,33.83,343900.0,238900.0,105000.0
-118.2,33.78,175000.0,176800.0,-1800.0
-118.47,34.0,287500.0,219528.57142857142,67971.42857142858
-120.61,35.1,143600.0,175871.42857142858,-32271.42857142858
-118.32,33.81,346200.0,277342.85714285716,68857.14285714284
-118.13,33.82,232200.0,347257.14285714284,-115057.14285714284
-117.11,33.12,200000.0,150628.57142857142,49371.42857142858
-117.07,33.0,241500.0,247700.0,-6200.0
-121.47,38.61,67500.0,67742.85714285714,-242.85714285714494
-121.0,39.23,191700.0,158400.0,33300.0
-122.7,38.44,178300.0,219857.14285714287,-41557.14285714287
-122.02,38.0,178200.0,204557.14285714287,-26357.14285714287
-117.37,34.13,133200.0,155857.14285714287,-22657.14285714287
-117.95,34.16,273800.0,302800.14285714284,-29000.14285714284
-121.09,38.03,152200.0,181371.42857142858,-29171.42857142858
-121.98,38.29,187100.0,209442.85714285713,-22342.85714285713
-117.86,33.75,137500.0,158557.14285714287,-21057.14285714287
-117.67,34.06,110400.0,174285.7142857143,-63885.71428571429
-118.31,34.09,240600.0,207657.14285714287,32942.85714285713
-118.19,33.78,162500.0,180457.14285714287,-17957.14285714287
-121.28,38.75,83800.0,118328.57142857143,-34528.571428571435
-118.05,33.86,265600.0,225428.57142857142,40171.42857142858
-118.02,33.77,211500.0,215500.0,-4000.0
-117.2,34.04,173400.0,253414.2857142857,-80014.28571428571
-118.48,34.03,310000.0,197671.42857142858,112328.57142857142
-118.95,35.41,99500.0,119014.28571428571,-19514.28571428571
-117.95,33.76,191400.0,187971.42857142858,3428.5714285714203
-118.07,33.87,220100.0,174500.0,45600.0
-118.07,34.0,167300.0,187557.14285714287,-20257.14285714287
-119.4,36.53,65000.0,76128.57142857143,-11128.571428571435
-117.07,32.72,141800.0,176685.7142857143,-34885.71428571429
-118.53,34.16,290600.0,332457.14285714284,-41857.14285714284
-122.47,37.5,319200.0,205342.85714285713,113857.14285714287
-122.0,38.36,118800.0,106857.14285714286,11942.857142857145
-118.23,34.21,200000.0,242871.42857142858,-42871.42857142858
-118.24,34.14,219500.0,213871.42857142858,5628.57142857142
-120.11,34.66,289400.0,280257.14285714284,9142.85714285716
-118.3,34.0,116400.0,177057.14285714287,-60657.14285714287
-118.17,33.91,162300.0,160071.42857142858,2228.5714285714203
-121.37,38.61,114100.0,98957.14285714286,15142.857142857145
-119.73,36.76,71300.0,79871.42857142857,-8571.428571428565
-118.14,33.92,190500.0,193628.57142857142,-3128.5714285714203
-122.15,37.69,197300.0,192214.2857142857,5085.71428571429
-121.52,39.51,72200.0,101200.0,-29000.0
-118.32,33.98,103300.0,173557.14285714287,-70257.14285714287
-124.05,40.85,143000.0,96485.71428571429,46514.28571428571
-117.27,33.15,244900.0,216185.7142857143,28714.28571428571
-118.32,33.77,500001.0,329028.85714285716,170972.14285714284
-118.23,33.98,183300.0,130300.0,53000.0
-120.64,34.97,86100.0,134628.57142857142,-48528.57142857142
-122.29,37.88,218400.0,361286.0,-142886.0
-118.27,34.0,110800.0,98557.14285714286,12242.857142857145
-117.89,33.99,211300.0,195214.2857142857,16085.71428571429
-118.04,33.76,338800.0,300185.71428571426,38614.28571428574
-121.03,39.21,123100.0,133242.85714285713,-10142.85714285713
-120.79,37.82,269500.0,127114.28571428571,142385.7142857143
-118.47,33.99,321400.0,191342.85714285713,130057.14285714287
-117.98,35.13,81900.0,121528.57142857143,-39628.571428571435
-118.46,34.07,500001.0,479443.4285714286,20557.57142857142
-118.27,34.1,304600.0,369143.0,-64543.0
-121.5,38.34,72900.0,104657.14285714286,-31757.142857142855
-118.19,33.98,158000.0,132200.0,25800.0
-121.25,37.95,62200.0,71957.14285714286,-9757.142857142855
-120.17,39.33,116300.0,91242.85714285714,25057.142857142855
-117.4,33.9,314100.0,203428.57142857142,110671.42857142858
-117.92,33.98,362500.0,235671.42857142858,126828.57142857142
-117.26,32.85,500001.0,391314.4285714286,108686.57142857142
-122.19,37.76,74100.0,95914.28571428571,-21814.28571428571
-118.17,34.04,150000.0,132242.85714285713,17757.14285714287
-122.44,37.73,270000.0,326214.28571428574,-56214.28571428574
-121.21,37.8,120800.0,118142.85714285714,2657.142857142855
-122.05,37.97,250000.0,303357.14285714284,-53357.14285714284
-124.18,40.78,72200.0,77771.42857142857,-5571.428571428565
-122.06,37.39,375000.0,195357.14285714287,179642.85714285713
-122.12,37.09,239600.0,219000.0,20600.0
-117.7,33.56,183300.0,213014.2857142857,-29714.28571428571
-118.08,33.97,161200.0,194600.0,-33400.0
-122.45,37.71,251000.0,227800.0,23200.0
-118.91,35.24,45500.0,93257.14285714286,-47757.142857142855
-122.41,37.75,178100.0,219842.85714285713,-41742.85714285713
-122.33,38.31,258900.0,231457.14285714287,27442.85714285713
-122.16,37.77,145800.0,165900.0,-20100.0
-121.32,39.43,84700.0,73785.71428571429,10914.28571428571
-117.99,33.71,216700.0,163228.57142857142,53471.42857142858
-121.4,38.63,130400.0,112757.14285714286,17642.857142857145
-122.0,38.35,158500.0,124942.85714285714,33557.142857142855
-121.33,38.7,117800.0,131385.7142857143,-13585.71428571429
-118.74,34.27,215000.0,264557.14285714284,-49557.14285714284
-121.99,37.55,268600.0,267642.85714285716,957.1428571428405
-119.63,36.18,100000.0,99471.42857142857,528.5714285714348
-118.02,33.98,332700.0,412471.71428571426,-79771.71428571426
-117.9,33.98,186700.0,164614.2857142857,22085.71428571429
-119.77,36.73,53000.0,60485.71428571428,-7485.714285714283
-122.3,37.97,149700.0,171400.0,-21700.0
-118.45,34.0,345800.0,277571.5714285714,68228.42857142858
-121.32,38.69,124500.0,138385.7142857143,-13885.71428571429
-121.88,37.64,475800.0,474100.71428571426,1699.2857142857392
-122.46,37.75,500001.0,364714.4285714286,135286.57142857142
-122.13,37.39,500001.0,500001.0,0.0
-117.86,33.74,175900.0,158185.7142857143,17714.28571428571
-122.17,37.73,183300.0,288885.71428571426,-105585.71428571426
-117.89,33.66,253100.0,340343.0,-87243.0
-117.73,34.09,117800.0,161042.85714285713,-43242.85714285713
-117.16,33.92,143500.0,174857.14285714287,-31357.14285714287
-122.44,37.77,500001.0,395471.85714285716,104529.14285714284
-121.46,39.54,142300.0,114000.0,28300.0
-118.21,33.93,121000.0,139928.57142857142,-18928.57142857142
-122.53,37.97,268800.0,245114.2857142857,23685.71428571429
-122.1,37.72,330200.0,325771.5714285714,4428.42857142858
-118.2,34.05,121800.0,136228.57142857142,-14428.57142857142
-118.03,34.11,416900.0,314671.4285714286,102228.57142857142
-117.88,33.83,266700.0,295800.0,-29100.0
-118.1,34.02,189400.0,181100.0,8300.0
-118.54,34.17,443600.0,349371.4285714286,94228.57142857142
-118.09,33.96,163000.0,172714.2857142857,-9714.28571428571
-117.99,34.0,382500.0,306642.85714285716,75857.14285714284
-117.07,32.6,106300.0,130242.85714285714,-23942.857142857145
-121.67,40.89,57800.0,85328.57142857143,-27528.571428571435
-121.18,41.31,57500.0,72671.42857142857,-15171.428571428565
-117.23,32.79,238000.0,243528.57142857142,-5528.57142857142
-118.11,33.84,218900.0,227342.85714285713,-8442.85714285713
-118.32,33.98,118600.0,165557.14285714287,-46957.14285714287
-118.13,34.18,309100.0,435700.4285714286,-126600.42857142858
-122.02,37.59,213200.0,229771.42857142858,-16571.42857142858
-117.98,33.78,180200.0,193542.85714285713,-13342.85714285713
-118.47,34.01,470800.0,302571.4285714286,168228.57142857142
-117.02,33.6,337200.0,131757.14285714287,205442.85714285713
-117.35,34.01,95300.0,117171.42857142857,-21871.428571428565
-121.89,38.01,103900.0,166828.57142857142,-62928.57142857142
-119.04,34.28,500001.0,215942.85714285713,284058.14285714284
-117.17,32.73,215000.0,176985.7142857143,38014.28571428571
-118.45,34.32,189400.0,208328.57142857142,-18928.57142857142
-118.34,34.04,171400.0,198142.85714285713,-26742.85714285713
-122.47,37.75,357000.0,384185.71428571426,-27185.71428571426
-122.14,37.67,196200.0,181871.42857142858,14328.57142857142
-118.25,33.99,98500.0,116600.0,-18100.0
-118.59,34.21,178800.0,218614.2857142857,-39814.28571428571
-117.9,33.91,226600.0,251100.0,-24500.0
-118.14,33.87,171400.0,203214.2857142857,-31814.28571428571
-122.27,37.88,271400.0,205457.2857142857,65942.71428571429
-121.53,38.5,216800.0,222714.2857142857,-5914.28571428571
-122.68,38.76,67900.0,131071.42857142857,-63171.428571428565
-117.44,33.99,171300.0,186428.57142857142,-15128.57142857142
-118.35,34.03,110900.0,125214.28571428571,-14314.28571428571
-118.51,34.26,332500.0,308857.28571428574,23642.71428571426
-117.13,32.75,150000.0,125385.71428571429,24614.28571428571
-122.0,38.38,173400.0,212957.14285714287,-39557.14285714287
-122.04,36.97,237500.0,277571.4285714286,-40071.42857142858
-119.02,35.33,65800.0,66200.0,-400.0
-118.45,34.31,173100.0,250542.85714285713,-77442.85714285713
-122.49,37.75,321200.0,279928.5714285714,41271.42857142858
-121.91,37.3,265000.0,226300.0,38700.0
-121.41,39.72,87500.0,95200.0,-7700.0
-118.46,34.26,210300.0,230271.42857142858,-19971.42857142858
-121.96,37.34,247800.0,179742.85714285713,68057.14285714287
-118.19,34.16,375700.0,449629.0,-73929.0
-120.37,38.25,113700.0,126128.57142857143,-12428.571428571435
-122.23,37.42,500001.0,381328.71428571426,118672.28571428574
-118.99,35.35,45600.0,51071.42857142857,-5471.4285714285725
-120.48,37.32,130600.0,107285.71428571429,23314.28571428571
-118.15,33.78,198600.0,248757.14285714287,-50157.14285714287
-118.49,34.03,436700.0,403328.71428571426,33371.28571428574
-121.46,38.65,92600.0,133928.57142857142,-41328.57142857142
-122.26,37.83,150000.0,107342.85714285714,42657.142857142855
-118.36,33.81,359900.0,238942.85714285713,120957.14285714287
-117.25,32.83,500001.0,475429.14285714284,24571.85714285716
-119.81,37.67,93800.0,141285.7142857143,-47485.71428571429
-121.59,38.69,383300.0,364271.5714285714,19028.42857142858
-121.29,38.36,191700.0,195157.14285714287,-3457.1428571428696
-121.91,37.26,267200.0,255714.2857142857,11485.71428571429
-120.56,35.07,280200.0,254042.85714285713,26157.14285714287
-119.75,36.73,52100.0,55285.71428571428,-3185.7142857142826
-121.58,39.76,110200.0,105685.71428571429,4514.28571428571
-119.69,36.86,164600.0,107457.14285714286,57142.857142857145
-122.56,38.03,324800.0,428414.71428571426,-103614.71428571426
-121.33,38.69,122700.0,143814.2857142857,-21114.28571428571
-117.25,32.75,216700.0,256328.57142857142,-39628.57142857142
-124.11,40.93,73600.0,105300.0,-31700.0
-122.49,37.63,254100.0,202442.85714285713,51657.14285714287
-118.16,33.96,187500.0,148600.0,38900.0
-121.92,38.01,166000.0,234514.2857142857,-68514.28571428571
-121.24,37.82,157900.0,192842.85714285713,-34942.85714285713
-118.34,33.92,193800.0,174228.57142857142,19571.42857142858
-119.74,36.85,140800.0,177900.0,-37100.0
-122.05,39.6,95300.0,88471.42857142857,6828.571428571435
-118.7,34.3,227000.0,299114.28571428574,-72114.28571428574
-122.24,37.49,265600.0,237057.14285714287,28542.85714285713
-120.45,34.95,90200.0,154242.85714285713,-64042.85714285713
-118.09,34.07,183200.0,183685.7142857143,-485.7142857142899
-116.92,32.82,184600.0,192185.7142857143,-7585.71428571429
-122.27,37.8,162500.0,123528.57142857143,38971.428571428565
-121.5,38.58,125000.0,177514.2857142857,-52514.28571428571
-122.27,37.83,97200.0,94000.0,3200.0
-118.36,34.09,355300.0,303571.4285714286,51728.57142857142
-122.27,38.28,136200.0,126914.28571428571,9285.71428571429
-118.29,34.04,125000.0,147885.7142857143,-22885.71428571429
-121.87,37.27,305600.0,291071.4285714286,14528.57142857142
-118.16,33.97,176600.0,136071.42857142858,40528.57142857142
-118.39,33.84,348600.0,341614.4285714286,6985.57142857142
-122.04,37.66,299200.0,198657.14285714287,100542.85714285713
-119.86,36.81,72100.0,104400.0,-32300.0
-118.25,33.91,109500.0,194614.2857142857,-85114.28571428571
-118.08,34.14,281100.0,350471.5714285714,-69371.57142857142
-118.12,33.87,156300.0,214571.42857142858,-58271.42857142858
-117.81,33.73,234200.0,222028.57142857142,12171.42857142858
-119.66,36.34,59700.0,78071.42857142857,-18371.428571428565
-116.99,32.81,250000.0,271285.71428571426,-21285.71428571426
-118.3,34.1,203300.0,259785.7142857143,-56485.71428571429
-118.13,34.15,173100.0,160757.14285714287,12342.85714285713
-116.91,32.73,300300.0,289585.71428571426,10714.28571428574
-118.31,33.88,238000.0,221871.42857142858,16128.57142857142
-121.83,37.32,179000.0,161728.57142857142,17271.42857142858
-118.1,33.9,166000.0,227785.7142857143,-61785.71428571429
-117.92,34.1,160700.0,174971.42857142858,-14271.42857142858
-117.24,33.2,147500.0,217428.7142857143,-69928.71428571429
-117.85,34.12,192100.0,223600.0,-31500.0
-119.78,36.75,56400.0,49414.28571428572,6985.714285714283
-118.36,34.08,304800.0,387200.28571428574,-82400.28571428574
-118.57,34.18,439800.0,391028.71428571426,48771.28571428574
-122.95,39.13,137500.0,103485.71428571429,34014.28571428571
-117.07,33.13,137500.0,115442.85714285714,22057.142857142855
-118.34,34.04,134600.0,145342.85714285713,-10742.85714285713
-122.42,37.75,262500.0,234671.42857142858,27828.57142857142
-121.37,38.68,83400.0,82914.28571428571,485.7142857142899
-115.59,32.96,113500.0,138157.14285714287,-24657.14285714287
-119.63,36.34,71400.0,92085.71428571429,-20685.71428571429
-122.6,38.24,204500.0,243085.7142857143,-38585.71428571429
-117.98,33.95,282400.0,398014.71428571426,-115614.71428571426
-118.19,33.93,145700.0,149500.0,-3800.0
-122.09,37.4,264700.0,251771.42857142858,12928.57142857142
-122.42,37.63,275000.0,203843.0,71157.0
-117.09,33.11,171600.0,154100.0,17500.0
-117.54,33.82,216700.0,214042.85714285713,2657.1428571428696
-118.06,33.91,180700.0,215128.57142857142,-34428.57142857142
-119.94,38.96,212500.0,104057.14285714286,108442.85714285714
-119.84,36.82,167700.0,131385.7142857143,36314.28571428571
-119.0,35.36,42500.0,50642.857142857145,-8142.857142857145
-117.19,32.79,238400.0,237185.7142857143,1214.2857142857101
-121.29,38.68,144000.0,102842.85714285714,41157.142857142855
-119.0,35.36,43600.0,50642.857142857145,-7042.857142857145
-117.63,33.45,363500.0,292643.0,70857.0
-122.13,37.72,186200.0,241628.7142857143,-55428.71428571429
-115.38,32.81,67500.0,66157.14285714286,1342.857142857145
-118.05,33.82,159600.0,275557.14285714284,-115957.14285714284
-118.45,34.21,195600.0,188900.0,6700.0
-117.05,32.76,154800.0,220742.85714285713,-65942.85714285713
-118.58,34.15,450700.0,437986.0,12714.0
-121.45,38.53,69900.0,64971.42857142857,4928.5714285714275
-117.01,32.7,132200.0,177342.85714285713,-45142.85714285713
-117.8,33.69,328000.0,339314.28571428574,-11314.28571428574
-122.5,37.74,272800.0,270771.4285714286,2028.5714285714203
-116.71,33.94,66300.0,137957.14285714287,-71657.14285714287
-121.49,38.63,129300.0,168557.14285714287,-39257.14285714287
-119.1,36.19,77100.0,58742.857142857145,18357.142857142855
-122.27,37.85,155500.0,203114.2857142857,-47614.28571428571
-118.2,34.08,126000.0,146371.42857142858,-20371.42857142858
-121.88,37.25,240300.0,208600.0,31700.0
-118.18,34.05,133000.0,150985.7142857143,-17985.71428571429
-121.44,38.69,94900.0,129428.57142857143,-34528.571428571435
-118.14,33.8,203900.0,293057.14285714284,-89157.14285714284
-115.55,32.8,61000.0,65700.0,-4700.0
-117.76,34.08,139200.0,159571.42857142858,-20371.42857142858
-118.31,34.05,229200.0,221228.57142857142,7971.42857142858
-117.08,32.83,260600.0,305442.85714285716,-44842.85714285716
-118.31,34.08,251100.0,192057.14285714287,59042.85714285713
-121.91,37.3,327600.0,228942.85714285713,98657.14285714287
-122.12,37.71,167900.0,198357.14285714287,-30457.14285714287
-117.21,32.82,212000.0,209485.7142857143,2514.28571428571
-117.89,33.71,233300.0,204628.57142857142,28671.42857142858
-122.68,38.01,255400.0,201542.85714285713,53857.14285714287
-121.86,38.04,67500.0,225785.85714285713,-158285.85714285713
-117.22,32.75,162000.0,169571.42857142858,-7571.42857142858
-120.64,35.47,117200.0,85328.57142857143,31871.428571428565
-119.96,38.84,109700.0,124785.71428571429,-15085.71428571429
-121.81,38.84,275000.0,123500.0,151500.0
-121.08,39.21,111800.0,106942.85714285714,4857.142857142855
-117.21,32.83,166000.0,143742.85714285713,22257.14285714287
-119.09,36.35,92700.0,73942.85714285714,18757.142857142855
-119.18,34.16,186000.0,202600.0,-16600.0
-122.78,38.97,97300.0,146442.85714285713,-49142.85714285713
-118.24,34.22,241300.0,309428.5714285714,-68128.57142857142
-121.92,37.25,258500.0,307442.85714285716,-48942.85714285716
-122.03,37.98,138200.0,226485.7142857143,-88285.71428571429
-118.7,34.28,196100.0,250385.7142857143,-54285.71428571429
-122.32,37.52,419200.0,422243.14285714284,-3043.1428571428405
-122.21,37.79,138800.0,157828.57142857142,-19028.57142857142
-122.44,37.76,376600.0,429814.71428571426,-53214.71428571426
-118.22,33.8,165100.0,159528.57142857142,5571.42857142858
-117.36,33.18,181800.0,143185.7142857143,38614.28571428571
-122.07,37.97,211800.0,173500.0,38300.0
-118.23,33.9,112500.0,172000.0,-59500.0
-117.05,32.69,144300.0,207128.7142857143,-62828.71428571429
-117.06,32.8,222000.0,256042.85714285713,-34042.85714285713
-115.55,32.79,53600.0,53457.142857142855,142.85714285714494
-122.33,37.97,130800.0,247885.7142857143,-117085.71428571429
-122.65,38.24,227600.0,315914.28571428574,-88314.28571428574
-122.43,37.78,275000.0,225971.42857142858,49028.57142857142
-118.35,33.93,191900.0,197628.57142857142,-5728.57142857142
-117.31,34.11,64100.0,79157.14285714286,-15057.142857142855
-116.61,33.93,68100.0,147800.14285714287,-79700.14285714287
-121.91,37.26,255200.0,254742.85714285713,457.1428571428696
-118.7,34.3,244100.0,298857.14285714284,-54757.14285714284
-122.0,37.36,337000.0,266000.0,71000.0
-118.28,33.75,208300.0,181157.14285714287,27142.85714285713
-122.47,37.74,500001.0,457614.85714285716,42386.14285714284
-121.26,38.73,172100.0,191285.7142857143,-19185.71428571429
-118.73,36.01,128900.0,79428.57142857143,49471.428571428565
-120.69,35.65,144900.0,135871.42857142858,9028.57142857142
-117.01,34.9,72000.0,79057.14285714286,-7057.142857142855
-122.23,38.13,142900.0,196571.42857142858,-53671.42857142858
-121.97,37.24,436100.0,288271.4285714286,147828.57142857142
-118.14,33.91,204200.0,176671.42857142858,27528.57142857142
-117.95,33.86,195700.0,220171.42857142858,-24471.42857142858
-121.43,38.48,90500.0,111185.71428571429,-20685.71428571429
-117.96,33.78,236100.0,176114.2857142857,59985.71428571429
-117.91,34.08,186900.0,195557.14285714287,-8657.14285714287
-122.3,37.9,162500.0,111185.71428571429,51314.28571428571
-120.2,37.8,112500.0,124114.28571428571,-11614.28571428571
-118.97,35.37,58000.0,63000.0,-5000.0
-118.13,33.84,307400.0,445400.4285714286,-138000.42857142858
-118.48,34.01,353800.0,294671.4285714286,59128.57142857142
-122.59,38.13,290900.0,323643.0,-32743.0
-117.28,32.73,358600.0,344657.28571428574,13942.71428571426
-122.29,37.89,246200.0,231243.0,14957.0
-119.06,36.08,72100.0,105128.57142857143,-33028.571428571435
-121.83,38.45,107500.0,116828.57142857143,-9328.571428571435
-117.32,34.09,78600.0,98714.28571428571,-20114.28571428571
-119.18,34.17,187600.0,190542.85714285713,-2942.8571428571304
-120.88,38.45,97900.0,118514.28571428571,-20614.28571428571
-118.17,33.84,186600.0,215728.57142857142,-29128.57142857142
-118.11,33.91,196900.0,201571.42857142858,-4671.42857142858
-119.53,36.55,111500.0,80685.71428571429,30814.28571428571
-122.08,37.59,156300.0,155442.85714285713,857.1428571428696
-118.29,33.81,218200.0,211714.2857142857,6485.71428571429
-117.91,33.9,293500.0,446657.71428571426,-153157.71428571426
-121.23,37.95,59000.0,134542.85714285713,-75542.85714285713
-118.29,33.92,162800.0,199528.57142857142,-36728.57142857142
-118.25,34.0,102900.0,105771.42857142857,-2871.428571428565
-115.99,33.4,54300.0,106142.85714285714,-51842.857142857145
-117.66,34.09,166300.0,207843.0,-41543.0
-118.27,34.07,152500.0,168114.2857142857,-15614.28571428571
-118.43,34.28,142600.0,140400.0,2200.0
-118.23,33.98,150000.0,139328.57142857142,10671.42857142858
-121.42,38.61,84400.0,105200.0,-20800.0
-118.29,34.08,210000.0,155414.2857142857,54585.71428571429
-118.97,37.64,137500.0,112728.57142857143,24771.428571428565
-122.47,37.72,350000.0,263128.5714285714,86871.42857142858
-120.18,39.14,171900.0,135985.7142857143,35914.28571428571
-118.43,34.25,143100.0,149042.85714285713,-5942.85714285713
-118.11,33.95,452300.0,356771.4285714286,95528.57142857142
-117.62,34.03,176000.0,200457.14285714287,-24457.14285714287
-121.34,38.69,112700.0,126128.57142857143,-13428.571428571435
-119.78,36.65,68400.0,83271.42857142857,-14871.428571428565
-117.97,33.75,190700.0,176828.57142857142,13871.42857142858
-117.06,32.79,331800.0,384957.14285714284,-53157.14285714284
-121.99,37.98,184000.0,222600.0,-38600.0
-118.97,37.64,162500.0,117328.57142857143,45171.428571428565
-122.11,38.01,129400.0,154528.57142857142,-25128.57142857142
-122.19,37.79,172800.0,153242.85714285713,19557.14285714287
-117.13,32.92,191100.0,167814.2857142857,23285.71428571429
-117.98,33.65,294900.0,271028.5714285714,23871.42857142858
-122.82,38.64,188600.0,225428.57142857142,-36828.57142857142
-119.33,36.19,63800.0,84814.28571428571,-21014.28571428571
-122.23,37.82,466100.0,470314.85714285716,-4214.8571428571595
-118.21,34.1,186800.0,186942.85714285713,-142.85714285713038
-117.05,32.61,139300.0,167014.2857142857,-27714.28571428571
-118.32,34.08,330300.0,281957.14285714284,48342.85714285716
-121.89,37.3,284800.0,277971.4285714286,6828.57142857142
-118.14,34.04,198800.0,200442.85714285713,-1642.8571428571304
-119.52,36.71,69300.0,67028.57142857143,2271.428571428565
-117.14,32.76,145500.0,164100.0,-18600.0
-118.09,33.92,166200.0,173514.2857142857,-7314.28571428571
-117.97,33.68,273800.0,214657.14285714287,59142.85714285713
-121.1,37.8,149000.0,127357.14285714286,21642.857142857145
-121.98,37.37,215400.0,246885.7142857143,-31485.71428571429
-118.37,33.97,287800.0,310285.71428571426,-22485.71428571426
-118.19,33.83,406300.0,236157.14285714287,170142.85714285713
-119.16,34.2,160300.0,185171.42857142858,-24871.42857142858
-117.8,33.67,240000.0,249342.85714285713,-9342.85714285713
-121.46,38.61,60900.0,77657.14285714286,-16757.142857142855
-118.19,33.99,142300.0,130671.42857142857,11628.571428571435
-122.38,40.09,84800.0,96914.28571428571,-12114.28571428571
-119.17,34.16,205400.0,178228.57142857142,27171.42857142858
-122.43,37.75,396800.0,345314.28571428574,51485.71428571426
-122.73,38.46,135400.0,159328.57142857142,-23928.57142857142
-117.42,34.1,115400.0,198471.42857142858,-83071.42857142858
-118.12,34.23,162500.0,250814.42857142858,-88314.42857142858
-118.54,34.17,425000.0,222814.2857142857,202185.7142857143
-117.09,32.66,114300.0,89042.85714285714,25257.142857142855
-122.16,37.42,500001.0,500001.0,0.0
-118.21,34.22,500001.0,488872.14285714284,11128.85714285716
-119.31,36.06,48700.0,58585.71428571428,-9885.714285714283
-121.95,37.33,294700.0,278500.14285714284,16199.85714285716
-118.1,34.17,300500.0,297028.5714285714,3471.4285714285797
-117.3,33.08,343200.0,183328.57142857142,159871.42857142858
-117.19,33.14,92000.0,129385.71428571429,-37385.71428571429
-121.93,37.27,278100.0,293828.5714285714,-15728.57142857142
-117.86,34.08,380900.0,414000.14285714284,-33100.14285714284
-117.9,33.64,339800.0,212414.2857142857,127385.71428571429
-121.49,38.52,96800.0,85200.0,11600.0
-118.3,34.06,270000.0,208471.42857142858,61528.57142857142
-122.29,37.94,190000.0,264285.71428571426,-74285.71428571426
-117.89,34.09,181300.0,141514.2857142857,39785.71428571429
-124.15,40.76,100600.0,107828.57142857143,-7228.571428571435
-121.42,36.85,170800.0,169557.14285714287,1242.8571428571304
-122.28,37.85,152700.0,254271.42857142858,-101571.42857142858
-118.43,34.16,353600.0,299814.28571428574,53785.71428571426
-121.89,37.33,200000.0,83900.0,116100.0
-118.06,33.82,213400.0,243371.42857142858,-29971.42857142858
-123.0,38.51,153100.0,150042.85714285713,3057.1428571428696
-118.43,34.16,379700.0,258185.7142857143,121514.28571428571
-117.25,32.79,275000.0,203128.7142857143,71871.28571428571
-119.26,35.5,78600.0,87757.14285714286,-9157.142857142855
-117.89,34.09,188300.0,255757.14285714287,-67457.14285714287
-117.43,33.91,138000.0,194742.85714285713,-56742.85714285713
-122.18,37.44,500001.0,481615.14285714284,18385.85714285716
-118.12,33.97,197400.0,190100.0,7300.0
-117.92,33.68,244600.0,248914.2857142857,-4314.28571428571
-118.27,33.81,165300.0,159657.14285714287,5642.85714285713
-121.89,37.67,300400.0,301942.85714285716,-1542.8571428571595
-121.37,38.7,88200.0,110857.14285714286,-22657.142857142855
-117.21,33.03,500001.0,488900.71428571426,11100.28571428574
-122.29,38.29,163100.0,246614.2857142857,-83514.28571428571
-121.84,37.29,191900.0,191300.0,600.0
-122.01,37.03,355300.0,314128.5714285714,41171.42857142858
-122.25,37.56,430300.0,312257.14285714284,118042.85714285716
-118.98,35.36,42700.0,56085.71428571428,-13385.714285714283
-122.38,37.59,378100.0,337271.4285714286,40828.57142857142
-117.14,33.12,264000.0,201842.85714285713,62157.14285714287
-118.26,33.9,111900.0,193000.0,-81100.0
-119.19,34.21,224500.0,211414.2857142857,13085.71428571429
-118.19,34.05,125000.0,163800.0,-38800.0
-120.96,40.28,64100.0,85128.57142857143,-21028.571428571435
-116.44,33.93,88400.0,137771.42857142858,-49371.42857142858
-122.54,37.9,389200.0,229100.0,160100.0
-121.92,38.57,193800.0,94700.0,99100.0
-118.35,34.07,500001.0,388585.85714285716,111415.14285714284
-117.17,32.68,187500.0,363157.28571428574,-175657.28571428574
-122.14,37.68,210300.0,226185.7142857143,-15885.71428571429
-117.03,33.18,212800.0,223457.14285714287,-10657.14285714287
-118.28,34.07,177500.0,221385.7142857143,-43885.71428571429
-117.64,33.99,181300.0,146357.14285714287,34942.85714285713
-116.91,32.85,159500.0,173785.7142857143,-14285.71428571429
-118.36,33.95,177500.0,168000.0,9500.0
-117.58,33.88,116100.0,151328.57142857142,-35228.57142857142
-122.19,37.46,500001.0,364085.71428571426,135915.28571428574
-117.97,34.07,162500.0,178542.85714285713,-16042.85714285713
-118.18,34.08,135500.0,167971.42857142858,-32471.42857142858
-117.1,32.68,99600.0,168257.14285714287,-68657.14285714287
-121.34,38.67,118500.0,117885.71428571429,614.2857142857101
-121.52,38.51,156900.0,162557.14285714287,-5657.14285714287
-118.18,33.93,147200.0,143342.85714285713,3857.1428571428696
-121.85,39.74,85800.0,74842.85714285714,10957.142857142855
-118.35,34.06,500001.0,286400.0,213601.0
-117.25,34.49,170900.0,168457.14285714287,2442.8571428571304
-118.11,33.81,257900.0,364514.28571428574,-106614.28571428574
-118.09,33.97,164300.0,156371.42857142858,7928.57142857142
-122.44,37.77,438900.0,347057.28571428574,91842.71428571426
-117.26,34.16,98000.0,118571.42857142857,-20571.428571428565
-118.08,33.85,288700.0,287085.71428571426,1614.2857142857392
-117.83,33.77,203200.0,249328.57142857142,-46128.57142857142
-118.06,34.1,283600.0,266328.5714285714,17271.42857142858
-118.44,34.28,162500.0,173485.7142857143,-10985.71428571429
-123.69,38.9,95300.0,101042.85714285714,-5742.857142857145
-122.02,37.98,161700.0,159028.57142857142,2671.4285714285797
-118.38,34.2,187500.0,156642.85714285713,30857.14285714287
-117.97,34.05,158000.0,151471.42857142858,6528.57142857142
-118.38,33.88,456100.0,274185.71428571426,181914.28571428574
-119.03,35.3,102900.0,168485.7142857143,-65585.71428571429
-122.69,38.34,165400.0,178642.85714285713,-13242.85714285713
-119.6,36.56,54400.0,54171.42857142857,228.57142857142753
-118.2,34.05,147200.0,124942.85714285714,22257.142857142855
-118.28,33.99,95000.0,131000.0,-36000.0
-115.55,32.98,143000.0,167385.7142857143,-24385.71428571429
-121.62,39.11,97200.0,147728.57142857142,-50528.57142857142
-117.38,34.13,112900.0,143414.2857142857,-30514.28571428571
-117.88,33.89,173300.0,168157.14285714287,5142.85714285713
-121.56,37.08,393100.0,332728.5714285714,60371.42857142858
-116.77,33.92,63000.0,75871.42857142857,-12871.428571428565
-118.04,33.88,297300.0,254214.2857142857,43085.71428571429
-118.3,33.88,242100.0,198757.14285714287,43342.85714285713
-117.01,32.66,293900.0,296671.4285714286,-2771.4285714285797
-118.25,33.9,113100.0,157671.42857142858,-44571.42857142858
-118.29,33.93,137200.0,181985.7142857143,-44785.71428571429
-117.87,33.87,297100.0,150571.42857142858,146528.57142857142
-121.93,37.53,243500.0,260200.0,-16700.0
-121.85,39.72,98800.0,116585.71428571429,-17785.71428571429
-118.11,33.8,244800.0,217628.57142857142,27171.42857142858
-121.4,38.56,327800.0,308528.5714285714,19271.42857142858
-122.43,37.76,437500.0,376943.14285714284,60556.85714285716
-122.9,38.28,163500.0,181657.14285714287,-18157.14285714287
-118.3,33.98,102400.0,183928.57142857142,-81528.57142857142
-121.42,38.68,112200.0,120942.85714285714,-8742.857142857145
-122.0,38.03,165900.0,249142.85714285713,-83242.85714285713
-118.32,34.17,250000.0,263314.28571428574,-13314.28571428574
-118.0,34.13,158100.0,181971.42857142858,-23871.42857142858
-121.83,40.69,87500.0,90614.28571428571,-3114.28571428571
-117.13,32.75,135000.0,205385.7142857143,-70385.71428571429
-119.78,36.85,79500.0,83728.57142857143,-4228.571428571435
-121.22,38.0,162100.0,104900.0,57200.0
-118.13,34.08,228400.0,185014.2857142857,43385.71428571429
-120.85,37.05,140600.0,123028.57142857143,17571.428571428565
-120.13,35.87,71300.0,132157.14285714287,-60857.14285714287
-117.89,33.71,266300.0,260600.0,5700.0
-122.86,40.56,81300.0,84800.0,-3500.0
-118.52,34.44,185000.0,263985.71428571426,-78985.71428571426
-118.38,33.86,329300.0,348114.28571428574,-18814.28571428574
-118.21,34.07,168800.0,154485.7142857143,14314.28571428571
-118.22,33.9,110400.0,151842.85714285713,-41442.85714285713
-118.46,33.99,500001.0,271300.0,228701.0
-119.72,36.8,85700.0,113642.85714285714,-27942.857142857145
-119.43,36.59,63300.0,55614.28571428572,7685.714285714283
-119.77,34.43,500001.0,489786.5714285714,10214.42857142858
-118.23,34.12,183800.0,185514.2857142857,-1714.2857142857101
-118.18,34.02,150700.0,142442.85714285713,8257.14285714287
-119.21,34.19,242900.0,260714.2857142857,-17814.28571428571
-118.46,34.0,326700.0,260385.7142857143,66314.28571428571
-118.14,34.07,220400.0,254214.2857142857,-33814.28571428571
-121.8,37.35,240700.0,232385.7142857143,8314.28571428571
-122.04,37.29,500001.0,500001.0,0.0
-122.26,38.11,98400.0,147728.57142857142,-49328.57142857142
-118.0,34.14,166900.0,191771.42857142858,-24871.42857142858
-122.09,37.99,205400.0,207728.57142857142,-2328.5714285714203
-118.27,33.97,90100.0,104585.71428571429,-14485.71428571429
-117.36,33.88,189800.0,186214.2857142857,3585.71428571429
-117.33,33.97,162500.0,123628.57142857143,38871.428571428565
-118.53,34.37,333700.0,188271.42857142858,145428.57142857142
-124.16,40.6,85100.0,74885.71428571429,10214.28571428571
-118.18,33.91,134400.0,125971.42857142857,8428.571428571435
-118.15,33.9,144600.0,207357.14285714287,-62757.14285714287
-118.13,34.16,215000.0,169100.0,45900.0
-122.25,37.79,97500.0,119128.57142857143,-21628.571428571435
-118.25,34.09,210000.0,319357.14285714284,-109357.14285714284
-118.91,34.22,312000.0,306471.4285714286,5528.57142857142
-119.7,34.43,300000.0,220271.42857142858,79728.57142857142
-117.89,33.71,202400.0,220128.57142857142,-17728.57142857142
-121.96,37.34,254100.0,324114.28571428574,-70014.28571428574
-117.4,33.94,116000.0,117400.0,-1400.0
-118.0,34.13,167000.0,186242.85714285713,-19242.85714285713
-122.31,37.54,396900.0,266585.71428571426,130314.28571428574
-117.24,33.4,227000.0,218385.7142857143,8614.28571428571
-118.47,34.06,500001.0,314414.4285714286,185586.57142857142
-117.77,33.76,500001.0,483200.5714285714,16800.42857142858
-118.1,34.15,199000.0,172714.2857142857,26285.71428571429
-121.92,36.56,369100.0,297542.85714285716,71557.14285714284
-121.29,37.95,22500.0,109371.42857142857,-86871.42857142857
-117.64,34.05,95700.0,131714.2857142857,-36014.28571428571
-122.19,37.82,365900.0,465729.14285714284,-99829.14285714284
-118.12,33.84,215800.0,216200.0,-400.0
-118.08,34.07,205500.0,168542.85714285713,36957.14285714287
-117.29,32.92,500001.0,368614.5714285714,131386.42857142858
-122.78,38.53,250800.0,186328.57142857142,64471.42857142858
-118.4,33.96,363600.0,437100.5714285714,-73500.57142857142
-117.62,33.47,294200.0,297557.14285714284,-3357.1428571428405
-120.83,37.58,171400.0,155985.7142857143,15414.28571428571
-118.35,33.87,261300.0,192671.42857142858,68628.57142857142
-117.66,34.06,114900.0,149657.14285714287,-34757.14285714287
-118.57,34.22,258400.0,239271.42857142858,19128.57142857142
-122.88,39.14,106300.0,117357.14285714286,-11057.142857142855
-118.26,33.92,98900.0,110171.42857142857,-11271.428571428565
-117.8,33.78,242000.0,279828.5714285714,-37828.57142857142
-118.15,33.91,146100.0,155771.42857142858,-9671.42857142858
-122.3,38.3,154600.0,220014.2857142857,-65414.28571428571
-121.04,37.7,197500.0,134571.42857142858,62928.57142857142
-122.61,37.99,289600.0,356885.85714285716,-67285.85714285716
-117.21,33.34,325700.0,261771.42857142858,63928.57142857142
-119.0,35.31,53300.0,64157.142857142855,-10857.142857142855
-120.46,37.31,87800.0,78842.85714285714,8957.142857142855
-118.0,34.15,178300.0,215228.57142857142,-36928.57142857142
-122.07,37.96,197100.0,218342.85714285713,-21242.85714285713
-118.08,33.89,123400.0,134914.2857142857,-11514.28571428571
-118.11,34.1,292900.0,329085.71428571426,-36185.71428571426
-118.23,33.88,109800.0,146971.42857142858,-37171.42857142858
-118.31,33.97,124200.0,238285.7142857143,-114085.71428571429
-119.25,35.76,57300.0,59014.28571428572,-1714.2857142857174
-122.04,36.98,404700.0,301714.28571428574,102985.71428571426
-117.61,33.43,187500.0,264271.4285714286,-76771.42857142858
-122.2,39.75,63700.0,66657.14285714286,-2957.142857142855
-119.88,36.93,101200.0,107357.14285714286,-6157.142857142855
-122.43,37.8,500000.0,454914.85714285716,45085.14285714284
-121.56,39.1,45500.0,65142.857142857145,-19642.857142857145
-118.12,33.77,463500.0,368328.85714285716,95171.14285714284
-116.92,32.76,181300.0,245671.42857142858,-64371.42857142858
-118.02,34.15,307400.0,207628.57142857142,99771.42857142858
-122.5,37.51,371800.0,375385.85714285716,-3585.8571428571595
-120.22,36.49,56000.0,72200.0,-16200.0
-118.03,33.86,289300.0,210942.85714285713,78357.14285714287
-117.69,34.08,128200.0,189900.0,-61700.0
-122.87,38.39,271400.0,252900.0,18500.0
-118.1,33.89,182100.0,194485.7142857143,-12385.71428571429
-121.82,37.31,219400.0,230714.2857142857,-11314.28571428571
-119.8,36.76,78400.0,65414.28571428572,12985.714285714283
-117.11,33.75,96100.0,115842.85714285714,-19742.857142857145
-122.25,37.49,394700.0,348171.4285714286,46528.57142857142
-118.1,33.83,222500.0,215057.14285714287,7442.85714285713
-117.69,35.65,87500.0,156357.14285714287,-68857.14285714287
-117.04,32.67,137500.0,196342.85714285713,-58842.85714285713
-117.78,33.86,246100.0,190371.42857142858,55728.57142857142
-118.37,34.21,175700.0,163185.7142857143,12514.28571428571
-117.97,34.08,164100.0,146042.85714285713,18057.14285714287
-117.46,33.93,132800.0,155742.85714285713,-22942.85714285713
-119.29,36.12,129200.0,67157.14285714286,62042.857142857145
-118.3,33.9,224100.0,211957.14285714287,12142.85714285713
-121.48,38.53,103900.0,88171.42857142857,15728.571428571435
-117.1,34.57,112800.0,115728.57142857143,-2928.571428571435
-118.36,34.09,243800.0,269900.0,-26100.0
-117.36,34.1,88600.0,110400.0,-21800.0
-117.06,32.64,186100.0,229042.85714285713,-42942.85714285713
-117.24,34.59,186100.0,122471.42857142857,63628.571428571435
-120.99,37.7,160900.0,155542.85714285713,5357.14285714287
-118.16,34.19,149200.0,142028.57142857142,7171.42857142858
-122.29,40.39,76400.0,72600.0,3800.0
-122.32,37.56,500001.0,333214.28571428574,166786.71428571426
-121.27,38.62,95600.0,126700.0,-31100.0
-122.32,37.56,237500.0,267414.4285714286,-29914.42857142858
-118.38,33.77,418300.0,307000.14285714284,111299.85714285716
-122.09,37.68,197500.0,169285.7142857143,28214.28571428571
-115.52,32.98,66400.0,65857.14285714286,542.8571428571449
-118.32,33.88,269000.0,353600.14285714284,-84600.14285714284
-118.51,34.17,219000.0,329257.14285714284,-110257.14285714284
-117.61,34.12,156900.0,174157.14285714287,-17257.14285714287
-116.99,32.85,134200.0,176514.2857142857,-42314.28571428571
-117.23,32.87,204200.0,160971.42857142858,43228.57142857142
-118.17,33.77,218800.0,263085.71428571426,-44285.71428571426
-117.97,33.89,181800.0,221371.42857142858,-39571.42857142858
-118.09,34.04,168500.0,203871.42857142858,-35371.42857142858
-122.25,37.84,299200.0,298200.0,1000.0
-118.16,34.02,166000.0,123085.71428571429,42914.28571428571
-116.99,32.64,193500.0,196785.7142857143,-3285.71428571429
-122.42,37.76,212500.0,114685.71428571429,97814.28571428571
-121.69,37.14,386200.0,250428.57142857142,135771.42857142858
-118.13,34.05,268400.0,216771.42857142858,51628.57142857142
-118.35,33.97,128100.0,207871.42857142858,-79771.42857142858
-119.89,34.44,271200.0,271414.28571428574,-214.28571428573923
-121.39,38.69,88400.0,137285.7142857143,-48885.71428571429
-121.32,38.0,101500.0,114328.57142857143,-12828.571428571435
-118.48,34.15,495500.0,367557.28571428574,127942.71428571426
-117.96,34.06,167300.0,138528.57142857142,28771.42857142858
-120.18,39.28,141300.0,186214.2857142857,-44914.28571428571
-118.51,34.04,500001.0,500001.0,0.0
-118.9,34.26,321300.0,331528.5714285714,-10228.57142857142
-117.27,34.07,82100.0,145528.57142857142,-63428.57142857142
-118.25,33.99,92900.0,142028.57142857142,-49128.57142857142
-117.93,33.87,168000.0,155671.42857142858,12328.57142857142
-122.04,38.28,135000.0,156628.57142857142,-21628.57142857142
-119.29,34.44,243100.0,220185.7142857143,22914.28571428571
-116.99,34.3,157100.0,115042.85714285714,42057.142857142855
-119.93,38.72,97900.0,112342.85714285714,-14442.857142857145
-118.27,33.8,177700.0,165242.85714285713,12457.14285714287
-121.3,38.13,131800.0,145357.14285714287,-13557.14285714287
-118.47,34.04,268800.0,268828.71428571426,-28.714285714260768
-119.51,34.4,314300.0,267486.0,46814.0
-122.69,38.32,183600.0,195100.0,-11500.0
-116.21,33.68,100000.0,70514.28571428571,29485.71428571429
-118.86,34.22,232200.0,209571.42857142858,22628.57142857142
-117.17,34.08,138100.0,229014.42857142858,-90914.42857142858
-118.05,34.06,162500.0,125542.85714285714,36957.142857142855
-118.56,34.18,457300.0,337000.0,120300.0
-117.5,33.96,139200.0,152471.42857142858,-13271.42857142858
-118.34,34.16,244500.0,208114.2857142857,36385.71428571429
-119.58,36.11,61600.0,62385.71428571428,-785.7142857142826
-118.35,33.9,237000.0,187457.14285714287,49542.85714285713
-121.18,37.79,112500.0,129271.42857142857,-16771.428571428565
-117.18,34.05,122300.0,101571.42857142857,20728.571428571435
-118.04,34.12,500001.0,235071.42857142858,264929.5714285714
-117.2,33.72,110100.0,121542.85714285714,-11442.857142857145
-122.5,37.92,300900.0,284942.85714285716,15957.14285714284
-117.67,34.05,167500.0,123685.71428571429,43814.28571428571
-118.45,34.18,246400.0,291400.14285714284,-45000.14285714284
-121.87,37.27,279300.0,374971.4285714286,-95671.42857142858
-117.6,33.43,414000.0,243385.7142857143,170614.2857142857
-119.74,36.76,58700.0,52714.28571428572,5985.714285714283
-118.04,33.76,294900.0,310771.4285714286,-15871.42857142858
-118.42,33.97,365200.0,359142.85714285716,6057.1428571428405
-122.0,37.36,368300.0,293114.28571428574,75185.71428571426
-118.54,34.19,239200.0,201485.7142857143,37714.28571428571
-117.84,33.74,121400.0,194442.85714285713,-73042.85714285713
-117.58,33.66,215000.0,282214.4285714286,-67214.42857142858
-117.42,33.94,113900.0,164042.85714285713,-50142.85714285713
-118.14,34.05,236400.0,227628.57142857142,8771.42857142858
-117.13,32.77,171700.0,165857.14285714287,5842.85714285713
-122.23,37.76,248500.0,207842.85714285713,40657.14285714287
-122.38,40.57,58200.0,60757.142857142855,-2557.142857142855
-119.35,36.19,67800.0,67200.0,600.0
-120.64,36.99,75700.0,76742.85714285714,-1042.857142857145
-117.88,34.12,178000.0,195814.2857142857,-17814.28571428571
-115.54,32.79,60400.0,66957.14285714286,-6557.142857142855
-118.05,33.72,226100.0,237085.7142857143,-10985.71428571429
-118.14,33.88,179500.0,222628.57142857142,-43128.57142857142
-120.43,34.89,158200.0,227400.0,-69200.0
-117.05,33.05,278600.0,285457.14285714284,-6857.1428571428405
-122.32,37.52,480800.0,355085.85714285716,125714.14285714284
-118.11,34.06,192300.0,193828.57142857142,-1528.5714285714203
-121.56,38.44,141700.0,120357.14285714286,21342.857142857145
-121.82,37.38,330800.0,303585.71428571426,27214.28571428574
-117.14,32.71,100000.0,94671.42857142857,5328.571428571435
-118.2,33.9,103200.0,124871.42857142857,-21671.428571428565
-119.21,36.39,53500.0,70428.57142857143,-16928.571428571435
-118.2,34.11,185700.0,147042.85714285713,38657.14285714287
-117.93,33.64,192900.0,208700.14285714287,-15800.14285714287
-117.94,33.88,256000.0,294428.5714285714,-38428.57142857142
-118.0,34.07,138500.0,161642.85714285713,-23142.85714285713
-116.56,34.06,69600.0,111328.57142857143,-41728.571428571435
-118.37,34.02,246800.0,307685.85714285716,-60885.85714285716
-121.98,37.95,265900.0,300300.0,-34400.0
-118.18,33.79,162500.0,133971.42857142858,28528.57142857142
-122.45,37.78,322700.0,240457.14285714287,82242.85714285713
-122.14,37.48,148900.0,184571.42857142858,-35671.42857142858
-118.02,34.13,429000.0,447715.0,-18715.0
-122.13,37.45,500001.0,451429.28571428574,48571.71428571426
-117.66,34.13,254100.0,259614.2857142857,-5514.28571428571
-122.42,37.74,328100.0,317900.14285714284,10199.85714285716
-118.28,34.08,169100.0,179114.2857142857,-10014.28571428571
-118.11,33.94,255400.0,275828.5714285714,-20428.57142857142
-121.53,38.58,76400.0,178471.57142857142,-102071.57142857142
-117.01,32.85,151400.0,195100.0,-43700.0
-117.96,33.99,311100.0,285714.28571428574,25385.71428571426
-122.5,37.97,187500.0,190457.14285714287,-2957.1428571428696
-118.08,34.1,213200.0,210971.42857142858,2228.5714285714203
-118.31,34.04,208300.0,177371.42857142858,30928.57142857142
-117.99,33.9,202800.0,259228.57142857142,-56428.57142857142
-119.83,36.8,90100.0,88857.14285714286,1242.857142857145
-117.1,32.75,92400.0,109957.14285714286,-17557.142857142855
-121.24,38.78,136500.0,105500.0,31000.0
-119.95,38.95,92200.0,106500.0,-14300.0
-120.24,37.96,79400.0,73328.57142857143,6071.428571428565
-117.09,32.75,95500.0,109771.42857142857,-14271.428571428565
-117.9,33.68,249200.0,208585.7142857143,40614.28571428571
-117.63,34.08,111700.0,195185.7142857143,-83485.71428571429
-118.31,34.05,190600.0,141600.0,49000.0
-121.84,36.6,191800.0,222685.7142857143,-30885.71428571429
-118.44,33.81,500001.0,446957.5714285714,53043.42857142858
-119.46,35.17,50800.0,87428.57142857143,-36628.571428571435
-121.43,37.78,163500.0,103157.14285714286,60342.857142857145
-122.44,37.75,368900.0,362200.28571428574,6699.714285714261
-121.7,39.37,57000.0,57614.28571428572,-614.2857142857174
-120.85,37.77,75000.0,149857.14285714287,-74857.14285714287
-118.48,34.42,229000.0,262985.71428571426,-33985.71428571426
-121.6,37.9,340900.0,272214.28571428574,68685.71428571426
-122.23,37.47,276600.0,273014.28571428574,3585.7142857142608
-120.95,37.66,188400.0,195314.2857142857,-6914.28571428571
-121.3,37.92,73900.0,103200.0,-29300.0
-122.09,37.69,150000.0,192014.2857142857,-42014.28571428571
-122.23,38.05,147100.0,198657.14285714287,-51557.14285714287
-117.93,33.83,186300.0,182857.14285714287,3442.8571428571304
-118.3,33.87,234900.0,210671.42857142858,24228.57142857142
-117.09,32.76,122500.0,150642.85714285713,-28142.85714285713
-122.56,37.97,398900.0,348185.85714285716,50714.14285714284
-122.12,37.75,250000.0,370814.4285714286,-120814.42857142858
-117.66,34.05,113600.0,172328.57142857142,-58728.57142857142
-118.62,34.2,244800.0,292443.0,-47643.0
-118.35,34.17,225000.0,112614.28571428571,112385.71428571429
-118.06,33.98,186900.0,353785.85714285716,-166885.85714285716
-118.34,33.84,309700.0,325085.71428571426,-15385.71428571426
-121.4,38.47,130600.0,193828.57142857142,-63228.57142857142
-122.43,37.63,342300.0,279685.71428571426,62614.28571428574
-120.98,37.64,65000.0,66500.0,-1500.0
-117.82,33.89,278900.0,179857.14285714287,99042.85714285713
-118.29,34.03,168800.0,259600.0,-90800.0
-119.7,34.43,418400.0,338500.0,79900.0
-117.32,34.19,109000.0,159728.57142857142,-50728.57142857142
-118.44,34.31,160100.0,184914.2857142857,-24814.28571428571
-122.25,37.5,345000.0,303542.85714285716,41457.14285714284
-118.44,34.01,418800.0,370600.28571428574,48199.71428571426
-118.1,33.84,209100.0,180214.2857142857,28885.71428571429
-121.47,39.51,97500.0,100071.42857142857,-2571.428571428565
-117.93,33.9,500001.0,487200.71428571426,12800.28571428574
-121.51,38.69,108600.0,104542.85714285714,4057.142857142855
-117.96,34.02,133300.0,119242.85714285714,14057.142857142855
-119.01,36.07,50900.0,55728.57142857143,-4828.5714285714275
-122.04,37.37,311600.0,276428.5714285714,35171.42857142858
-118.38,33.86,365500.0,330543.0,34957.0
-122.26,37.87,175000.0,226814.2857142857,-51814.28571428571
-118.16,33.88,170300.0,190571.42857142858,-20271.42857142858
-119.18,34.27,279500.0,252028.7142857143,27471.28571428571
-117.23,33.68,125900.0,190585.7142857143,-64685.71428571429
-117.6,34.11,155700.0,211000.0,-55300.0
-117.11,32.7,83300.0,104214.28571428571,-20914.28571428571
-122.16,37.77,156300.0,270557.14285714284,-114257.14285714284
-117.77,34.08,214800.0,341314.28571428574,-126514.28571428574
-119.48,36.5,110300.0,71485.71428571429,38814.28571428571
-123.73,39.44,165000.0,109500.0,55500.0
-122.45,37.74,349500.0,387343.28571428574,-37843.28571428574
-122.44,37.79,500001.0,447329.4285714286,52671.57142857142
-121.04,39.24,125700.0,103542.85714285714,22157.142857142855
-117.7,34.0,193100.0,276114.28571428574,-83014.28571428574
-118.1,34.12,500001.0,500001.0,0.0
-117.87,34.11,199600.0,257642.85714285713,-58042.85714285713
-118.34,34.07,500001.0,380628.85714285716,119372.14285714284
-122.3,38.25,163400.0,230200.0,-66800.0
-118.18,33.96,137500.0,141928.57142857142,-4428.57142857142
-121.22,37.81,121500.0,151728.57142857142,-30228.57142857142
-118.37,33.82,381200.0,323828.5714285714,57371.42857142858
-122.22,38.1,111900.0,223842.85714285713,-111942.85714285713
-121.67,39.26,58000.0,67971.42857142857,-9971.428571428565
-120.43,36.99,63800.0,84528.57142857143,-20728.571428571435
-118.45,33.99,363200.0,308242.85714285716,54957.14285714284
-122.04,36.96,206400.0,170342.85714285713,36057.14285714287
-117.65,33.4,370800.0,211757.14285714287,159042.85714285713
-122.63,38.94,81800.0,101600.0,-19800.0
-122.04,37.34,271500.0,240128.57142857142,31371.42857142858
-121.97,37.53,197000.0,236300.0,-39300.0
-119.78,36.78,73400.0,70771.42857142857,2628.571428571435
-118.44,34.15,301700.0,269171.4285714286,32528.57142857142
-118.14,34.68,119600.0,196100.0,-76500.0
-121.86,37.39,258100.0,229671.42857142858,28428.57142857142
-118.33,34.15,17500.0,169928.57142857142,-152428.57142857142
-117.34,33.21,145700.0,159000.0,-13300.0
-122.2,37.77,102000.0,101300.0,700.0
-118.1,33.74,400000.0,255585.7142857143,144414.2857142857
-119.05,36.09,99200.0,98057.14285714286,1142.857142857145
-121.82,37.81,485400.0,408471.4285714286,76928.57142857142
-117.81,33.83,477100.0,466029.0,11071.0
-119.04,35.36,66900.0,56571.42857142857,10328.571428571428
-117.9,33.88,375400.0,431014.71428571426,-55614.71428571426
-122.2,37.79,169600.0,211100.0,-41500.0
-118.95,34.17,247600.0,264157.28571428574,-16557.28571428574
-117.9,33.83,164700.0,150471.42857142858,14228.57142857142
-118.38,34.16,309400.0,293471.5714285714,15928.42857142858
-117.15,32.93,185300.0,188000.0,-2700.0
-118.3,33.86,230200.0,239628.57142857142,-9428.57142857142
-118.18,33.98,156100.0,165985.7142857143,-9885.71428571429
-118.01,33.73,302500.0,290671.4285714286,11828.57142857142
-116.4,34.09,97800.0,122585.71428571429,-24785.71428571429
-121.96,37.35,251300.0,246014.2857142857,5285.71428571429
-122.47,37.7,281300.0,240900.0,40400.0
-117.11,32.59,153100.0,128500.0,24600.0
-122.43,37.75,355600.0,391443.0,-35843.0
-120.57,37.35,101300.0,92542.85714285714,8757.142857142855
-118.13,33.96,266000.0,225500.0,40500.0
-120.79,37.49,160700.0,124900.0,35800.0
-118.47,34.0,305800.0,244914.2857142857,60885.71428571429
-116.99,33.92,147500.0,195271.42857142858,-47771.42857142858
-117.96,33.84,186300.0,182528.57142857142,3771.4285714285797
-122.16,37.47,162600.0,197300.0,-34700.0
-118.03,34.16,484700.0,429729.14285714284,54970.85714285716
-117.22,32.78,175000.0,221728.57142857142,-46728.57142857142
-117.23,33.91,127200.0,161000.0,-33800.0
-117.94,33.88,365100.0,254828.57142857142,110271.42857142858
-121.14,38.84,236500.0,143414.2857142857,93085.71428571429
-121.93,37.28,214000.0,206671.42857142858,7328.57142857142
-121.94,37.32,225800.0,328471.4285714286,-102671.42857142858
-124.17,40.74,128900.0,108714.28571428571,20185.71428571429
-117.11,32.78,73500.0,127528.57142857143,-54028.571428571435
-121.44,36.51,114700.0,192600.0,-77900.0
-121.88,37.33,175000.0,150542.85714285713,24457.14285714287
-118.52,34.22,318100.0,187800.0,130300.0
-122.49,37.76,331200.0,292628.71428571426,38571.28571428574
-119.29,34.28,192500.0,281242.85714285716,-88742.85714285716
-117.1,33.14,159500.0,156828.57142857142,2671.4285714285797
-118.07,33.9,162700.0,156757.14285714287,5942.85714285713
-121.47,38.48,67300.0,93400.0,-26100.0
-121.23,38.65,212900.0,178200.0,34700.0
-116.93,32.79,140600.0,129685.71428571429,10914.28571428571
-117.68,34.04,186500.0,196000.0,-9500.0
-122.53,37.93,393200.0,422185.85714285716,-28985.85714285716
-121.25,37.95,55300.0,63385.71428571428,-8085.714285714283
-118.42,34.04,409800.0,335385.85714285716,74414.14285714284
-118.02,34.09,191800.0,190914.2857142857,885.7142857142899
-121.28,38.14,99500.0,109457.14285714286,-9957.142857142855
-117.89,33.88,175000.0,196128.57142857142,-21128.57142857142
-117.51,33.89,158000.0,194242.85714285713,-36242.85714285713
-118.27,34.0,106900.0,140014.2857142857,-33114.28571428571
-118.14,33.96,277200.0,244485.7142857143,32714.28571428571
-118.31,33.72,326700.0,269085.71428571426,57614.28571428574
-119.82,36.64,96000.0,75442.85714285714,20557.142857142855
-118.49,34.29,431800.0,488558.0,-56758.0
-122.67,38.44,172200.0,217914.2857142857,-45714.28571428571
-121.28,38.6,112500.0,118085.71428571429,-5585.71428571429
-116.88,34.19,225000.0,98757.14285714286,126242.85714285714
-121.79,37.23,259500.0,245000.0,14500.0
-122.5,37.75,291500.0,233171.42857142858,58328.57142857142
-119.65,36.32,50400.0,57642.857142857145,-7242.857142857145
-119.82,34.44,150000.0,245242.85714285713,-95242.85714285713
-118.12,33.81,224600.0,266442.85714285716,-41842.85714285716
-121.96,38.32,130600.0,186814.2857142857,-56214.28571428571
-119.32,36.19,69700.0,85928.57142857143,-16228.571428571435
-121.99,37.05,353000.0,321600.0,31400.0
-122.03,37.34,231200.0,363714.4285714286,-132514.42857142858
-117.93,34.05,205100.0,180185.7142857143,24914.28571428571
-122.12,37.43,398100.0,310157.14285714284,87942.85714285716
-117.89,34.12,141300.0,158885.7142857143,-17585.71428571429
-121.36,38.01,173300.0,152885.7142857143,20414.28571428571
-120.78,38.73,127900.0,112700.0,15200.0
-122.26,37.86,289500.0,322657.28571428574,-33157.28571428574
-121.28,38.02,95900.0,137757.14285714287,-41857.14285714287
-121.76,38.66,133400.0,181271.42857142858,-47871.42857142858
-118.21,33.82,146800.0,174285.7142857143,-27485.71428571429
-118.31,34.18,181300.0,203200.0,-21900.0
-116.87,33.93,54600.0,89042.85714285714,-34442.857142857145
-119.01,36.08,55500.0,56000.0,-500.0
-117.83,33.82,150000.0,179514.2857142857,-29514.28571428571
-121.42,38.6,102800.0,107785.71428571429,-4985.71428571429
-117.75,34.05,93300.0,116071.42857142857,-22771.428571428565
-117.32,34.02,123100.0,163871.42857142858,-40771.42857142858
-117.71,34.04,231800.0,132900.0,98900.0
-117.9,33.75,159500.0,163771.42857142858,-4271.42857142858
-118.18,37.35,108300.0,91914.28571428571,16385.71428571429
-119.02,36.06,43100.0,52371.42857142857,-9271.428571428572
-119.35,36.33,105600.0,95171.42857142857,10428.571428571435
-117.99,34.04,168300.0,175442.85714285713,-7142.85714285713
-120.59,34.7,28300.0,223814.2857142857,-195514.2857142857
-117.69,33.53,282900.0,303214.28571428574,-20314.28571428574
-119.19,34.23,234300.0,232814.2857142857,1485.7142857142899
-121.76,38.25,212500.0,98514.28571428571,113985.71428571429
-118.3,34.08,205600.0,152271.42857142858,53328.57142857142
-120.83,37.51,150000.0,178557.14285714287,-28557.14285714287
-121.78,37.66,193000.0,209957.14285714287,-16957.14285714287
-117.86,34.24,14999.0,308757.14285714284,-293758.14285714284
-118.02,34.09,170000.0,153257.14285714287,16742.85714285713
-117.15,32.92,168300.0,159228.57142857142,9071.42857142858
-122.91,39.05,93500.0,121271.42857142857,-27771.428571428565
-118.67,34.27,191800.0,225642.85714285713,-33842.85714285713
-117.98,33.85,181500.0,210300.0,-28800.0
-118.52,34.22,195400.0,203285.7142857143,-7885.71428571429
-117.01,32.83,121900.0,190142.85714285713,-68242.85714285713
-117.25,33.22,142600.0,175628.57142857142,-33028.57142857142
-118.25,34.02,158300.0,155614.2857142857,2685.71428571429
-118.2,33.95,165300.0,137500.0,27800.0
-118.21,34.04,155000.0,154200.0,800.0
-121.31,38.02,92100.0,123928.57142857143,-31828.571428571435
-115.57,32.79,68100.0,103471.42857142857,-35371.428571428565
-122.58,38.1,276300.0,287128.5714285714,-10828.57142857142
-122.19,37.83,335200.0,433114.5714285714,-97914.57142857142
-117.06,33.02,121100.0,193828.7142857143,-72728.71428571429
-121.19,38.04,177100.0,136214.2857142857,40885.71428571429
-118.23,33.8,187500.0,153628.57142857142,33871.42857142858
-121.5,38.53,192000.0,147842.85714285713,44157.14285714287
-118.25,34.22,301200.0,267285.71428571426,33914.28571428574
-117.64,34.03,159100.0,140985.7142857143,18114.28571428571
-122.34,37.56,500001.0,500001.0,0.0
-122.31,37.57,273700.0,196728.57142857142,76971.42857142858
-121.76,37.23,233900.0,290100.0,-56200.0
-122.41,37.8,500001.0,252257.14285714287,247743.85714285713
-118.12,33.83,222800.0,272528.5714285714,-49728.57142857142
-117.62,34.44,140200.0,164942.85714285713,-24742.85714285713
-117.85,33.74,159800.0,173900.0,-14100.0
-118.28,34.0,118800.0,160271.42857142858,-41471.42857142858
-118.46,34.01,500001.0,294000.0,206001.0
-121.41,38.61,105500.0,113800.0,-8300.0
-118.25,34.11,217800.0,175771.42857142858,42028.57142857142
-118.28,34.06,187500.0,170700.0,16800.0
-122.02,37.88,287300.0,323242.85714285716,-35942.85714285716
-119.1,35.35,131000.0,157528.57142857142,-26528.57142857142
-121.47,38.55,55800.0,73342.85714285714,-17542.857142857145
-117.92,34.05,161900.0,195385.7142857143,-33485.71428571429
-122.26,37.86,253600.0,211971.42857142858,41628.57142857142
-118.05,33.9,155000.0,155028.57142857142,-28.571428571420256
-121.88,37.67,311500.0,338000.0,-26500.0
-120.98,39.93,87800.0,77985.71428571429,9814.28571428571
-123.79,39.44,105800.0,118214.28571428571,-12414.28571428571
-117.95,33.92,137000.0,165042.85714285713,-28042.85714285713
-118.02,34.05,156300.0,154914.2857142857,1385.7142857142899
-118.2,33.99,154700.0,149085.7142857143,5614.28571428571
-120.87,38.71,167400.0,161628.57142857142,5771.42857142858
-122.48,37.79,457800.0,369385.71428571426,88414.28571428574
-118.4,33.87,500001.0,376485.85714285716,123515.14285714284
-119.84,36.81,188300.0,190828.57142857142,-2528.5714285714203
-118.33,34.08,442900.0,318542.85714285716,124357.14285714284
-118.54,34.26,500001.0,500001.0,0.0
-118.4,34.06,500001.0,422414.71428571426,77586.28571428574
-122.02,36.98,187500.0,206671.42857142858,-19171.42857142858
-119.28,36.54,57400.0,58728.57142857143,-1328.5714285714275
-122.17,37.43,387500.0,181257.14285714287,206242.85714285713
-117.69,33.54,272000.0,315085.71428571426,-43085.71428571426
-117.07,32.77,167600.0,159414.2857142857,8185.71428571429
-118.03,34.01,403700.0,262028.57142857142,141671.42857142858
-118.21,34.07,191700.0,139328.57142857142,52371.42857142858
-117.62,33.42,500001.0,281271.5714285714,218729.42857142858
-117.93,34.08,187100.0,196842.85714285713,-9742.85714285713
-121.69,38.16,96400.0,133742.85714285713,-37342.85714285713
-119.82,37.57,92400.0,112942.85714285714,-20542.857142857145
-119.18,34.21,213900.0,212157.14285714287,1742.8571428571304
-117.41,34.23,155000.0,230528.57142857142,-75528.57142857142
-117.9,34.13,133000.0,164057.14285714287,-31057.14285714287
-118.27,34.05,275000.0,163671.42857142858,111328.57142857142
-118.03,33.97,238500.0,244000.0,-5500.0
-121.26,37.88,158300.0,117942.85714285714,40357.142857142855
-124.17,40.79,70500.0,77457.14285714286,-6957.142857142855
-117.82,33.79,222300.0,176928.57142857142,45371.42857142858
-122.03,37.36,411900.0,321057.14285714284,90842.85714285716
-118.37,34.19,185100.0,199600.0,-14500.0
-118.13,33.79,500001.0,308785.85714285716,191215.14285714284
-117.08,32.63,139800.0,158328.57142857142,-18528.57142857142
-120.65,35.12,178100.0,191828.57142857142,-13728.57142857142
-122.71,38.46,159300.0,165914.2857142857,-6614.28571428571
-118.24,33.98,125000.0,141728.57142857142,-16728.57142857142
-117.19,32.84,197100.0,246785.7142857143,-49685.71428571429
-117.31,34.11,64000.0,73442.85714285714,-9442.857142857145
-118.13,33.87,194600.0,198828.57142857142,-4228.57142857142
-121.0,39.09,162500.0,126314.28571428571,36185.71428571429
-119.01,35.37,84400.0,58185.71428571428,26214.285714285717
-121.59,39.15,61300.0,138842.85714285713,-77542.85714285713
-122.29,37.53,368200.0,311828.5714285714,56371.42857142858
-117.21,33.82,122100.0,155342.85714285713,-33242.85714285713
-120.84,37.49,86100.0,100542.85714285714,-14442.857142857145
-122.08,37.7,209900.0,210571.42857142858,-671.4285714285797
-118.05,33.95,170800.0,170928.57142857142,-128.57142857142026
-120.67,35.5,175000.0,189571.42857142858,-14571.42857142858
-117.13,32.72,126600.0,119157.14285714286,7442.857142857145
-118.43,34.18,282200.0,330214.4285714286,-48014.42857142858
-119.14,34.15,207700.0,217385.7142857143,-9685.71428571429
-122.71,38.35,104200.0,163471.42857142858,-59271.42857142858
-119.26,34.27,214300.0,238328.57142857142,-24028.57142857142
-119.83,36.78,80300.0,71300.0,9000.0
-120.61,35.06,273100.0,190242.85714285713,82857.14285714287
-121.99,37.37,237500.0,247757.14285714287,-10257.14285714287
-121.0,37.63,73800.0,127228.57142857143,-53428.571428571435
-121.8,37.26,184400.0,225457.14285714287,-41057.14285714287
-118.35,34.08,342000.0,324328.71428571426,17671.28571428574
-117.03,32.74,129700.0,194742.85714285713,-65042.85714285713
-121.81,37.27,224000.0,262200.0,-38200.0
-121.61,38.38,156900.0,121071.42857142857,35828.571428571435
-120.13,34.63,394900.0,262985.71428571426,131914.28571428574
-117.07,33.15,157700.0,211771.42857142858,-54071.42857142858
-124.02,40.72,119900.0,104942.85714285714,14957.142857142855
-118.38,33.87,316900.0,287157.14285714284,29742.85714285716
-118.14,33.79,212500.0,237728.57142857142,-25228.57142857142
-124.17,40.78,68300.0,71814.28571428571,-3514.28571428571
-116.99,32.79,165100.0,199028.57142857142,-33928.57142857142
-118.27,33.95,93600.0,104071.42857142857,-10471.428571428565
-121.32,37.97,88800.0,97957.14285714286,-9157.142857142855
-122.12,37.67,184700.0,257257.14285714287,-72557.14285714287
-122.28,37.89,327100.0,304300.0,22800.0
-117.71,34.08,134300.0,148542.85714285713,-14242.85714285713
-119.66,34.43,500001.0,224314.2857142857,275686.7142857143
-121.36,38.04,162100.0,179371.42857142858,-17271.42857142858
-122.04,37.24,500001.0,474100.71428571426,25900.28571428574
-121.96,36.98,229200.0,201685.7142857143,27514.28571428571
-120.67,36.72,112500.0,60242.857142857145,52257.142857142855
-118.35,33.85,354200.0,303842.85714285716,50357.14285714284
-122.24,37.48,362100.0,283985.71428571426,78114.28571428574
-121.49,37.94,162500.0,101385.71428571429,61114.28571428571
-118.25,34.01,100500.0,172171.42857142858,-71671.42857142858
-115.52,32.67,67700.0,108414.28571428571,-40714.28571428571
-119.84,36.75,57100.0,63600.0,-6500.0
-117.55,33.89,164800.0,245542.85714285713,-80742.85714285713
-118.24,34.12,204200.0,205728.57142857142,-1528.5714285714203
-122.08,37.39,342400.0,293400.0,49000.0
-118.15,33.97,181500.0,139571.42857142858,41928.57142857142
-118.44,34.15,304500.0,259371.42857142858,45128.57142857142
-121.99,37.4,235300.0,257785.7142857143,-22485.71428571429
-117.68,35.63,105300.0,197514.2857142857,-92214.28571428571
-117.22,32.73,291400.0,210214.2857142857,81185.71428571429
-122.13,37.46,159600.0,162642.85714285713,-3042.8571428571304
-117.09,32.72,111800.0,142285.7142857143,-30485.71428571429
-121.33,38.0,119600.0,149928.57142857142,-30328.57142857142
-120.52,35.06,329700.0,223771.42857142858,105928.57142857142
-122.18,37.78,136700.0,219414.2857142857,-82714.28571428571
-121.88,38.03,101400.0,143085.7142857143,-41685.71428571429
-120.98,37.68,118600.0,130714.28571428571,-12114.28571428571
-122.26,38.1,133300.0,217571.42857142858,-84271.42857142858
-119.09,36.42,52500.0,49942.857142857145,2557.142857142855
-121.84,37.25,234600.0,265385.71428571426,-30785.71428571426
-122.29,37.81,75000.0,97442.85714285714,-22442.857142857145
-117.95,34.0,176300.0,163142.85714285713,13157.14285714287
-122.28,37.9,346800.0,299228.71428571426,47571.28571428574
-118.5,34.52,251800.0,173185.7142857143,78614.28571428571
-119.81,36.76,54200.0,61714.28571428572,-7514.285714285717
-119.83,36.72,67500.0,181900.0,-114400.0
-117.69,34.08,142500.0,205042.85714285713,-62542.85714285713
-121.31,38.01,101600.0,135314.2857142857,-33714.28571428571
-118.09,33.83,227300.0,279885.71428571426,-52585.71428571426
-122.48,37.78,337200.0,380514.5714285714,-43314.57142857142
-122.51,38.06,118800.0,151142.85714285713,-32342.85714285713
-122.38,39.68,67500.0,82585.71428571429,-15085.71428571429
-117.97,33.93,202000.0,269743.0,-67743.0
-117.09,32.7,94200.0,106842.85714285714,-12642.857142857145
-121.43,38.69,96200.0,95757.14285714286,442.85714285714494
-122.45,37.72,225000.0,271057.14285714284,-46057.14285714284
-117.87,34.07,258700.0,248914.2857142857,9785.71428571429
-116.42,33.51,103100.0,116114.28571428571,-13014.28571428571
-118.2,34.05,117200.0,127985.71428571429,-10785.71428571429
-117.27,33.93,164800.0,227214.2857142857,-62414.28571428571
-117.04,32.75,144000.0,142614.2857142857,1385.7142857142899
-118.08,34.13,500001.0,421071.71428571426,78929.28571428574
-120.99,39.13,155400.0,141142.85714285713,14257.14285714287
-117.46,33.93,114700.0,151742.85714285713,-37042.85714285713
-118.18,34.05,123100.0,165700.0,-42600.0
-120.38,34.96,226800.0,183442.85714285713,43357.14285714287
-121.19,39.05,180400.0,157742.85714285713,22657.14285714287
-118.13,34.18,310900.0,422957.4285714286,-112057.42857142858
-118.04,33.96,148800.0,158028.57142857142,-9228.57142857142
-119.77,36.81,84700.0,91071.42857142857,-6371.428571428565
-118.92,35.26,63700.0,160428.57142857142,-96728.57142857142
-117.99,34.16,262000.0,225428.57142857142,36571.42857142858
-118.39,33.89,438100.0,424771.71428571426,13328.28571428574
-118.14,33.94,226500.0,284271.4285714286,-57771.42857142858
-116.96,33.74,87600.0,115328.57142857143,-27728.571428571435
-118.38,33.88,345500.0,294728.5714285714,50771.42857142858
-118.21,34.65,140100.0,159742.85714285713,-19642.85714285713
-118.41,34.03,366700.0,327985.71428571426,38714.28571428574
-117.1,32.76,270800.0,275514.28571428574,-4714.285714285739
-117.89,34.12,168800.0,203442.85714285713,-34642.85714285713
-119.72,34.44,293800.0,304985.71428571426,-11185.71428571426
-121.81,37.25,251800.0,298528.5714285714,-46728.57142857142
-121.84,39.74,85100.0,90842.85714285714,-5742.857142857145
-122.89,38.38,267500.0,275757.14285714284,-8257.14285714284
-118.43,34.26,140900.0,142514.2857142857,-1614.2857142857101
-118.15,33.96,285500.0,189671.42857142858,95828.57142857142
-122.95,38.73,151300.0,157271.42857142858,-5971.42857142858
-122.42,37.79,225000.0,335714.4285714286,-110714.42857142858
-119.01,35.4,44600.0,175185.7142857143,-130585.71428571429
-118.32,34.1,450000.0,253885.7142857143,196114.2857142857
-121.3,38.12,229300.0,327700.0,-98400.0
-119.73,36.73,225000.0,68857.14285714286,156142.85714285716
-118.35,34.04,138000.0,190257.14285714287,-52257.14285714287
-119.19,36.34,96900.0,60042.857142857145,36857.142857142855
-119.29,34.37,161200.0,263128.5714285714,-101928.57142857142
-121.04,39.19,144300.0,127771.42857142857,16528.571428571435
-118.49,34.02,450000.0,135257.14285714287,314742.85714285716
-122.23,37.79,122500.0,107442.85714285714,15057.142857142855
-117.8,34.15,248700.0,223457.14285714287,25242.85714285713
-122.29,38.28,134200.0,171314.2857142857,-37114.28571428571
-117.69,33.59,348100.0,363242.85714285716,-15142.85714285716
-121.02,40.51,78300.0,97657.14285714286,-19357.142857142855
-117.38,34.13,107800.0,126771.42857142857,-18971.428571428565
-118.19,34.04,146900.0,166800.0,-19900.0
-120.86,35.39,188300.0,205357.14285714287,-17057.14285714287
-117.38,33.19,162500.0,166871.42857142858,-4371.42857142858
-115.52,32.98,58600.0,59857.142857142855,-1257.142857142855
-121.87,37.35,183700.0,146657.14285714287,37042.85714285713
-122.36,37.72,180400.0,197300.0,-16900.0
-117.12,32.77,175000.0,178485.7142857143,-3485.71428571429
-117.08,33.03,137200.0,209214.2857142857,-72014.28571428571
-122.34,37.97,110000.0,262771.4285714286,-152771.42857142858
-116.97,32.65,233400.0,233085.7142857143,314.2857142857101
-121.2,39.2,128300.0,117328.57142857143,10971.428571428565
-118.25,34.05,350000.0,304800.14285714284,45199.85714285716
-122.11,37.69,155200.0,175842.85714285713,-20642.85714285713
-121.76,37.7,256700.0,259242.85714285713,-2542.8571428571304
-121.47,38.56,85900.0,98785.71428571429,-12885.71428571429
-116.97,33.93,73200.0,83971.42857142857,-10771.428571428565
-117.25,32.8,258300.0,233100.0,25200.0
-115.9,33.34,62800.0,63414.28571428572,-614.2857142857174
-118.07,33.72,485000.0,301028.5714285714,183971.42857142858
-118.25,34.03,124000.0,117057.14285714286,6942.857142857145
-116.96,32.87,158500.0,180885.7142857143,-22385.71428571429
-118.28,33.97,97300.0,142842.85714285713,-45542.85714285713
-118.11,33.91,186700.0,196042.85714285713,-9342.85714285713
-121.99,37.29,344100.0,351128.5714285714,-7028.57142857142
-117.14,32.93,166700.0,143628.57142857142,23071.42857142858
-120.55,38.43,108900.0,112214.28571428571,-3314.28571428571
-117.87,33.6,482900.0,360142.85714285716,122757.14285714284
-118.16,34.6,204400.0,296200.0,-91800.0
-118.36,33.88,230700.0,258971.42857142858,-28271.42857142858
-121.26,37.93,53000.0,68528.57142857143,-15528.571428571435
-117.34,33.15,178500.0,180642.85714285713,-2142.8571428571304
-121.81,36.57,500001.0,336714.4285714286,163286.57142857142
-122.49,37.85,500001.0,464286.4285714286,35714.57142857142
-119.31,36.33,84900.0,71342.85714285714,13557.142857142855
-118.43,34.01,500001.0,342157.28571428574,157843.71428571426
-121.87,37.39,246800.0,257171.42857142858,-10371.42857142858
-118.19,33.78,156300.0,172657.14285714287,-16357.14285714287
-118.31,34.04,234600.0,145442.85714285713,89157.14285714287
-123.21,40.51,48800.0,63842.71428571428,-15042.714285714283
-118.31,33.94,145800.0,195614.2857142857,-49814.28571428571
-119.8,34.43,271500.0,251700.0,19800.0
-118.39,34.08,500001.0,280542.85714285716,219458.14285714284
-117.09,34.22,87500.0,144071.42857142858,-56571.42857142858
-119.76,36.74,69100.0,55242.857142857145,13857.142857142855
-117.71,34.07,139300.0,195242.85714285713,-55942.85714285713
-122.25,37.81,273400.0,339857.28571428574,-66457.28571428574
-116.94,32.75,229700.0,262642.85714285716,-32942.85714285716
-122.18,40.02,68200.0,74885.71428571429,-6685.71428571429
-120.97,37.69,114300.0,125900.0,-11600.0
-115.59,32.79,159900.0,235014.2857142857,-75114.28571428571
-117.25,34.16,116600.0,103857.14285714286,12742.857142857145
-121.83,37.38,209900.0,200514.2857142857,9385.71428571429
-122.39,40.58,68900.0,60314.28571428572,8585.714285714283
-118.15,34.71,101400.0,160057.14285714287,-58657.14285714287
-117.99,33.94,214000.0,198785.7142857143,15214.28571428571
-121.77,37.33,355300.0,347342.85714285716,7957.1428571428405
-118.23,33.91,90300.0,135500.0,-45200.0
-118.43,34.25,159300.0,169728.57142857142,-10428.57142857142
-115.56,32.8,63900.0,66357.14285714286,-2457.142857142855
-122.29,37.89,218200.0,319957.28571428574,-101757.28571428574
-121.95,37.94,253600.0,261671.42857142858,-8071.42857142858
-118.28,33.94,81300.0,148028.57142857142,-66728.57142857142
-117.14,32.79,188600.0,221242.85714285713,-32642.85714285713
-121.62,36.74,165400.0,243571.42857142858,-78171.42857142858
-122.04,37.96,106300.0,177600.0,-71300.0
-118.32,33.89,210100.0,229857.14285714287,-19757.14285714287
-118.41,34.29,147600.0,137871.42857142858,9728.57142857142
-119.82,34.43,112500.0,200185.7142857143,-87685.71428571429
-122.16,37.71,175000.0,178771.42857142858,-3771.4285714285797
-122.08,37.63,156600.0,201871.42857142858,-45271.42857142858
-118.21,33.92,117300.0,148742.85714285713,-31442.85714285713
-118.29,34.05,229200.0,195800.0,33400.0
-117.97,33.77,350000.0,192100.0,157900.0
-122.27,37.82,171900.0,162085.7142857143,9814.28571428571
-119.06,34.36,199300.0,175014.2857142857,24285.71428571429
-121.51,38.51,251600.0,325585.71428571426,-73985.71428571426
-118.36,34.1,300000.0,325571.4285714286,-25571.42857142858
-118.28,34.05,158900.0,144185.7142857143,14714.28571428571
-122.05,37.68,216800.0,281328.5714285714,-64528.57142857142
-122.26,37.98,198000.0,230514.2857142857,-32514.28571428571
-122.43,37.75,356100.0,296871.4285714286,59228.57142857142
-118.01,33.82,192300.0,193771.42857142858,-1471.4285714285797
-118.39,34.02,314500.0,230914.2857142857,83585.71428571429
-115.73,33.36,50000.0,60242.857142857145,-10242.857142857145
-117.21,32.83,162500.0,136714.2857142857,25785.71428571429
-122.1,37.68,167100.0,133842.85714285713,33257.14285714287
-121.36,38.03,138800.0,141114.2857142857,-2314.28571428571
-118.08,34.01,147600.0,147100.0,500.0
-122.04,37.6,238500.0,247857.14285714287,-9357.14285714287
-120.98,37.64,110700.0,113757.14285714286,-3057.142857142855
-118.9,34.18,333800.0,328900.0,4900.0
-122.29,37.88,192100.0,193914.2857142857,-1814.2857142857101
-118.27,34.46,294000.0,189428.57142857142,104571.42857142858
-118.18,33.97,154500.0,142214.2857142857,12285.71428571429
-118.43,34.25,151900.0,153357.14285714287,-1457.1428571428696
-122.2,37.46,500001.0,500001.0,0.0
-122.46,37.65,322900.0,237028.57142857142,85871.42857142858
-119.2,34.18,165600.0,277271.4285714286,-111671.42857142858
-121.38,36.84,221200.0,225028.57142857142,-3828.5714285714203
-118.08,33.84,170400.0,192814.2857142857,-22414.28571428571
-121.27,38.72,198700.0,197900.0,800.0
-118.35,33.93,162500.0,134314.2857142857,28185.71428571429
-122.34,37.52,411200.0,413228.5714285714,-2028.5714285714203
-121.76,37.3,335500.0,297800.0,37700.0
-117.65,34.03,149100.0,168657.14285714287,-19557.14285714287
-118.48,34.01,381500.0,392243.14285714284,-10743.14285714284
-118.13,34.06,183900.0,201842.85714285713,-17942.85714285713
-121.53,39.53,91200.0,133757.14285714287,-42557.14285714287
-122.21,37.83,411500.0,466600.28571428574,-55100.28571428574
-118.11,33.84,220300.0,236957.14285714287,-16657.14285714287
-118.44,34.27,158100.0,151857.14285714287,6242.85714285713
-120.91,40.08,69600.0,85014.28571428571,-15414.28571428571
-117.75,33.84,270500.0,290342.85714285716,-19842.85714285716
-118.11,33.96,261600.0,337043.0,-75443.0
-122.24,37.84,389500.0,379714.5714285714,9785.42857142858
-122.33,39.1,75000.0,110371.42857142857,-35371.428571428565
-122.07,37.63,177600.0,234814.2857142857,-57214.28571428571
-121.12,39.2,170400.0,152200.0,18200.0
-118.2,33.94,154200.0,180328.57142857142,-26128.57142857142
-118.17,34.06,131900.0,154400.0,-22500.0
-122.14,40.07,44400.0,61500.0,-17100.0
-118.16,34.03,145000.0,130342.85714285714,14657.142857142855
-117.94,33.66,224100.0,258200.0,-34100.0
-120.21,39.35,187500.0,175871.42857142858,11628.57142857142
-118.24,34.15,192900.0,207100.0,-14200.0
-117.41,34.0,88600.0,84185.71428571429,4414.28571428571
-118.12,33.91,183900.0,180214.2857142857,3685.71428571429
-118.75,34.27,225000.0,269100.0,-44100.0
-116.87,34.24,182800.0,141585.7142857143,41214.28571428571
-120.95,37.67,137600.0,147057.14285714287,-9457.14285714287
-122.01,36.98,265300.0,253842.85714285713,11457.14285714287
-118.99,35.32,36600.0,54028.57142857143,-17428.571428571428
-121.37,38.55,125500.0,151271.42857142858,-25771.42857142858
-116.97,32.78,138600.0,171600.0,-33000.0
-121.94,36.55,487100.0,277571.4285714286,209528.57142857142
-121.85,37.3,178600.0,171300.0,7300.0
-117.31,34.03,134500.0,253285.7142857143,-118785.71428571429
-117.88,33.93,306700.0,330557.14285714284,-23857.14285714284
-118.25,33.89,115800.0,166314.2857142857,-50514.28571428571
-118.28,33.96,91400.0,145328.57142857142,-53928.57142857142
-116.89,32.99,210900.0,223185.7142857143,-12285.71428571429
-121.91,37.69,259200.0,270057.14285714284,-10857.14285714284
-117.1,33.07,347300.0,343900.0,3400.0
-119.15,34.83,168400.0,256885.7142857143,-88485.71428571429
-120.78,38.72,150900.0,149400.0,1500.0
-117.33,34.41,113500.0,129428.57142857143,-15928.571428571435
-118.9,34.18,302600.0,299900.0,2700.0
-119.27,34.17,423300.0,341828.85714285716,81471.14285714284
-118.4,33.9,492200.0,429443.0,62757.0
-118.19,33.8,190600.0,172228.57142857142,18371.42857142858
-117.88,33.71,245000.0,203728.57142857142,41271.42857142858
-121.26,37.98,55700.0,99600.0,-43900.0
-119.23,35.77,84000.0,93628.57142857143,-9628.571428571435
-117.87,33.89,275000.0,322028.71428571426,-47028.71428571426
-121.15,38.68,189600.0,191857.14285714287,-2257.1428571428696
-121.95,37.33,275900.0,235414.2857142857,40485.71428571429
-117.26,33.06,319800.0,316371.4285714286,3428.5714285714203
-122.04,37.55,291700.0,266500.0,25200.0
-118.44,35.13,67900.0,59742.857142857145,8157.142857142855
-118.42,34.23,189000.0,198728.57142857142,-9728.57142857142
-122.23,38.09,90000.0,155471.42857142858,-65471.42857142858
-122.41,37.74,335000.0,254857.14285714287,80142.85714285713
-118.24,34.11,176700.0,142500.0,34200.0
-119.9,36.94,98500.0,108128.57142857143,-9628.571428571435
-118.29,33.89,200600.0,247757.14285714287,-47157.14285714287
-119.79,36.77,60200.0,66328.57142857143,-6128.571428571435
-121.48,38.55,191900.0,262200.0,-70300.0
-117.98,33.84,191100.0,200285.7142857143,-9185.71428571429
-121.91,37.47,337300.0,312100.0,25200.0
-118.37,34.09,225000.0,294371.4285714286,-69371.42857142858
-118.29,34.07,290600.0,247914.2857142857,42685.71428571429
-116.93,33.75,121500.0,113685.71428571429,7814.28571428571
-122.29,37.54,293200.0,322543.0,-29343.0
-117.59,33.88,107000.0,128985.71428571429,-21985.71428571429
-118.38,34.03,266400.0,242642.85714285713,23757.14285714287
-121.22,37.95,76900.0,121414.28571428571,-44514.28571428571
-117.03,34.07,220300.0,165185.7142857143,55114.28571428571
-117.11,32.75,101100.0,110371.42857142857,-9271.428571428565
-122.5,37.88,474600.0,302300.0,172300.0
-116.47,34.07,65300.0,93342.85714285714,-28042.857142857145
-117.08,33.13,113700.0,145142.85714285713,-31442.85714285713
-121.65,36.66,214200.0,221028.57142857142,-6828.57142857142
-118.02,33.91,216700.0,226271.42857142858,-9571.42857142858
-118.03,33.83,198400.0,204542.85714285713,-6142.85714285713
-118.01,34.11,212200.0,225585.7142857143,-13385.71428571429
-122.43,37.77,222700.0,382986.0,-160286.0
-121.47,36.92,265900.0,263657.14285714284,2242.8571428571595
-123.08,40.4,37500.0,67299.85714285714,-29799.857142857145
-122.41,37.76,265000.0,289771.4285714286,-24771.42857142858
-121.29,38.9,108700.0,107457.14285714286,1242.857142857145
-118.97,35.36,46700.0,61242.857142857145,-14542.857142857145
-117.71,33.58,187500.0,188657.14285714287,-1157.1428571428696
-121.68,39.29,61600.0,62628.57142857143,-1028.5714285714275
-118.36,33.84,343000.0,271042.85714285716,71957.14285714284
-117.9,34.1,166000.0,224014.2857142857,-58014.28571428571
-118.41,34.03,500001.0,220942.85714285713,279058.14285714284
-117.98,33.86,137500.0,268214.4285714286,-130714.42857142858
-121.07,39.2,90600.0,89185.71428571429,1414.2857142857101
-119.05,35.44,77000.0,86514.28571428571,-9514.28571428571
-118.42,34.25,148100.0,154485.7142857143,-6385.71428571429
-121.33,37.97,91600.0,120600.0,-29000.0
-117.21,33.61,150900.0,186100.0,-35200.0
-118.3,33.91,155100.0,182371.42857142858,-27271.42857142858
-117.33,34.07,89200.0,114457.14285714286,-25257.142857142855
-118.14,34.16,215400.0,164728.57142857142,50671.42857142858
-122.24,40.16,55100.0,78757.14285714286,-23657.142857142855
-117.96,33.83,197400.0,213071.42857142858,-15671.42857142858
-117.13,32.76,154400.0,202371.42857142858,-47971.42857142858
-122.3,37.9,141700.0,117700.0,24000.0
-121.32,38.03,98400.0,86228.57142857143,12171.428571428565
-116.89,34.27,152600.0,158757.14285714287,-6157.14285714287
-118.29,34.0,109600.0,141242.85714285713,-31642.85714285713
-122.48,38.3,171300.0,170571.42857142858,728.5714285714203
-116.24,33.73,104100.0,158357.14285714287,-54257.14285714287
-118.44,34.26,153900.0,176742.85714285713,-22842.85714285713
-118.33,33.88,270000.0,292985.71428571426,-22985.71428571426
-118.09,33.85,286500.0,218071.42857142858,68428.57142857142
-121.63,37.1,335000.0,238571.42857142858,96428.57142857142
-118.34,33.98,137700.0,164842.85714285713,-27142.85714285713
-118.17,34.12,232000.0,251285.7142857143,-19285.71428571429
-122.48,37.78,393800.0,314757.14285714284,79042.85714285716
-121.48,38.5,70300.0,89700.0,-19400.0
-118.2,33.99,141700.0,151042.85714285713,-9342.85714285713
-118.19,33.99,156300.0,147528.57142857142,8771.42857142858
-118.32,33.34,450000.0,241128.57142857142,208871.42857142858
-117.14,33.18,199800.0,154042.85714285713,45757.14285714287
-121.79,38.68,95300.0,119857.14285714286,-24557.142857142855
-120.6,37.36,86900.0,103942.85714285714,-17042.857142857145
-118.11,34.06,187500.0,167300.0,20200.0
-120.69,35.26,221800.0,202514.2857142857,19285.71428571429
-116.22,33.72,58800.0,71728.57142857143,-12928.571428571435
-118.18,33.85,134400.0,148785.7142857143,-14385.71428571429
-122.08,37.71,238600.0,305285.71428571426,-66685.71428571426
-117.99,33.77,160900.0,176485.7142857143,-15585.71428571429
-121.31,38.66,136400.0,162000.0,-25600.0
-118.16,33.91,144000.0,153528.57142857142,-9528.57142857142
-117.01,32.79,159300.0,169628.57142857142,-10328.57142857142
-118.05,33.98,155300.0,182057.14285714287,-26757.14285714287
-122.33,37.95,142600.0,259985.7142857143,-117385.71428571429
-121.3,38.14,120700.0,142885.7142857143,-22185.71428571429
-117.92,34.11,126200.0,198342.85714285713,-72142.85714285713
-118.14,33.86,213400.0,255671.42857142858,-42271.42857142858
-121.3,38.61,116900.0,139742.85714285713,-22842.85714285713
-118.45,34.27,185800.0,178500.0,7300.0
-121.97,37.8,356000.0,360500.0,-4500.0
-121.33,37.98,150000.0,134671.42857142858,15328.57142857142
-122.81,40.93,88900.0,87700.0,1200.0
-119.71,34.42,259100.0,301328.5714285714,-42228.57142857142
-118.11,33.78,500001.0,374642.85714285716,125358.14285714284
-117.38,34.09,127600.0,120171.42857142857,7428.571428571435
-121.28,37.98,69900.0,98857.14285714286,-28957.142857142855
-117.82,33.73,137000.0,204600.0,-67600.0
-122.5,37.74,273700.0,246114.2857142857,27585.71428571429
-117.04,34.03,92000.0,116200.0,-24200.0
-118.08,33.82,118300.0,166028.57142857142,-47728.57142857142
-118.86,34.16,410800.0,449457.4285714286,-38657.42857142858
-117.34,34.39,100500.0,111900.0,-11400.0
-122.45,37.77,492900.0,353814.28571428574,139085.71428571426
-117.37,34.13,118500.0,133828.57142857142,-15328.57142857142
-117.42,33.94,113500.0,156471.42857142858,-42971.42857142858
-119.81,36.78,89900.0,75742.85714285714,14157.142857142855
-118.41,33.9,500001.0,422300.28571428574,77700.71428571426
-122.1,37.36,500001.0,500001.0,0.0
-122.05,37.11,146300.0,334700.14285714284,-188400.14285714284
-117.06,32.68,113500.0,128828.57142857143,-15328.571428571435
-118.41,34.0,275000.0,229200.14285714287,45799.85714285713
-117.09,32.72,102500.0,140942.85714285713,-38442.85714285713
-116.91,32.87,147100.0,209142.85714285713,-62042.85714285713
-117.88,33.82,225000.0,201085.7142857143,23914.28571428571
-121.19,38.85,139400.0,166028.57142857142,-26628.57142857142
-119.18,34.18,175800.0,181700.0,-5900.0
-119.05,35.42,57000.0,75071.42857142857,-18071.428571428565
-118.01,33.88,269600.0,202700.0,66900.0
-122.26,38.0,272900.0,281900.0,-9000.0
-115.56,32.78,76200.0,87357.14285714286,-11157.142857142855
-117.62,33.64,484100.0,461400.28571428574,22699.71428571426
-118.14,34.02,180600.0,134885.7142857143,45714.28571428571
-117.94,33.81,238000.0,201714.2857142857,36285.71428571429
-117.13,32.72,137500.0,153014.2857142857,-15514.28571428571
-121.32,38.74,186300.0,151714.2857142857,34585.71428571429
-117.19,32.82,192900.0,234957.14285714287,-42057.14285714287
-121.85,39.74,84500.0,70971.42857142857,13528.571428571435
-117.06,32.58,107600.0,158757.14285714287,-51157.14285714287
-119.28,36.33,55500.0,57928.57142857143,-2428.5714285714275
-121.97,37.29,265300.0,283471.4285714286,-18171.42857142858
-117.24,32.73,388300.0,362571.5714285714,25728.42857142858
-117.19,32.69,482700.0,327042.85714285716,155657.14285714284
-122.15,37.67,198100.0,322157.14285714284,-124057.14285714284
-119.61,36.59,92700.0,85628.57142857143,7071.428571428565
-119.74,34.41,346200.0,337228.5714285714,8971.42857142858
-120.51,36.55,38800.0,71685.71428571429,-32885.71428571429
-121.47,38.54,56700.0,68285.71428571429,-11585.71428571429
-122.26,38.15,123700.0,184514.2857142857,-60814.28571428571
-121.51,38.57,93800.0,113900.0,-20100.0
-117.04,32.55,93200.0,115042.85714285714,-21842.857142857145
-114.66,32.74,44000.0,65071.42857142857,-21071.428571428572
-119.73,36.8,69200.0,100142.85714285714,-30942.857142857145
-119.25,34.21,301800.0,254600.0,47200.0
-118.38,34.04,254200.0,194228.57142857142,59971.42857142858
-122.29,37.98,209800.0,271385.71428571426,-61585.71428571426
-117.95,34.14,184500.0,216614.2857142857,-32114.28571428571
-121.38,38.67,73400.0,98985.71428571429,-25585.71428571429
-118.36,33.82,339000.0,385100.14285714284,-46100.14285714284
-119.69,36.75,93100.0,100042.85714285714,-6942.857142857145
-117.66,34.02,202300.0,243742.85714285713,-41442.85714285713
-119.63,36.7,133300.0,75385.71428571429,57914.28571428571
-116.97,32.76,270700.0,242928.57142857142,27771.42857142858
-121.71,36.78,240200.0,269785.71428571426,-29585.71428571426
-117.59,34.1,139300.0,164328.57142857142,-25028.57142857142
-121.46,38.55,57000.0,63171.42857142857,-6171.4285714285725
-120.33,38.0,170700.0,136485.7142857143,34214.28571428571
-118.28,34.0,119200.0,146657.14285714287,-27457.14285714287
-118.36,33.96,177300.0,176771.42857142858,528.5714285714203
-118.41,33.94,289600.0,240171.42857142858,49428.57142857142
-121.4,38.57,297600.0,227442.85714285713,70157.14285714287
-121.02,37.66,109900.0,100042.85714285714,9857.142857142855
-121.0,37.69,147500.0,155957.14285714287,-8457.14285714287
-122.39,40.64,78700.0,93671.42857142857,-14971.428571428565
-118.22,33.84,160300.0,222285.7142857143,-61985.71428571429
-121.03,37.62,77700.0,96314.28571428571,-18614.28571428571
-122.07,37.37,473500.0,441357.5714285714,32142.42857142858
-117.99,33.97,500001.0,481443.4285714286,18557.57142857142
-120.91,38.11,133100.0,155114.2857142857,-22014.28571428571
-119.43,36.55,93500.0,85600.0,7900.0
-122.04,37.39,280100.0,194771.42857142858,85328.57142857142
-120.67,35.63,256700.0,217371.42857142858,39328.57142857142
-117.95,33.72,288000.0,264942.85714285716,23057.14285714284
-117.1,33.15,161100.0,184271.42857142858,-23171.42857142858
-117.64,34.03,137000.0,202171.42857142858,-65171.42857142858
-122.6,38.93,62000.0,91471.42857142857,-29471.428571428565
-122.11,37.41,443800.0,392043.0,51757.0
-117.29,34.57,68300.0,82528.57142857143,-14228.571428571435
-117.86,34.02,262100.0,292557.28571428574,-30457.28571428574
-120.86,37.77,109400.0,74914.28571428571,34485.71428571429
-122.22,37.46,409300.0,312842.85714285716,96457.14285714284
-118.02,34.08,175200.0,172157.14285714287,3042.8571428571304
-118.35,33.95,147700.0,231557.14285714287,-83857.14285714287
-117.22,32.74,287500.0,194071.42857142858,93428.57142857142
-117.09,32.74,93200.0,111228.57142857143,-18028.571428571435
-121.76,38.41,93800.0,143700.0,-49900.0
-118.48,34.31,172400.0,183414.2857142857,-11014.28571428571
-122.24,37.47,318600.0,310628.5714285714,7971.42857142858
-117.01,32.77,185200.0,213642.85714285713,-28442.85714285713
-121.61,39.14,65200.0,74257.14285714286,-9057.142857142855
-121.68,39.13,179700.0,97100.0,82600.0
-118.05,34.08,159200.0,147828.57142857142,11371.42857142858
-118.19,33.85,151900.0,196085.7142857143,-44185.71428571429
-121.57,39.16,71700.0,111671.42857142857,-39971.428571428565
-117.58,34.0,245200.0,178528.57142857142,66671.42857142858
-118.38,33.99,228300.0,237171.42857142858,-8871.42857142858
-118.37,34.03,196400.0,171157.14285714287,25242.85714285713
-121.38,36.85,192400.0,138414.2857142857,53985.71428571429
-119.72,36.73,65900.0,66471.42857142857,-571.4285714285652
-118.14,34.14,282300.0,242585.7142857143,39714.28571428571
-121.69,36.8,185300.0,245857.14285714287,-60557.14285714287
-117.11,32.72,88600.0,123000.0,-34400.0
-120.61,37.03,67500.0,66271.42857142857,1228.5714285714348
-121.38,38.64,143400.0,115471.42857142857,27928.571428571435
-121.78,38.68,119400.0,154471.42857142858,-35071.42857142858
-118.49,34.2,215800.0,302400.0,-86600.0
-117.68,33.63,257400.0,238042.85714285713,19357.14285714287
-122.12,37.44,373400.0,244000.0,129400.0
-118.24,33.78,152300.0,171471.42857142858,-19171.42857142858
-118.12,34.08,245700.0,398885.85714285716,-153185.85714285716
-119.77,35.65,80000.0,71100.0,8900.0
-117.1,32.72,137200.0,132900.0,4300.0
-121.86,37.41,266900.0,261085.7142857143,5814.28571428571
-118.37,33.85,395300.0,346071.4285714286,49228.57142857142
-118.76,34.26,222100.0,229157.14285714287,-7057.14285714287
-118.44,34.06,500001.0,192200.0,307801.0
-121.88,36.49,500001.0,367514.28571428574,132486.71428571426
-118.54,34.23,232900.0,277071.4285714286,-44171.42857142858
-122.47,37.72,259700.0,322185.85714285716,-62485.85714285716
-117.27,33.18,215700.0,154957.14285714287,60742.85714285713
-121.85,37.4,243200.0,275128.5714285714,-31928.57142857142
-118.01,33.91,221400.0,168085.7142857143,53314.28571428571
-122.69,39.04,112500.0,116000.0,-3500.0
-122.01,36.91,388500.0,258000.14285714287,130499.85714285713
-117.27,32.83,410000.0,234600.14285714287,175399.85714285713
-118.18,33.88,163000.0,269628.5714285714,-106628.57142857142
-117.28,32.77,500000.0,206200.0,293800.0
-119.34,34.39,231300.0,232728.57142857142,-1428.5714285714203
-119.65,36.34,76100.0,76257.14285714286,-157.14285714285506
-118.42,34.0,458600.0,296557.28571428574,162042.71428571426
-117.74,33.89,366300.0,252328.57142857142,113971.42857142858
-118.34,34.0,296800.0,267514.4285714286,29285.57142857142
-119.28,35.5,58600.0,73914.28571428571,-15314.28571428571
-117.37,33.97,84800.0,75085.71428571429,9714.28571428571
-117.82,34.05,117300.0,172714.2857142857,-55414.28571428571
-120.0,38.92,126600.0,120871.42857142857,5728.571428571435
-118.36,33.95,170800.0,165871.42857142858,4928.57142857142
-117.17,34.05,149300.0,107414.28571428571,41885.71428571429
-120.59,38.45,119000.0,120042.85714285714,-1042.857142857145
-122.48,37.78,375000.0,381171.5714285714,-6171.57142857142
-117.98,33.73,284900.0,289685.71428571426,-4785.714285714261
-121.33,38.28,170100.0,149885.7142857143,20214.28571428571
-122.15,37.44,500001.0,326071.5714285714,173929.42857142858
-116.37,33.19,98700.0,158728.57142857142,-60028.57142857142
-116.29,34.18,60800.0,121000.0,-60200.0
-118.19,34.02,142800.0,154671.42857142858,-11871.42857142858
-122.04,36.96,223900.0,250185.7142857143,-26285.71428571429
-118.3,34.06,137500.0,197542.85714285713,-60042.85714285713
-122.49,37.75,297800.0,353028.71428571426,-55228.71428571426
-117.09,32.69,112700.0,144957.14285714287,-32257.14285714287
-120.87,37.76,113300.0,106671.42857142857,6628.571428571435
-117.38,34.44,121400.0,146028.57142857142,-24628.57142857142
-117.66,33.61,248400.0,258957.14285714287,-10557.14285714287
-121.95,36.61,407800.0,374543.0,33257.0
-121.9,37.1,356600.0,321214.28571428574,35385.71428571426
-121.3,38.02,106300.0,132328.57142857142,-26028.57142857142
-117.45,33.91,121400.0,161971.42857142858,-40571.42857142858
-122.96,38.26,240900.0,164228.57142857142,76671.42857142858
-117.62,33.43,247100.0,169000.0,78100.0
-122.2,40.26,137900.0,90414.28571428571,47485.71428571429
-121.67,39.37,86300.0,72800.0,13500.0
-119.66,34.44,500001.0,333771.4285714286,166229.57142857142
-118.11,33.85,216300.0,221085.7142857143,-4785.71428571429
-117.69,33.47,305600.0,250600.0,55000.0
-122.17,37.72,158300.0,170814.2857142857,-12514.28571428571
-117.79,33.55,452100.0,393371.71428571426,58728.28571428574
-122.22,37.77,95000.0,184985.85714285713,-89985.85714285713
-121.57,39.78,105700.0,82557.14285714286,23142.857142857145
-119.77,36.8,84600.0,69157.14285714286,15442.857142857145
-117.23,33.24,240100.0,167014.2857142857,73085.71428571429
-117.69,34.03,162500.0,169642.85714285713,-7142.85714285713
-117.42,34.0,96600.0,130200.0,-33600.0
-117.2,34.5,92200.0,114257.14285714286,-22057.142857142855
-118.21,34.11,228200.0,212600.0,15600.0
-120.44,34.97,113700.0,128357.14285714286,-14657.142857142855
-120.1,36.66,69000.0,52814.28571428572,16185.714285714283
-122.14,37.43,500001.0,399328.85714285716,100672.14285714284
-122.21,37.49,225000.0,192057.14285714287,32942.85714285713
-117.67,34.1,174000.0,241114.42857142858,-67114.42857142858
-122.48,37.86,500001.0,444486.28571428574,55514.71428571426
-122.18,37.79,253000.0,319228.5714285714,-66228.57142857142
-117.07,32.79,277600.0,366428.71428571426,-88828.71428571426
-118.0,33.91,285200.0,297100.0,-11900.0
-122.33,37.93,90300.0,148042.85714285713,-57742.85714285713
-117.17,33.34,189900.0,174085.7142857143,15814.28571428571
-117.9,33.69,316600.0,249671.42857142858,66928.57142857142
-117.78,33.88,301900.0,304700.0,-2800.0
-117.32,34.48,93100.0,122814.28571428571,-29714.28571428571
-118.26,33.97,94200.0,99357.14285714286,-5157.142857142855
-117.85,33.76,213800.0,196585.7142857143,17214.28571428571
-117.93,34.06,187500.0,193285.7142857143,-5785.71428571429
-122.45,37.78,500001.0,397800.28571428574,102200.71428571426
-122.42,37.74,325700.0,378614.5714285714,-52914.57142857142
-117.29,33.05,300000.0,226728.7142857143,73271.28571428571
-122.34,37.94,143900.0,185314.2857142857,-41414.28571428571
-122.42,37.8,500001.0,455043.5714285714,44957.42857142858
-117.0,32.67,264100.0,274757.14285714284,-10657.14285714284
-115.57,32.85,62300.0,79600.0,-17300.0
-121.18,39.19,138800.0,112642.85714285714,26157.142857142855
-118.28,33.92,105400.0,143685.7142857143,-38285.71428571429
-115.57,32.85,63500.0,62385.71428571428,1114.2857142857174
-117.55,33.83,500001.0,212100.0,287901.0
-121.42,38.47,97800.0,135785.7142857143,-37985.71428571429
-117.43,34.08,127400.0,176914.2857142857,-49514.28571428571
-122.17,37.77,135300.0,191400.0,-56100.0
-121.64,36.68,156100.0,154371.42857142858,1728.5714285714203
-118.28,34.18,446800.0,425657.5714285714,21142.42857142858
-121.54,39.12,65000.0,96442.85714285714,-31442.857142857145
-118.19,33.96,151800.0,163457.14285714287,-11657.14285714287
-117.12,32.77,192200.0,216171.42857142858,-23971.42857142858
-118.37,33.97,153100.0,197628.57142857142,-44528.57142857142
-116.99,32.79,165800.0,211442.85714285713,-45642.85714285713
-122.25,37.77,254200.0,252585.7142857143,1614.2857142857101
-121.93,37.25,234200.0,294885.71428571426,-60685.71428571426
-121.29,37.96,112500.0,88842.85714285714,23657.142857142855
-119.03,35.39,118700.0,101485.71428571429,17214.28571428571
-121.91,37.34,240900.0,215871.42857142858,25028.57142857142
-121.89,37.3,283300.0,307700.0,-24400.0
-120.92,37.63,450000.0,158171.57142857142,291828.4285714286
-119.27,35.5,52100.0,56171.42857142857,-4071.4285714285725
-120.31,37.29,55900.0,53828.57142857143,2071.4285714285725
-120.02,37.72,88100.0,104885.71428571429,-16785.71428571429
-118.04,34.09,248900.0,188514.2857142857,60385.71428571429
-120.24,39.67,68600.0,119414.28571428571,-50814.28571428571
-118.14,34.16,156300.0,165428.57142857142,-9128.57142857142
-122.43,37.64,272700.0,295800.0,-23100.0
-118.39,34.04,340400.0,349014.28571428574,-8614.28571428574
-118.17,34.18,218800.0,181685.7142857143,37114.28571428571
-119.56,36.51,70100.0,81157.14285714286,-11057.142857142855
-117.17,32.69,500001.0,311943.0,188058.0
-120.08,38.8,162500.0,133800.0,28700.0
-117.29,34.49,111800.0,150457.14285714287,-38657.14285714287
-121.0,37.67,110200.0,115914.28571428571,-5714.28571428571
-119.8,36.65,74200.0,62600.0,11600.0
-117.08,32.57,103200.0,126128.57142857143,-22928.571428571435
-120.7,35.55,172100.0,181857.14285714287,-9757.14285714287
-117.35,34.13,132000.0,117271.42857142857,14728.571428571435
-122.92,39.08,166300.0,111071.42857142857,55228.571428571435
-119.33,36.31,107300.0,102528.57142857143,4771.428571428565
-116.98,33.77,107900.0,97914.28571428571,9985.71428571429
-121.32,37.98,94600.0,85271.42857142857,9328.571428571435
-120.6,37.35,66100.0,89985.71428571429,-23885.71428571429
-118.08,33.93,158200.0,150500.0,7700.0
-120.08,37.06,95800.0,106414.28571428571,-10614.28571428571
-117.22,33.93,117000.0,111071.42857142857,5928.571428571435
-122.74,38.45,170900.0,167857.14285714287,3042.8571428571304
-117.36,33.99,92900.0,104142.85714285714,-11242.857142857145
-117.91,33.84,162500.0,147042.85714285713,15457.14285714287
-118.11,34.0,193800.0,179414.2857142857,14385.71428571429
-118.3,34.0,134600.0,97885.71428571429,36714.28571428571
-121.5,38.56,123100.0,107142.85714285714,15957.142857142855
-117.3,34.05,115700.0,166828.57142857142,-51128.57142857142
-121.97,38.04,83500.0,111057.14285714286,-27557.142857142855
-119.25,35.79,62200.0,71514.28571428571,-9314.28571428571
-119.34,36.3,74400.0,81742.85714285714,-7342.857142857145
-118.14,33.9,180100.0,205485.7142857143,-25385.71428571429
-116.99,32.8,195800.0,216357.14285714287,-20557.14285714287
-118.09,34.18,500001.0,500001.0,0.0
-117.58,33.87,144300.0,145914.2857142857,-1614.2857142857101
-121.28,38.13,125400.0,110628.57142857143,14771.428571428565
-119.83,36.8,80800.0,106271.42857142857,-25471.428571428565
-119.82,36.79,65900.0,80585.71428571429,-14685.71428571429
-118.21,33.81,157900.0,163614.2857142857,-5714.28571428571
-117.3,32.85,500001.0,227228.57142857142,272772.4285714286
-121.91,37.32,180800.0,204914.2857142857,-24114.28571428571
-118.13,33.79,236200.0,257914.2857142857,-21714.28571428571
-118.24,33.9,103000.0,136314.2857142857,-33314.28571428571
-117.81,33.74,216900.0,186242.85714285713,30657.14285714287
-118.36,34.09,383300.0,257542.85714285713,125757.14285714287
-118.31,34.07,500001.0,235057.14285714287,264943.85714285716
-120.95,39.93,83500.0,100371.42857142857,-16871.428571428565
-122.65,38.47,214400.0,226014.2857142857,-11614.28571428571
-122.64,41.63,100000.0,95585.71428571429,4414.28571428571
-121.47,38.49,78800.0,96442.85714285714,-17642.857142857145
-117.25,34.15,97600.0,118157.14285714286,-20557.142857142855
-118.37,34.18,178400.0,213314.2857142857,-34914.28571428571
-118.87,34.23,287100.0,270657.14285714284,16442.85714285716
-117.87,33.89,270100.0,332314.4285714286,-62214.42857142858
-118.53,34.45,185500.0,249242.85714285713,-63742.85714285713
-119.63,36.35,90600.0,102028.57142857143,-11428.571428571435
-121.88,37.33,213600.0,231443.0,-17843.0
-121.21,37.81,124300.0,117357.14285714286,6942.857142857145
-117.23,32.88,205000.0,147000.0,58000.0
-118.06,34.1,256700.0,214614.2857142857,42085.71428571429
-118.63,34.16,392700.0,431386.14285714284,-38686.14285714284
-117.17,32.79,133300.0,136842.85714285713,-3542.8571428571304
-122.17,38.06,187100.0,191928.57142857142,-4828.57142857142
-118.33,33.86,255400.0,324714.28571428574,-69314.28571428574
-122.41,37.61,347400.0,320742.85714285716,26657.14285714284
-121.3,38.11,171700.0,143414.2857142857,28285.71428571429
-122.27,37.82,112500.0,124457.14285714286,-11957.142857142855
-116.15,34.14,82600.0,117114.28571428571,-34514.28571428571
-119.0,35.36,48600.0,61457.142857142855,-12857.142857142855
-119.07,35.34,134100.0,185485.7142857143,-51385.71428571429
-118.14,33.9,225800.0,207285.7142857143,18514.28571428571
-118.14,34.11,500001.0,461929.14285714284,38071.85714285716
-118.37,34.06,470000.0,370271.5714285714,99728.42857142858
-118.15,34.09,225800.0,322614.28571428574,-96814.28571428574
-118.35,34.05,158000.0,120471.42857142857,37528.571428571435
-121.28,38.71,117100.0,126271.42857142857,-9171.428571428565
-121.61,37.15,416300.0,449057.28571428574,-32757.28571428574
-120.31,37.64,120800.0,115057.14285714286,5742.857142857145
-118.11,33.84,226300.0,221342.85714285713,4957.14285714287
-121.44,38.65,122200.0,121914.28571428571,285.7142857142899
-121.85,38.0,100000.0,149871.42857142858,-49871.42857142858
-122.22,37.48,229500.0,197571.42857142858,31928.57142857142
-120.89,37.59,195800.0,113585.71428571429,82214.28571428571
-120.85,37.75,85000.0,125828.57142857143,-40828.571428571435
-118.12,33.94,264700.0,210571.42857142858,54128.57142857142
-122.05,37.31,455500.0,403643.14285714284,51856.85714285716
-118.0,33.76,176000.0,189685.7142857143,-13685.71428571429
-120.44,37.28,81100.0,88685.71428571429,-7585.71428571429
-122.12,38.0,166400.0,230228.57142857142,-63828.57142857142
-119.02,35.32,82600.0,80214.28571428571,2385.71428571429
-118.16,33.77,272200.0,335214.4285714286,-63014.42857142858
-118.15,33.77,271100.0,276685.71428571426,-5585.714285714261
-122.0,37.36,239400.0,201014.2857142857,38385.71428571429
-118.17,33.92,171800.0,189171.42857142858,-17371.42857142858
-121.64,39.74,121800.0,89428.57142857143,32371.428571428565
-117.33,33.19,173600.0,136657.14285714287,36942.85714285713
-117.94,33.88,239300.0,207057.14285714287,32242.85714285713
-119.34,35.6,58800.0,62500.0,-3700.0
-122.27,37.88,287500.0,248500.0,39000.0
-120.08,36.95,70700.0,59757.142857142855,10942.857142857145
-118.38,34.2,181700.0,167228.57142857142,14471.42857142858
-121.34,37.96,113700.0,108428.57142857143,5271.428571428565
-118.15,33.84,224100.0,245314.2857142857,-21214.28571428571
-121.98,37.82,351300.0,381228.5714285714,-29928.57142857142
-119.51,34.4,301300.0,268585.71428571426,32714.28571428574
-122.18,37.75,80700.0,246328.57142857142,-165628.57142857142
-117.21,33.93,152600.0,153857.14285714287,-1257.1428571428696
-118.03,33.81,237400.0,245942.85714285713,-8542.85714285713
-117.03,32.69,179400.0,210914.2857142857,-31514.28571428571
-118.05,34.14,500001.0,489415.0,10586.0
-122.76,38.44,170200.0,215600.0,-45400.0
-117.86,33.74,165300.0,148271.42857142858,17028.57142857142
-121.88,37.26,225900.0,214400.0,11500.0
-117.92,33.74,159700.0,150614.2857142857,9085.71428571429
-118.41,33.97,363500.0,301900.0,61600.0
-118.17,33.98,132100.0,188757.14285714287,-56657.14285714287
-122.46,37.78,376800.0,386385.71428571426,-9585.71428571426
-122.79,39.02,96900.0,103400.0,-6500.0
-122.44,37.75,316200.0,390585.85714285716,-74385.85714285716
-122.48,37.76,323800.0,341400.0,-17600.0
-118.46,34.05,387500.0,416886.14285714284,-29386.14285714284
-122.75,38.43,149100.0,145328.57142857142,3771.4285714285797
-118.51,34.11,500001.0,500001.0,0.0
-117.94,33.64,225000.0,147471.42857142858,77528.57142857142
-118.44,34.22,178800.0,208500.0,-29700.0
-122.28,37.82,87500.0,115971.42857142857,-28471.428571428565
-119.08,35.34,130100.0,99728.57142857143,30371.428571428565
-118.4,33.88,500001.0,418857.28571428574,81143.71428571426
-117.95,33.89,349000.0,337643.0,11357.0
-119.04,35.35,73000.0,65042.857142857145,7957.142857142855
-117.31,32.98,244700.0,299328.71428571426,-54628.71428571426
-118.06,34.12,275400.0,201285.7142857143,74114.28571428571
-122.46,37.71,246200.0,260557.14285714287,-14357.14285714287
-117.69,33.61,236200.0,188057.14285714287,48142.85714285713
-122.29,37.89,232200.0,311842.85714285716,-79642.85714285716
-117.28,35.13,53300.0,114228.57142857143,-60928.571428571435
-118.2,33.98,163100.0,128042.85714285714,35057.142857142855
-116.44,34.12,72400.0,81971.42857142857,-9571.428571428565
-117.85,33.81,234500.0,170514.2857142857,63985.71428571429
-121.03,37.65,150000.0,137471.42857142858,12528.57142857142
-118.3,34.0,116100.0,171685.7142857143,-55585.71428571429
-118.17,33.77,181300.0,212657.14285714287,-31357.14285714287
-121.76,36.77,121000.0,159771.42857142858,-38771.42857142858
-122.22,38.09,88700.0,133657.14285714287,-44957.14285714287
-117.96,33.81,182500.0,188214.2857142857,-5714.28571428571
-122.75,38.48,197400.0,208471.42857142858,-11071.42857142858
-118.19,33.91,128100.0,156828.57142857142,-28728.57142857142
-122.32,40.42,76500.0,87542.85714285714,-11042.857142857145
-118.88,34.21,300000.0,329143.0,-29143.0
-117.68,33.57,500001.0,411014.4285714286,88986.57142857142
-118.42,34.29,160300.0,157285.7142857143,3014.28571428571
-121.87,37.38,335600.0,307657.14285714284,27942.85714285716
-117.13,32.75,157600.0,149471.42857142858,8128.57142857142
-122.7,38.45,190600.0,211328.57142857142,-20728.57142857142
-117.74,33.61,180800.0,178985.7142857143,1814.2857142857101
-122.36,37.96,104200.0,107185.71428571429,-2985.71428571429
-117.62,34.08,111800.0,173728.57142857142,-61928.57142857142
-122.14,37.7,194100.0,235200.0,-41100.0
-122.25,37.5,253800.0,273528.5714285714,-19728.57142857142
-121.36,38.57,129500.0,190271.42857142858,-60771.42857142858
-117.41,33.94,117600.0,122085.71428571429,-4485.71428571429
-122.49,37.76,339800.0,336271.4285714286,3528.5714285714203
-118.14,33.77,342900.0,345771.5714285714,-2871.5714285714203
-117.92,34.07,195500.0,189600.0,5900.0
-121.61,39.13,83800.0,76742.85714285714,7057.142857142855
-122.04,38.25,94200.0,123785.71428571429,-29585.71428571429
-122.94,39.1,140600.0,125114.28571428571,15485.71428571429
-118.61,34.2,160900.0,156042.85714285713,4857.14285714287
-122.82,38.41,169300.0,174842.85714285713,-5542.85714285713
-117.64,33.48,275900.0,236557.14285714287,39342.85714285713
-118.18,33.78,146200.0,182628.57142857142,-36428.57142857142
-118.24,34.15,202300.0,173785.7142857143,28514.28571428571
-122.3,38.29,154000.0,202828.57142857142,-48828.57142857142
-117.61,34.09,135500.0,156257.14285714287,-20757.14285714287
-122.46,37.7,235900.0,221200.0,14700.0
-117.61,34.08,128800.0,149571.42857142858,-20771.42857142858
-121.87,37.28,249600.0,220557.14285714287,29042.85714285713
-117.69,33.47,300000.0,200400.0,99600.0
-121.34,38.58,134100.0,160528.57142857142,-26428.57142857142
-122.53,37.88,308600.0,329457.28571428574,-20857.28571428574
-118.31,33.74,350000.0,339885.71428571426,10114.28571428574
-122.22,38.1,110800.0,178014.2857142857,-67214.28571428571
-122.08,37.68,190800.0,171028.57142857142,19771.42857142858
-117.46,34.1,108800.0,161585.7142857143,-52785.71428571429
-121.36,38.4,144400.0,155200.0,-10800.0
-122.27,37.84,162900.0,173785.7142857143,-10885.71428571429
-121.87,37.99,163900.0,206671.42857142858,-42771.42857142858
-117.1,32.69,98000.0,87814.28571428571,10185.71428571429
-118.21,33.93,132700.0,155157.14285714287,-22457.14285714287
-121.7,36.6,283100.0,274600.0,8500.0
-122.32,37.54,407200.0,308642.85714285716,98557.14285714284
-118.02,33.74,248200.0,246400.0,1800.0
-123.48,40.34,64500.0,98742.85714285714,-34242.857142857145
-122.11,37.4,500001.0,292271.4285714286,207729.57142857142
-117.73,33.57,194400.0,258657.14285714287,-64257.14285714287
-118.33,34.03,137500.0,259242.85714285713,-121742.85714285713
-117.75,34.07,127300.0,127385.71428571429,-85.71428571428987
-120.35,36.16,85300.0,74328.57142857143,10971.428571428565
-118.36,34.18,194900.0,184471.42857142858,10428.57142857142
-120.84,35.35,221100.0,173214.2857142857,47885.71428571429
-117.87,34.11,192200.0,198842.85714285713,-6642.85714285713
-118.32,34.07,404500.0,314043.0,90457.0
-121.63,39.15,73500.0,88228.57142857143,-14728.571428571435
-122.82,38.39,233700.0,184542.85714285713,49157.14285714287
-117.41,33.96,118800.0,123385.71428571429,-4585.71428571429
-120.99,37.64,70000.0,86742.85714285714,-16742.857142857145
-117.12,33.15,182800.0,227871.42857142858,-45071.42857142858
-118.54,34.28,500001.0,486215.0,13786.0
-118.32,34.01,157700.0,220242.85714285713,-62542.85714285713
-121.23,38.04,247900.0,260985.7142857143,-13085.71428571429
-122.12,37.29,500001.0,389543.14285714284,110457.85714285716
-119.27,34.45,357900.0,212342.85714285713,145557.14285714287
-119.55,36.61,56900.0,56800.0,100.0
-117.81,33.71,302400.0,321285.71428571426,-18885.71428571426
-121.3,38.67,125400.0,163100.0,-37700.0
-121.96,37.03,386400.0,233171.42857142858,153228.57142857142
-117.28,33.2,175600.0,173514.2857142857,2085.71428571429
-117.47,33.93,110500.0,191500.0,-81000.0
-118.38,34.14,386700.0,442943.28571428574,-56243.28571428574
-121.45,38.37,137500.0,155600.0,-18100.0
-121.9,37.41,228700.0,272257.14285714284,-43557.14285714284
-118.37,33.94,149400.0,159428.57142857142,-10028.57142857142
-119.03,35.35,73700.0,63157.142857142855,10542.857142857145
-122.41,37.81,500001.0,266171.4285714286,233829.57142857142
-117.41,33.95,132100.0,117842.85714285714,14257.142857142855
-122.41,40.55,86500.0,93300.0,-6800.0
-118.36,34.16,417900.0,301357.14285714284,116542.85714285716
-117.13,33.15,172600.0,153700.0,18900.0
-121.19,37.93,99700.0,86714.28571428571,12985.71428571429
-117.71,33.6,72500.0,179842.85714285713,-107342.85714285713
-118.28,33.85,180800.0,337585.85714285716,-156785.85714285716
-122.42,38.27,308400.0,221871.42857142858,86528.57142857142
-122.06,37.34,288300.0,301700.14285714284,-13400.14285714284
-117.15,32.76,302200.0,244971.42857142858,57228.57142857142
-117.88,33.77,288800.0,376343.0,-87543.0
-121.06,36.72,100000.0,170800.0,-70800.0
-122.4,37.73,233000.0,94771.42857142857,138228.57142857142
-117.05,32.58,136900.0,131171.42857142858,5728.57142857142
-118.37,34.16,209400.0,199571.42857142858,9828.57142857142
-119.04,34.23,246600.0,260214.2857142857,-13614.28571428571
-120.07,36.96,65200.0,61928.57142857143,3271.4285714285725
-122.31,37.5,491200.0,221228.57142857142,269971.4285714286
-118.8,34.15,356700.0,300100.0,56600.0
-118.35,33.96,164300.0,229900.0,-65600.0
-117.25,34.13,88200.0,91842.85714285714,-3642.857142857145
-120.76,38.65,155900.0,156442.85714285713,-542.8571428571304
-117.51,34.14,191700.0,154242.85714285713,37457.14285714287
-121.99,38.36,84400.0,124828.57142857143,-40428.571428571435
-122.61,38.24,190100.0,219857.14285714287,-29757.14285714287
-121.4,38.66,112500.0,81971.42857142857,30528.571428571435
-121.83,37.29,115200.0,155057.14285714287,-39857.14285714287
-117.14,33.15,174600.0,179414.2857142857,-4814.28571428571
-120.63,35.59,113500.0,199114.2857142857,-85614.28571428571
-121.87,37.31,152400.0,202314.2857142857,-49914.28571428571
-121.24,38.66,250300.0,217771.42857142858,32528.57142857142
-122.13,37.7,183700.0,242614.2857142857,-58914.28571428571
-118.68,34.08,500001.0,317328.5714285714,182672.42857142858
-122.53,38.01,310900.0,218557.14285714287,92342.85714285713
-122.07,37.67,230600.0,196328.57142857142,34271.42857142858
-119.82,36.76,68500.0,60885.71428571428,7614.285714285717
-122.27,37.53,267400.0,188442.85714285713,78957.14285714287
-117.88,33.87,145300.0,196328.57142857142,-51028.57142857142
-122.3,37.56,282000.0,267671.4285714286,14328.57142857142
-120.69,37.77,282100.0,167285.7142857143,114814.28571428571
-118.29,34.16,189800.0,300200.14285714284,-110400.14285714284
-122.08,37.58,254400.0,224557.14285714287,29842.85714285713
-120.69,35.62,161700.0,134342.85714285713,27357.14285714287
-122.71,38.45,188800.0,224628.57142857142,-35828.57142857142
-117.25,32.86,500001.0,218685.7142857143,281315.2857142857
-121.44,38.68,94400.0,91071.42857142857,3328.571428571435
-118.37,33.84,342800.0,280671.4285714286,62128.57142857142
-118.32,34.26,191500.0,305557.14285714284,-114057.14285714284
-120.66,35.28,209600.0,149985.7142857143,59614.28571428571
-118.14,34.07,235000.0,217242.85714285713,17757.14285714287
-118.33,34.18,231400.0,368885.71428571426,-137485.71428571426
-122.3,38.27,130200.0,237500.0,-107300.0
-119.19,34.21,208200.0,195542.85714285713,12657.14285714287
-118.4,34.04,500001.0,481386.4285714286,18614.57142857142
-118.44,34.22,168600.0,219771.42857142858,-51171.42857142858
-122.26,37.77,228100.0,260885.85714285713,-32785.85714285713
-121.35,38.55,126900.0,167628.57142857142,-40728.57142857142
-121.44,38.73,135500.0,150785.7142857143,-15285.71428571429
-118.61,34.73,156700.0,220371.42857142858,-63671.42857142858
-117.68,34.11,208600.0,236371.42857142858,-27771.42857142858
-121.66,37.11,436700.0,238314.2857142857,198385.7142857143
-119.29,36.34,71000.0,55100.0,15900.0
-121.14,39.86,88800.0,100485.71428571429,-11685.71428571429
-122.06,37.77,341600.0,282928.5714285714,58671.42857142858
-118.22,33.89,120200.0,141542.85714285713,-21342.85714285713
-118.22,33.98,148200.0,147800.0,400.0
-122.13,37.45,500001.0,422243.0,77758.0
-122.41,37.78,375000.0,292028.5714285714,82971.42857142858
-122.27,37.82,137500.0,116400.0,21100.0
-117.15,34.48,64800.0,156471.57142857142,-91671.57142857142
-122.65,38.48,231800.0,254000.0,-22200.0
-118.34,33.94,160700.0,187614.2857142857,-26914.28571428571
-117.8,33.69,251000.0,189228.57142857142,61771.42857142858
-122.27,38.53,142500.0,216814.2857142857,-74314.28571428571
-121.33,37.98,176500.0,172285.7142857143,4214.28571428571
-119.06,34.22,177100.0,265157.14285714284,-88057.14285714284
-118.0,34.16,311800.0,361871.5714285714,-50071.57142857142
-121.33,37.98,84600.0,106628.57142857143,-22028.571428571435
-120.46,38.09,122600.0,123071.42857142857,-471.4285714285652
-117.92,33.94,198200.0,215585.7142857143,-17385.71428571429
-117.87,33.6,500000.0,281057.14285714284,218942.85714285716
-117.59,33.67,279800.0,308914.4285714286,-29114.42857142858
-121.8,37.26,195000.0,224457.14285714287,-29457.14285714287
-120.95,38.79,202800.0,193585.7142857143,9214.28571428571
-122.31,37.55,354100.0,268157.14285714284,85942.85714285716
-121.95,37.96,259500.0,280300.0,-20800.0
-119.64,34.43,500001.0,325171.4285714286,174829.57142857142
-117.87,33.92,272400.0,294185.71428571426,-21785.71428571426
-117.22,32.82,183900.0,157342.85714285713,26557.14285714287
-121.99,37.33,285800.0,298357.14285714284,-12557.14285714284
-117.92,33.64,225000.0,165485.7142857143,59514.28571428571
-118.29,34.17,292600.0,260842.85714285713,31757.14285714287
-119.31,36.63,55200.0,53357.142857142855,1842.857142857145
-117.97,33.74,262000.0,174128.57142857142,87871.42857142858
-117.06,32.69,158900.0,170871.42857142858,-11971.42857142858
-118.32,33.93,172100.0,244942.85714285713,-72842.85714285713
-117.97,33.84,191700.0,221957.14285714287,-30257.14285714287
-121.89,36.6,225000.0,221571.42857142858,3428.5714285714203
-121.39,38.69,108300.0,115071.42857142857,-6771.428571428565
-121.48,38.56,113600.0,81528.57142857143,32071.428571428565
-116.95,32.81,100000.0,130071.42857142857,-30071.428571428565
-118.75,34.42,191700.0,210385.85714285713,-18685.85714285713
-117.16,34.06,117200.0,101728.57142857143,15471.428571428565
-117.75,34.05,110600.0,138757.14285714287,-28157.14285714287
-119.87,36.79,80200.0,96714.28571428571,-16514.28571428571
-118.31,34.02,98100.0,177914.2857142857,-79814.28571428571
-121.93,36.62,253800.0,265285.71428571426,-11485.71428571426
-119.3,36.34,48100.0,55871.42857142857,-7771.4285714285725
-117.62,34.11,192800.0,190342.85714285713,2457.1428571428696
-116.96,32.78,132800.0,116442.85714285714,16357.142857142855
-117.96,33.75,196300.0,185942.85714285713,10357.14285714287
-117.7,33.47,320800.0,225557.14285714287,95242.85714285713
-118.4,34.03,319400.0,229885.85714285713,89514.14285714287
-122.08,37.03,203700.0,302185.71428571426,-98485.71428571426
-122.38,37.71,207100.0,243914.2857142857,-36814.28571428571
-120.54,38.07,79900.0,88971.42857142857,-9071.428571428565
-118.35,34.11,500001.0,332371.5714285714,167629.42857142858
-120.8,35.33,330000.0,178828.57142857142,151171.42857142858
-118.21,33.8,139000.0,156100.0,-17100.0
-117.86,33.79,187500.0,179428.57142857142,8071.42857142858
-121.39,38.58,448300.0,305685.71428571426,142614.28571428574
-117.16,32.81,176300.0,153114.2857142857,23185.71428571429
-118.28,33.92,175900.0,112242.85714285714,63657.142857142855
-120.87,37.05,104200.0,137514.2857142857,-33314.28571428571
-118.05,34.05,162200.0,163257.14285714287,-1057.1428571428696
-117.97,34.06,166800.0,145285.7142857143,21514.28571428571
-118.15,33.92,161200.0,171228.57142857142,-10028.57142857142
-118.25,34.12,153100.0,190385.7142857143,-37285.71428571429
-117.14,32.8,156900.0,104900.0,52000.0
-118.02,34.04,158100.0,172657.14285714287,-14557.14285714287
-124.16,40.79,76900.0,84071.42857142857,-7171.428571428565
-122.11,37.67,165400.0,209157.14285714287,-43757.14285714287
-121.06,37.42,73500.0,174471.42857142858,-100971.42857142858
-119.05,35.36,118400.0,196228.57142857142,-77828.57142857142
-117.97,34.08,142400.0,164528.57142857142,-22128.57142857142
-117.82,33.88,280300.0,280071.4285714286,228.57142857142026
-120.93,38.5,107200.0,116000.0,-8800.0
-118.1,34.01,183300.0,159885.7142857143,23414.28571428571
-122.3,40.58,98800.0,87771.42857142857,11028.571428571435
-118.28,33.73,234500.0,258114.2857142857,-23614.28571428571
-119.17,34.21,143500.0,151000.0,-7500.0
-118.31,33.99,108000.0,190985.7142857143,-82985.71428571429
-119.44,38.53,97800.0,107000.0,-9200.0
-117.32,34.12,70500.0,121885.71428571429,-51385.71428571429
-116.84,33.08,225900.0,224285.7142857143,1614.2857142857101
-122.42,37.65,239800.0,232228.57142857142,7571.42857142858
-117.19,33.69,136400.0,166242.85714285713,-29842.85714285713
-122.12,37.68,180600.0,213500.0,-32900.0
-118.3,33.84,239600.0,223085.7142857143,16514.28571428571
-121.87,37.26,265700.0,237457.14285714287,28242.85714285713
-121.84,37.98,204200.0,195585.7142857143,8614.28571428571
-118.33,33.99,122500.0,188742.85714285713,-66242.85714285713
-117.19,32.82,204000.0,281771.5714285714,-77771.57142857142
-118.06,33.8,195300.0,197471.42857142858,-2171.4285714285797
-121.98,36.98,215800.0,262728.5714285714,-46928.57142857142
-117.8,33.55,500001.0,327714.4285714286,172286.57142857142
-122.31,40.75,75800.0,85257.14285714286,-9457.142857142855
-122.29,37.76,265400.0,336214.4285714286,-70814.42857142858
-122.22,37.81,273700.0,436857.5714285714,-163157.57142857142
-118.31,34.0,116400.0,108428.57142857143,7971.428571428565
-121.34,37.96,59400.0,84414.28571428571,-25014.28571428571
-122.21,37.78,137000.0,127485.71428571429,9514.28571428571
-122.34,40.51,119200.0,82842.85714285714,36357.142857142855
-118.49,34.24,244200.0,249600.0,-5400.0
-118.36,33.93,170000.0,140128.57142857142,29871.42857142858
-117.67,33.57,280300.0,325157.28571428574,-44857.28571428574
-118.23,34.21,285000.0,308785.71428571426,-23785.71428571426
-116.31,33.65,102600.0,227085.7142857143,-124485.71428571429
-120.81,38.73,120500.0,98185.71428571429,22314.28571428571
-122.44,37.76,361600.0,432372.0,-70772.0
-122.12,37.91,455300.0,442543.14285714284,12756.85714285716
-118.49,34.42,213400.0,224400.0,-11000.0
-118.31,33.93,158000.0,270657.14285714284,-112657.14285714284
-117.97,33.94,217000.0,209300.0,7700.0
-115.51,32.99,63700.0,63042.857142857145,657.1428571428551
-122.07,37.58,244300.0,295400.0,-51100.0
-118.32,34.04,151100.0,142428.57142857142,8671.42857142858
-117.42,33.95,110800.0,153600.0,-42800.0
-118.33,34.06,433800.0,500001.0,-66201.0
-122.36,37.94,72900.0,130214.28571428571,-57314.28571428571
-118.26,33.88,108500.0,153571.42857142858,-45071.42857142858
-122.23,37.88,452600.0,450443.5714285714,2156.4285714285797
-117.89,33.89,467600.0,498143.71428571426,-30543.71428571426
-117.22,33.36,263300.0,216028.57142857142,47271.42857142858
-120.83,35.36,266800.0,186857.14285714287,79942.85714285713
-122.05,37.31,500001.0,482943.71428571426,17057.28571428574
-119.76,36.77,72300.0,74642.85714285714,-2342.857142857145
-118.37,34.22,151500.0,205457.14285714287,-53957.14285714287
