longitude,latitude,actual_value,predicted_value,residual
-119.01,36.06,47700.0,63736.5913383849,-16036.591338384897
-119.46,35.14,45800.0,154344.59431910003,-108544.59431910003
-122.44,37.8,500001.0,253073.1942874305,246927.8057125695
-118.72,34.28,218600.0,263507.7465359513,-44907.74653595127
-121.93,36.62,278000.0,266883.3596106181,11116.640389381908
-117.61,34.08,158700.0,155403.494466044,3296.5055339559913
-118.02,33.89,198200.0,287058.65420015436,-88858.65420015436
-118.08,33.92,157500.0,223660.78155237623,-66160.78155237623
-122.08,37.39,340000.0,257045.02718265448,82954.97281734552
-118.23,34.18,446600.0,404273.3661126741,42326.63388732588
-120.37,38.01,123200.0,120125.26246404322,3074.7375359567814
-118.12,34.08,253900.0,166997.35979226138,86902.64020773862
-117.91,33.76,215100.0,33264.63666698523,181835.36333301477
-119.19,34.2,220500.0,143038.13927342463,77461.86072657537
-117.98,33.92,219800.0,237978.47340062866,-18178.47340062866
-117.91,34.02,136200.0,27453.48854733631,108746.51145266369
-122.1,37.69,178400.0,271127.54214127036,-92727.54214127036
-121.02,37.48,187500.0,229685.95863710996,-42185.95863710996
-117.05,32.75,139800.0,231656.30439846357,-91856.30439846357
-120.97,37.43,137500.0,130960.4297861429,6539.570213857107
-122.16,37.45,425000.0,264014.65891874954,160985.34108125046
-118.37,34.07,405600.0,268922.16350327805,136677.83649672195
-119.73,36.83,138800.0,161522.1431583087,-22722.143158308696
-122.39,37.59,500001.0,306129.68813587213,193871.31186412787
-117.14,32.9,162100.0,186268.3924613865,-24168.39246138651
-119.38,36.53,51400.0,83828.0212665298,-32428.021266529802
-118.36,33.96,151300.0,120372.69596403418,30927.30403596582
-124.13,40.55,94800.0,210178.65471323766,-115378.65471323766
-121.98,37.96,204100.0,181138.88133309735,22961.11866690265
-118.3,33.72,361500.0,329866.5954559208,31633.40454407921
-122.17,37.75,85100.0,164564.72315069148,-79464.72315069148
-118.31,34.03,138400.0,147435.88304804685,-9035.883048046846
-117.23,32.75,137500.0,195280.38099866686,-57780.380998666864
-122.08,37.37,465000.0,384827.5221194746,80172.4778805254
-122.5,37.75,271800.0,243672.0658186609,28127.934181339107
-118.5,34.46,239400.0,98666.8004124416,140733.1995875584
-122.39,37.6,340900.0,298350.69632599084,42549.30367400916
-117.96,34.03,150400.0,170369.79279645626,-19969.792796456255
-121.13,38.87,128100.0,147474.67925979896,-19374.679259798955
-118.17,33.98,156000.0,197046.1906946143,-41046.19069461431
-118.75,34.29,258100.0,254642.6494164504,3457.350583549589
-119.45,36.61,90500.0,166713.2749579139,-76213.2749579139
-120.85,37.78,71300.0,132019.06689343415,-60719.06689343415
-117.98,33.73,219700.0,162549.03208218934,57150.96791781066
-117.65,34.04,151000.0,142301.25483438745,8698.745165612549
-118.43,34.2,290100.0,145347.82377844304,144752.17622155696
-117.03,32.73,142000.0,211380.1941897464,-69380.1941897464
-117.09,32.77,291500.0,186207.62979175523,105292.37020824477
-118.3,33.73,255400.0,216048.32757379394,39351.67242620606
-124.06,40.86,98100.0,121591.64985806681,-23491.649858066812
-122.91,38.46,251900.0,246973.72227691347,4926.277723086532
-118.28,34.25,162100.0,142928.61163576413,19171.38836423587
-116.95,32.84,129400.0,210861.14817754133,-81461.14817754133
-120.4,37.3,89400.0,82761.56632483844,6638.433675161563
-118.18,34.04,150500.0,158747.57541459147,-8247.575414591469
-119.33,36.3,133800.0,190836.09747037012,-57036.09747037012
-117.22,34.11,80400.0,59561.612315665465,20838.387684334535
-117.91,34.05,211100.0,231456.22676461516,-20356.22676461516
-117.2,32.79,255600.0,273947.162687331,-18347.162687330972
-117.34,33.94,214500.0,134249.68854691228,80250.31145308772
-118.1,33.74,500001.0,255356.75359065924,244644.24640934076
-118.36,34.05,202100.0,214675.27114321478,-12575.271143214777
-120.93,37.73,81500.0,65993.38147575408,15506.618524245918
-124.0,40.92,98800.0,150297.25574319484,-51497.25574319484
-117.98,33.68,281900.0,282334.76755217137,-434.76755217136815
-118.26,33.83,184600.0,174995.89822891122,9604.101771088783
-122.41,38.16,254700.0,192997.7532286332,61702.2467713668
-121.95,38.03,143100.0,106377.21296810126,36722.78703189874
-118.28,34.06,162500.0,56731.79543974204,105768.20456025796
-118.17,34.06,142600.0,201311.69456314016,-58711.69456314016
-120.67,40.5,85900.0,-37195.297816722654,123095.29781672265
-122.14,37.67,186900.0,253965.55335460696,-67065.55335460696
-119.68,36.79,71300.0,137310.58200011216,-66010.58200011216
-116.91,32.83,174400.0,148738.41767850798,25661.582321492024
-118.35,33.9,225000.0,219997.2607181021,5002.739281897899
-122.7,38.35,146500.0,207967.97072738502,-61467.97072738502
-122.28,37.51,405000.0,299939.6963225752,105060.30367742479
-117.66,33.51,189600.0,202667.73778327229,-13067.737783272285
-118.09,33.89,164400.0,258196.42328157043,-93796.42328157043
-118.46,34.03,337500.0,221455.62943057436,116044.37056942564
-119.15,36.29,72500.0,105939.04133620439,-33439.04133620439
-117.91,33.87,143800.0,171278.54593757214,-27478.54593757214
-118.27,34.07,160000.0,109843.30014503049,50156.69985496951
-118.27,34.04,118100.0,87859.38866393687,30240.611336063128
-118.27,34.17,374000.0,369430.2089421423,4569.791057857685
-117.14,33.16,202700.0,276256.455121642,-73556.45512164198
-122.72,38.88,96600.0,126071.82907816069,-29471.829078160692
-121.47,38.61,65800.0,89901.45901869377,-24101.45901869377
-119.18,34.19,167400.0,134228.8504070947,33171.149592905305
-118.59,34.2,179800.0,141007.10498389136,38792.89501610864
-122.22,38.08,96700.0,176338.58400155837,-79638.58400155837
-121.97,37.34,266100.0,220993.96223954996,45106.03776045004
-117.14,32.71,91100.0,197496.88525599474,-106396.88525599474
-119.75,36.71,49800.0,68994.84725478105,-19194.847254781052
-121.3,38.58,90700.0,93658.23202181607,-2958.232021816075
-117.76,34.04,115800.0,142195.42014331324,-26395.42014331324
-122.45,37.77,278600.0,251983.89404984284,26616.105950157158
-117.15,32.72,250000.0,173324.5066393055,76675.4933606945
-122.08,37.88,85000.0,191679.1759883198,-106679.1759883198
-117.87,33.73,177000.0,186185.1121483934,-9185.112148393411
-117.67,34.04,99700.0,157404.5776922251,-57704.57769222511
-117.66,33.58,357600.0,385006.7726185173,-27406.77261851728
-117.27,32.85,475000.0,265274.57806147635,209725.42193852365
-117.02,32.66,273600.0,350120.54452051874,-76520.54452051874
-118.05,33.99,182400.0,227677.20523809502,-45277.20523809502
-117.92,33.87,157800.0,158507.57188781444,-707.5718878144398
-118.31,34.09,193800.0,164120.91008214373,29679.08991785627
-118.38,34.05,333600.0,315460.7656013798,18139.234398620203
-121.95,37.31,264600.0,191919.5636667069,72680.4363332931
-120.98,37.6,58400.0,126524.06207091594,-68124.06207091594
-122.28,37.78,173400.0,93204.47293268982,80195.52706731018
-118.23,34.13,214800.0,265377.6182434964,-50577.6182434964
-119.11,35.42,200000.0,512724.1791198589,-312724.1791198589
-121.89,37.44,422800.0,344641.8838310428,78158.1161689572
-121.44,38.54,93600.0,146913.85054245405,-53313.85054245405
-118.37,34.03,122200.0,208589.93158673774,-86389.93158673774
-118.1,33.91,167600.0,239067.6711999937,-71467.6711999937
-118.5,34.17,303600.0,271252.94827992003,32347.051720079966
-117.96,33.78,269300.0,277401.1608712715,-8101.16087127151
-117.86,34.01,264400.0,160860.50401987229,103539.49598012771
-122.79,38.48,191000.0,85973.01697666757,105026.98302333243
-118.31,33.94,153800.0,244880.95205410244,-91080.95205410244
-122.44,37.73,275500.0,296395.82559198374,-20895.82559198374
-118.32,34.09,208800.0,112875.49588758359,95924.50411241641
-116.93,32.79,142300.0,139443.8893616777,2856.1106383223087
-119.44,36.58,63500.0,127041.9830281972,-63541.983028197195
-117.3,34.05,95800.0,62879.61491674557,32920.38508325443
-118.29,33.73,231700.0,167055.02799308067,64644.97200691933
-118.4,34.17,221500.0,137693.11264660629,83806.88735339371
-119.78,36.82,89500.0,112198.23478268273,-22698.23478268273
-117.73,34.1,226000.0,270933.8131794105,-44933.81317941053
-118.18,34.19,500001.0,699765.4931117916,-199764.49311179155
-122.5,37.75,270200.0,289065.1833312991,-18865.183331299108
-120.32,37.29,59600.0,140723.59144731052,-81123.59144731052
-122.65,38.25,193300.0,174382.1842638543,18917.815736145712
-117.28,34.26,133600.0,119411.59842949174,14188.401570508257
-122.16,37.77,161900.0,287808.2712133075,-125908.27121330751
-119.73,34.44,357500.0,260152.16497857636,97347.83502142364
-122.48,38.5,276500.0,224062.08602476073,52437.913975239266
-118.88,34.17,410700.0,245237.62000006996,165462.37999993004
-122.15,37.43,375000.0,-30393.35832687514,405393.35832687514
-117.01,32.74,135200.0,139141.4736046628,-3941.4736046628095
-118.21,34.07,167200.0,159713.59766921448,7486.402330785524
-118.36,34.05,252000.0,191381.3105732333,60618.68942676671
-118.53,34.26,308400.0,358162.58470184496,-49762.58470184496
-118.19,33.98,172100.0,37465.33531331783,134634.66468668217
-122.4,37.58,500001.0,335082.289871105,164918.710128895
-122.38,37.73,193800.0,214942.60869241226,-21142.608692412265
-121.08,39.22,105200.0,54274.54303072719,50925.45696927281
-117.28,34.09,90800.0,161469.9589294647,-70669.95892946469
-118.29,34.05,168800.0,135192.1134187081,33607.88658129191
-121.33,38.02,162100.0,173038.12749453261,-10938.127494532615
-118.05,34.04,161200.0,231721.90302124247,-70521.90302124247
-118.16,34.01,137500.0,138192.32718069572,-692.32718069572
-121.9,36.58,289300.0,262107.7145615304,27192.28543846961
-117.65,33.6,278700.0,230377.4584813239,48322.541518676095
-117.92,33.7,161700.0,204358.81562794652,-42658.81562794652
-117.87,33.83,231000.0,274613.9184974567,-43613.9184974567
-120.61,37.36,87500.0,111068.44114304008,-23568.44114304008
-118.25,33.95,95700.0,103428.6218428635,-7728.621842863504
-116.66,32.79,240600.0,286042.4529587566,-45442.45295875659
-118.07,34.1,214100.0,135765.1471807235,78334.85281927651
-118.55,34.28,428600.0,268442.2979403562,160157.7020596438
-121.85,36.61,125000.0,208095.90876252297,-83095.90876252297
-122.42,40.44,76400.0,63523.63328832714,12876.366711672861
-119.75,34.45,263800.0,295978.0027567409,-32178.002756740898
-118.8,34.41,120400.0,197759.37856749026,-77359.37856749026
-119.3,36.57,109100.0,149290.93114658678,-40190.93114658678
-118.55,34.19,170600.0,112087.02083509043,58512.97916490957
-121.88,37.4,257400.0,156029.10324820178,101370.89675179822
-121.9,37.28,320000.0,286040.0952054411,33959.90479455888
-117.17,32.75,289600.0,249446.3795556049,40153.620444395114
-117.2,33.24,307300.0,238858.33524770383,68441.66475229617
-117.64,33.45,325500.0,327517.30985617684,-2017.309856176842
-122.1,40.03,58400.0,32828.713377494365,25571.286622505635
-114.59,34.83,48500.0,-16955.454609000124,65455.454609000124
-122.23,38.17,216700.0,184811.32224385906,31888.67775614094
-117.31,34.25,97900.0,95376.64540226804,2523.354597731959
-121.77,39.66,158600.0,126196.27833660506,32403.721663394943
-119.72,36.76,69000.0,4732.836296083871,64267.16370391613
-122.01,37.94,322300.0,303383.1709149312,18916.829085068777
-121.75,37.11,467700.0,329583.59443704365,138116.40556295635
-117.02,32.78,163000.0,202839.93350227503,-39839.93350227503
-121.97,37.35,287100.0,273429.1802675156,13670.819732484408
-119.69,36.83,54600.0,83333.56032186514,-28733.560321865138
-118.25,33.94,90400.0,134183.5139129674,-43783.513912967406
-117.97,34.06,155500.0,141886.34543060698,13613.654569393024
-118.3,34.07,175000.0,92935.99464516947,82064.00535483053
-122.0,37.36,411200.0,422049.21321943915,-10849.213219439145
-118.35,34.01,332100.0,202278.0673773992,129821.93262260081
-118.2,33.92,141200.0,219308.74171048775,-78108.74171048775
-122.24,37.75,247100.0,319778.73306316603,-72678.73306316603
-117.99,34.14,153000.0,118898.18182222918,34101.81817777082
-118.22,34.05,155000.0,204066.46940226853,-49066.46940226853
-121.19,38.71,390800.0,74159.98382713273,316640.01617286727
-119.32,36.25,90000.0,136282.39420135086,-46282.394201350864
-118.56,34.2,196700.0,226785.68787806155,-30085.68787806155
-116.21,33.75,68200.0,114427.10788888158,-46227.10788888158
-118.49,34.13,500001.0,494372.97617616365,5628.023823836353
-118.23,33.94,92100.0,159553.896805014,-67453.896805014
-122.48,37.7,297900.0,157068.59236920252,140831.40763079748
-117.87,33.62,500001.0,460757.56505783554,39243.43494216446
-122.53,38.32,332300.0,271507.39997781534,60792.60002218466
-122.22,38.15,171100.0,178712.59016372915,-7612.590163729154
-118.45,34.3,152100.0,177092.40103907418,-24992.401039074175
-122.46,37.72,232000.0,205214.3977992013,26785.60220079869
-120.98,37.66,127100.0,69755.12282645423,57344.87717354577
-120.67,37.37,87500.0,68104.7376470142,19395.262352985796
-118.01,33.89,203400.0,237055.30314680887,-33655.303146808874
-121.97,36.97,228600.0,203641.5009435108,24958.499056489207
-118.25,33.98,116700.0,160739.71876106225,-44039.71876106225
-121.81,37.38,416700.0,560264.4770487943,-143564.47704879427
-118.36,33.89,227600.0,280219.24243463855,-52619.24243463855
-117.28,33.1,267900.0,296679.90861457353,-28779.908614573535
-122.25,38.1,97200.0,179858.64992959145,-82658.64992959145
-118.15,34.15,137500.0,160609.72037760634,-23109.72037760634
-118.27,34.08,198800.0,163200.75816235272,35599.24183764728
-119.31,36.39,68600.0,77637.08423712151,-9037.084237121511
-122.07,37.39,352500.0,243021.38984994963,109478.61015005037
-118.27,34.0,103800.0,150786.68143920228,-46986.68143920228
-119.99,38.88,107800.0,42359.41173444921,65440.58826555079
-121.2,38.7,131700.0,153121.26811882248,-21421.26811882248
-122.42,37.74,271300.0,285767.22030053474,-14467.22030053474
-117.29,34.14,97300.0,202635.71001354326,-105335.71001354326
-123.8,39.44,95000.0,178072.1432866198,-83072.1432866198
-122.7,38.35,67500.0,133080.31496224971,-65580.31496224971
-118.3,34.19,326100.0,271531.74255125504,54568.25744874496
-116.09,34.15,65600.0,105691.86973912828,-40091.86973912828
-117.7,33.62,225600.0,233222.16436780803,-7622.164367808029
-117.23,32.74,263800.0,256711.65343036316,7088.346569636837
-118.45,34.0,348300.0,271610.79103790363,76689.20896209637
-118.42,34.0,325000.0,207719.3092158297,117280.69078417029
-118.31,34.02,108800.0,156413.07742802892,-47613.07742802892
-122.43,37.77,400000.0,293935.66080757603,106064.33919242397
-121.08,38.9,138400.0,94876.28870519716,43523.71129480284
-119.63,36.32,61000.0,117141.73767835647,-56141.73767835647
-122.35,37.53,453100.0,389438.7166396873,63661.28336031269
-118.4,33.88,500001.0,455114.6708029574,44886.32919704262
-118.29,33.92,120200.0,184330.3427407625,-64130.34274076251
-118.36,33.89,329200.0,280066.7676664996,49133.232333500404
-118.15,33.79,196300.0,244327.23036293872,-48027.23036293872
-117.38,33.97,150000.0,158759.70525216684,-8759.705252166837
-118.03,34.07,152000.0,175726.62388492888,-23726.62388492888
-122.28,37.86,169900.0,186993.7597796931,-17093.759779693093
-117.93,33.87,137500.0,120971.31529870164,16528.684701298364
-118.12,33.94,283000.0,252351.52017406188,30648.47982593812
-117.18,32.7,404500.0,290444.9424296506,114055.05757034943
-117.01,32.81,193500.0,261768.200752832,-68268.200752832
-117.15,32.78,205100.0,274699.26566560334,-69599.26566560334
-121.27,38.69,145600.0,152233.74790470302,-6633.747904703021
-121.7,38.65,225000.0,94593.9816641733,130406.0183358267
-122.82,38.4,215900.0,241240.1320575215,-25340.132057521492
-118.17,34.08,158500.0,184687.19477413502,-26187.194774135016
-121.79,38.0,124700.0,196249.82637154637,-71549.82637154637
-116.15,33.64,65400.0,16007.876413671765,49392.123586328235
-118.91,34.28,280200.0,260849.93689810717,19350.063101892825
-118.14,34.03,180500.0,166011.43287240667,14488.567127593327
-117.4,34.08,105400.0,146066.9266934502,-40666.926693450194
-118.25,33.93,100000.0,96624.15672883857,3375.8432711614296
-117.03,32.79,166300.0,233526.64037568495,-67226.64037568495
-120.43,34.89,158000.0,314180.2611909006,-156180.26119090058
-122.02,37.36,243800.0,254144.56173212407,-10344.561732124072
-122.28,37.9,362900.0,382019.3086674707,-19119.3086674707
-118.27,33.82,201900.0,224608.03422822012,-22708.034228220116
-120.12,41.4,52600.0,-52078.88217280712,104678.88217280712
-118.39,34.05,500001.0,300912.13171474775,199088.86828525225
-118.25,33.97,112000.0,154144.64215126354,-42144.64215126354
-120.95,36.47,225000.0,230858.25579800038,-5858.255798000377
-117.25,32.99,439900.0,353961.43739763554,85938.56260236446
-117.31,34.05,88300.0,204157.84870335786,-115857.84870335786
-122.22,37.44,500001.0,683796.6806368544,-183795.68063685438
-122.29,37.9,276800.0,225447.62872291962,51352.37127708038
-118.1,34.06,179200.0,175594.7168445657,3605.2831554342993
-117.99,33.9,199700.0,199367.8956207959,332.10437920410186
-117.04,32.74,132000.0,133561.33168033743,-1561.3316803374328
-118.09,33.77,61300.0,250694.50508617517,-189394.50508617517
-122.2,38.09,171900.0,245438.65051213512,-73538.65051213512
-120.76,38.47,123800.0,110229.21388323978,13570.786116760224
-117.51,34.02,135300.0,181594.70231674053,-46294.70231674053
-117.3,34.18,137100.0,213599.74281434668,-76499.74281434668
-118.18,34.08,129300.0,164376.66753064748,-35076.66753064748
-119.0,34.19,227900.0,261013.09003280662,-33113.09003280662
-121.35,38.4,94400.0,108004.43820182374,-13604.438201823737
-122.24,38.1,103500.0,200861.83572332235,-97361.83572332235
-117.18,32.69,320800.0,242526.25737703126,78273.74262296874
-119.08,34.17,125000.0,381835.9351354744,-256835.93513547443
-121.9,37.67,332400.0,325566.2466748031,6833.753325196914
-117.65,34.02,159100.0,187263.6999983117,-28163.6999983117
-122.0,37.4,236900.0,308409.2565542245,-71509.25655422453
-118.05,33.71,461600.0,413809.6570580802,47790.34294191981
-117.98,34.05,156900.0,165221.2966838698,-8321.29668386979
-119.16,34.95,148200.0,184250.4076204747,-36050.407620474696
-117.13,32.81,166500.0,192637.74160165247,-26137.741601652466
-118.25,34.14,196900.0,156362.31096646702,40537.68903353298
-118.26,34.08,167800.0,177322.2112575411,-9522.211257541087
-121.33,38.03,126700.0,78345.58644100837,48354.413558991626
-118.15,33.76,500001.0,270699.37325797,229301.62674203003
-121.56,39.51,57900.0,43276.16158742178,14623.838412578218
-121.96,37.41,238000.0,253241.4832648621,-15241.483264862094
-116.92,32.79,142000.0,231958.13259480428,-89958.13259480428
-118.14,34.71,86900.0,80264.83291520737,6635.167084792629
-121.7,39.36,56000.0,68386.29935429012,-12386.299354290124
-118.44,33.88,500001.0,370418.1369859171,129582.86301408289
-117.08,32.68,112400.0,165199.45398503868,-52799.45398503868
-121.26,37.96,63600.0,136246.6444382351,-72646.64443823509
-122.28,37.5,431300.0,388659.9762849184,42640.023715081625
-118.28,34.07,265900.0,168965.51457843045,96934.48542156955
-120.38,36.76,58000.0,95873.5882295398,-37873.588229539804
-118.94,35.39,194100.0,311191.1193915615,-117091.11939156149
-117.87,33.86,142800.0,165903.93722438486,-23103.937224384863
-118.11,34.0,178700.0,151738.51582850283,26961.48417149717
-118.42,34.2,187500.0,102516.10759612685,84983.89240387315
-117.85,33.77,225000.0,245007.07295938255,-20007.072959382553
-119.28,34.42,313000.0,276438.8812306905,36561.11876930948
-118.49,34.05,500001.0,646436.276617249,-146435.276617249
-118.08,33.89,153600.0,187481.67700256407,-33881.67700256407
-119.98,36.9,62300.0,103358.58894823352,-41058.58894823352
-116.38,33.74,194500.0,331942.00042886985,-137442.00042886985
-117.55,33.94,163900.0,210047.2342472393,-46147.23424723931
-122.26,38.36,398800.0,338631.2923633158,60168.70763668418
-122.11,37.14,204100.0,274440.4926327788,-70340.49263277883
-119.3,34.39,199300.0,279329.75812352216,-80029.75812352216
-118.13,34.16,176700.0,174671.2817218746,2028.7182781253941
-117.91,33.62,500001.0,440191.4616663032,59809.53833369678
-116.87,32.75,248900.0,251958.4013968953,-3058.401396895293
-118.14,33.97,150000.0,147391.97189833643,2608.028101663571
-117.58,34.14,231700.0,179716.48922212794,51983.510777872056
-116.86,33.97,58000.0,72908.3826142815,-14908.382614281494
-120.16,39.04,126000.0,94485.20684935525,31514.79315064475
-118.07,33.99,163300.0,177316.7752716653,-14016.775271665305
-120.99,37.8,113400.0,144808.91423696885,-31408.91423696885
-121.91,36.85,300000.0,224690.92544896435,75309.07455103565
-122.28,37.53,310900.0,298844.41608966934,12055.583910330664
-117.99,33.71,218800.0,203294.42507619038,15505.574923809618
-119.75,36.77,70400.0,122112.97307211813,-51712.973072118126
-122.25,38.0,237700.0,285936.39487278275,-48236.39487278275
-117.0,32.74,118800.0,135698.26946877036,-16898.269468770362
-115.49,32.67,73100.0,40773.19009438716,32326.80990561284
-121.0,37.62,75000.0,76013.09607192269,-1013.096071922686
-118.52,34.3,450700.0,377415.19053641567,73284.80946358433
-121.97,37.97,240200.0,269425.30341202905,-29225.303412029054
-115.38,32.82,65800.0,75684.66319691064,-9884.663196910638
-116.51,34.85,64700.0,38633.16930736182,26066.830692638177
-118.18,33.87,175100.0,248893.45510175638,-73793.45510175638
-118.58,34.2,223700.0,216020.5495008533,7679.450499146711
-122.03,38.69,96300.0,130965.07964137709,-34665.07964137709
-122.42,37.6,405100.0,326480.16077408707,78619.83922591293
-122.3,37.53,376800.0,306010.57409210736,70789.42590789264
-117.31,32.82,500001.0,543621.9743377338,-43620.974337733816
-122.06,37.64,350000.0,221103.96384980576,128896.03615019424
-118.96,34.19,162500.0,157745.51586864935,4754.484131350648
-117.91,33.87,177300.0,207962.93293716433,-30662.932937164325
-118.28,33.96,98400.0,119429.91541435383,-21029.915414353833
-121.11,39.09,138800.0,41992.35188142676,96807.64811857324
-118.37,33.96,175000.0,253566.9766661357,-78566.97666613571
-122.01,36.97,260900.0,224350.35752721084,36549.64247278916
-118.18,36.63,104700.0,40109.95147288684,64590.04852711316
-117.92,33.8,159500.0,229028.85829622485,-69528.85829622485
-118.36,33.86,295900.0,284618.33285431983,11281.66714568017
-117.2,32.77,137500.0,198007.1443428849,-60507.14434288489
-121.89,36.59,500001.0,385084.30597191676,114916.69402808324
-117.69,33.6,227000.0,248326.98266275972,-21326.98266275972
-118.24,34.22,263900.0,210573.40023952024,53326.59976047976
-117.71,34.06,160400.0,162654.9767769426,-2254.9767769426107
-118.31,33.94,142000.0,203247.85185236717,-61247.85185236717
-118.1,33.96,162500.0,213784.48121882183,-51284.481218821835
-118.36,33.9,230400.0,219145.17678694613,11254.823213053867
-122.2,37.43,500001.0,390571.130198142,109429.86980185797
-121.99,37.32,217700.0,275553.59458862804,-57853.59458862804
-118.34,33.99,183000.0,239760.79398674052,-56760.79398674052
-121.88,37.43,245800.0,193267.85859076213,52532.14140923787
-122.71,38.42,129200.0,128066.58762833476,1133.4123716652393
-120.06,36.98,60400.0,46463.22070352826,13936.779296471737
-124.15,40.81,67500.0,112902.5547881443,-45402.554788144305
-121.9,36.97,295200.0,284935.11914027296,10264.88085972704
-117.99,33.85,192600.0,263740.2407208993,-71140.24072089931
-118.09,34.01,150600.0,185729.94853186887,-35129.94853186887
-118.12,34.69,125700.0,188139.55790039152,-62439.55790039152
-121.62,39.13,63400.0,92577.33997167554,-29177.339971675538
-121.35,38.72,151300.0,167326.6912287525,-16026.69122875249
-118.64,34.19,245600.0,307725.02810545545,-62125.02810545545
-117.81,33.82,500001.0,516798.87132500904,-16797.871325009037
-118.28,33.8,165500.0,231892.74071397772,-66392.74071397772
-117.45,34.07,113500.0,130331.59847059613,-16831.59847059613
-122.55,37.79,322200.0,232828.2796052047,89371.7203947953
-118.39,34.09,362500.0,294389.69498703023,68110.30501296977
-119.45,36.35,69600.0,87325.37389827473,-17725.37389827473
-118.21,33.94,156100.0,178675.35326354345,-22575.353263543453
-117.1,32.59,87500.0,163788.2015933036,-76288.20159330359
-118.07,33.8,193100.0,212810.06694287062,-19710.066942870617
-117.93,33.8,218000.0,233560.5879364768,-15560.587936476804
-118.25,33.93,101800.0,150448.86450858507,-48648.86450858507
-118.31,34.0,129100.0,152240.04076626198,-23140.040766261984
-121.38,37.88,156300.0,134406.9255030062,21893.074496993795
-117.15,32.91,183200.0,215992.3758447622,-32792.375844762195
-118.19,33.95,148100.0,166316.11506528873,-18216.11506528873
-118.34,34.08,500001.0,680960.4910141197,-180959.4910141197
-117.94,33.65,222100.0,309614.9512900384,-87514.95129003841
-118.2,34.12,167600.0,208261.68152111117,-40661.68152111117
-118.25,34.14,184500.0,193089.97051458573,-8589.97051458573
-122.44,37.76,370000.0,265409.97781799873,104590.02218200127
-122.47,37.71,239400.0,240293.88174724253,-893.881747242529
-118.08,33.97,166700.0,204871.82679293118,-38171.826792931184
-118.12,34.06,233300.0,146669.21687134355,86630.78312865645
-122.01,36.97,240000.0,219746.2986536948,20253.7013463052
-119.94,38.95,91300.0,27662.49422810739,63637.50577189261
-118.51,34.24,483500.0,395614.4120006161,87885.58799938392
-118.16,34.0,150500.0,202785.58269308228,-52285.58269308228
-120.94,37.58,99500.0,105736.81232089316,-6236.812320893165
-118.39,34.18,240200.0,197118.46138836257,43081.53861163743
-122.16,37.76,95500.0,189951.07829161407,-94451.07829161407
-117.92,33.61,500001.0,488212.7051498438,11788.294850156177
-118.06,34.09,251600.0,232661.1317878021,18938.868212197907
-116.96,32.8,120800.0,130460.99082980072,-9660.990829800721
-121.31,38.67,135700.0,146372.18258618936,-10672.18258618936
-118.59,34.21,225400.0,266266.61716511426,-40866.617165114265
-118.42,34.14,500001.0,270491.84976449795,229509.15023550205
-120.49,40.31,85100.0,13033.763503292575,72066.23649670742
-118.84,34.11,500001.0,303381.9407135155,196619.0592864845
-118.19,33.95,164800.0,184103.25636924058,-19303.256369240582
-121.27,38.67,111600.0,113342.44203451136,-1742.4420345113613
-121.34,38.64,161000.0,142332.4428325235,18667.55716747651
-121.78,37.97,213700.0,203129.90023092646,10570.099769073538
-120.25,38.03,116500.0,125998.47800275031,-9498.478002750315
-121.98,37.14,350000.0,478004.7699766308,-128004.7699766308
-118.34,33.93,159900.0,238896.9767481871,-78996.9767481871
-118.28,34.11,438300.0,213406.73901928542,224893.26098071458
-122.32,38.01,171100.0,241733.18272402463,-70633.18272402463
-118.32,33.79,271100.0,289228.23313796334,-18128.23313796334
-119.55,34.38,500001.0,206536.67297207983,293464.32702792017
-121.02,37.6,68000.0,120706.31291644927,-52706.31291644927
-118.48,34.2,191700.0,184105.28337931773,7594.716620682273
-118.03,33.77,255900.0,277344.7584573976,-21444.758457397576
-118.2,34.06,112500.0,158291.16404269263,-45791.16404269263
-117.02,32.81,182200.0,200484.10728749726,-18284.10728749726
-122.23,37.84,347600.0,303329.74331498286,44270.25668501714
-121.95,37.25,332000.0,296838.6641460066,35161.33585399343
-120.98,37.79,110900.0,123856.8320374554,-12956.832037455402
-118.4,34.2,211900.0,219683.02291829465,-7783.02291829465
-118.51,34.2,262500.0,246663.53967753146,15836.460322468542
-119.12,34.38,237900.0,240372.39210913377,-2472.392109133769
-118.25,33.93,90000.0,179857.81570805656,-89857.81570805656
-118.38,33.83,427200.0,276686.5801751702,150513.4198248298
-117.25,32.94,370500.0,294757.6672691968,75742.33273080317
-121.79,39.73,116300.0,91472.37075599469,24827.629244005308
-118.0,33.88,170800.0,151010.00295923091,19789.997040769085
-118.49,34.28,285500.0,315385.5455010617,-29885.545501061715
-117.4,33.95,111500.0,183221.14121837122,-71721.14121837122
-120.08,36.72,83200.0,153711.31757636275,-70511.31757636275
-122.06,37.54,248200.0,246137.87728772126,2062.1227122787386
-122.25,37.49,395500.0,294933.2200376382,100566.77996236179
-118.31,34.17,218300.0,198293.74035606813,20006.259643931873
-122.1,37.39,500001.0,392680.9603488925,107320.03965110751
-121.49,39.49,88900.0,78551.18098444119,10348.819015558809
-122.08,37.69,181000.0,202288.1210798095,-21288.121079809498
-119.83,34.45,280900.0,322726.8582975124,-41826.8582975124
-118.37,34.05,345300.0,212937.4079595958,132362.5920404042
-117.93,34.04,181000.0,190450.17402881104,-9450.174028811045
-118.02,33.94,192200.0,260397.83692311216,-68197.83692311216
-121.09,39.48,78100.0,13640.989119749516,64459.010880250484
-121.01,37.64,75000.0,97847.18144372897,-22847.181443728972
-122.12,37.88,433300.0,385130.7110737073,48169.28892629268
-117.97,34.1,160100.0,180555.36527642002,-20455.365276420023
-117.22,33.74,109200.0,108072.40815863246,1127.591841367539
-121.42,38.7,96200.0,127575.25470545096,-31375.254705450963
-121.27,38.87,191400.0,141169.255451323,50230.744548677
-120.1,39.19,360000.0,153722.31934520043,206277.68065479957
-122.79,38.42,185600.0,245828.73330211407,-60228.733302114066
-117.01,33.97,118800.0,114878.81446113484,3921.18553886516
-122.23,37.79,122700.0,131685.00785240065,-8985.007852400653
-117.55,34.14,206300.0,195478.88687706366,10821.113122936338
-117.46,34.06,195600.0,179495.50917770155,16104.490822298452
-117.13,32.7,75600.0,155686.6824380122,-80086.68243801221
-122.35,40.25,104300.0,86424.71208777279,17875.287912227213
-118.35,34.13,385900.0,252644.40266222414,133255.59733777586
-117.07,32.74,113900.0,186535.3252663617,-72635.3252663617
-122.36,37.94,79400.0,143723.63557085767,-64323.635570857674
-119.85,36.77,81300.0,80313.66442748858,986.3355725114234
-118.36,33.96,129200.0,196454.7538814498,-67254.75388144981
-122.64,38.87,73500.0,90416.23583556339,-16916.23583556339
-122.03,38.01,175900.0,229932.84725342318,-54032.847253423184
-118.44,34.27,142400.0,176689.87966965232,-34289.87966965232
-118.35,34.05,234100.0,206510.2339735031,27589.766026496887
-122.28,37.53,286700.0,267392.96463245666,19307.035367543343
-121.54,38.29,92500.0,153452.3970902376,-60952.39709023759
-116.91,32.82,170100.0,192887.52388501912,-22787.523885019124
-121.83,36.62,161800.0,222350.06196802016,-60550.06196802016
-118.11,33.83,225300.0,270776.1597005706,-45476.15970057063
-118.35,33.93,170600.0,135074.29576134728,35525.70423865272
-118.39,34.03,319400.0,241457.9786976911,77942.02130230889
-119.27,35.51,95800.0,162870.83957372885,-67070.83957372885
-116.87,33.94,73400.0,97444.11135643302,-24044.111356433015
-121.24,40.31,93600.0,77462.6714845309,16137.328515469097
-119.79,36.84,51700.0,53530.239422463346,-1830.2394224633463
-118.47,33.99,358700.0,245491.32293720404,113208.67706279596
-119.82,36.79,64700.0,102765.11865178449,-38065.11865178449
-117.24,33.05,344200.0,283821.3310320596,60378.66896794038
-122.57,38.02,314000.0,315342.0936598205,-1342.0936598205008
-118.38,34.03,185700.0,188354.8211414069,-2654.8211414068937
-122.03,37.94,279300.0,258381.85437624436,20918.14562375564
-122.28,37.85,119400.0,214433.80794169148,-95033.80794169148
-121.96,37.28,280400.0,301114.7472699131,-20714.74726991309
-121.7,37.91,187100.0,217815.5739743854,-30715.573974385392
-123.52,41.01,83800.0,71978.26233192673,11821.73766807327
-118.15,34.11,309300.0,222684.7478182451,86615.25218175491
-122.17,38.08,229200.0,263694.4484547917,-34494.44845479168
-122.02,36.99,245000.0,222849.90342093678,22150.096579063218
-118.13,33.83,227600.0,309832.22276192764,-82232.22276192764
-118.42,34.05,500001.0,304011.0739505049,195989.92604949512
-121.12,35.58,320800.0,273210.78227053815,47589.217729461845
-121.28,38.68,147300.0,135280.08044875646,12019.91955124354
-116.98,32.74,162300.0,239348.25085441116,-77048.25085441116
-117.68,33.6,265900.0,306115.29478694825,-40215.294786948245
-118.43,33.87,500001.0,365808.87390604615,134192.12609395385
-117.16,32.89,189100.0,251752.83663855447,-62652.836638554465
-116.91,32.78,316400.0,323479.9567630277,-7079.9567630277015
-118.39,34.23,181900.0,149260.2334642089,32639.766535791103
-117.16,32.74,261500.0,228754.88184603164,32745.11815396836
-117.33,34.12,69000.0,64204.322305206675,4795.677694793325
-122.39,37.72,181300.0,187408.88488770416,-6108.88488770416
-118.36,33.87,293000.0,275007.6321233162,17992.367876683827
-117.3,34.18,111100.0,178481.9325146526,-67381.93251465261
-118.14,33.86,218300.0,276258.13474380365,-57958.13474380365
-118.2,34.04,147200.0,135633.27347588073,11566.726524119265
-119.11,34.17,243800.0,167646.02842269232,76153.97157730768
-117.85,34.11,223000.0,215084.04452707293,7915.955472927075
-117.97,34.11,137500.0,146538.81449622288,-9038.814496222883
-122.36,40.69,60600.0,35544.06398672564,25055.93601327436
-117.76,35.22,275000.0,17852.342933127657,257147.65706687234
-119.7,34.42,350000.0,188432.5385651132,161567.4614348868
-118.38,34.21,171200.0,139626.51395120053,31573.486048799474
-122.18,37.74,83500.0,177848.01898591686,-94348.01898591686
-118.29,33.72,225000.0,228945.3769837222,-3945.376983722206
-121.92,37.32,165600.0,184645.5683106971,-19045.568310697097
-118.45,34.28,152000.0,197816.166756731,-45816.16675673099
-122.39,37.73,192000.0,213798.29576272564,-21798.29576272564
-117.04,32.81,254200.0,287881.2470041178,-33681.24700411782
-118.06,34.71,150000.0,117395.21347993938,32604.786520060617
-118.06,33.8,212500.0,229457.30458390107,-16957.304583901074
-122.42,40.63,80400.0,25339.45244586654,55060.54755413346
-122.08,37.62,206500.0,286309.17348401947,-79809.17348401947
-122.53,37.5,331100.0,334477.9605314676,-3377.960531467572
-118.56,34.19,201400.0,287898.6258460409,-86498.6258460409
-121.36,38.42,188400.0,180288.01211475907,8111.987885240931
-117.78,33.71,195400.0,215736.56414899183,-20336.564148991834
-121.99,37.26,442500.0,412996.44401384983,29503.555986150168
-120.47,34.7,152700.0,296313.9419044587,-143613.94190445868
-118.43,34.14,500001.0,521122.2540316656,-21121.254031665623
-118.09,33.82,239800.0,280930.3024819535,-41130.30248195352
-120.89,37.48,159400.0,132919.11021749582,26480.88978250418
-116.31,33.67,91800.0,98716.02615698893,-6916.026156988926
-122.43,37.73,240900.0,266171.99228038266,-25271.992280382663
-117.74,34.09,136400.0,155268.70907918457,-18868.70907918457
-117.1,32.69,103600.0,149445.02769322228,-45845.02769322228
-121.29,38.12,132500.0,159389.3937474545,-26889.39374745451
-122.31,37.56,292900.0,237703.37292630225,55196.627073697746
-116.01,33.41,62800.0,121074.63316050312,-58274.633160503116
-122.34,37.93,112100.0,196900.73144062003,-84800.73144062003
-118.96,35.4,89100.0,163656.8871707241,-74556.8871707241
-117.02,33.76,120700.0,118963.09621951217,1736.9037804878317
-122.44,37.78,471400.0,286963.0803640513,184436.91963594873
-118.15,34.13,314700.0,282915.0471535381,31784.952846461907
-118.14,33.93,226400.0,248503.54474132555,-22103.544741325546
-117.17,32.7,409700.0,272069.40886294376,137630.59113705624
-118.05,33.94,149000.0,128486.35908839246,20513.640911607537
-119.69,36.73,171700.0,293017.93914154917,-121317.93914154917
-122.1,37.96,235500.0,305269.63009417756,-69769.63009417756
-117.68,33.52,322800.0,265555.71469611116,57244.28530388884
-122.0,37.32,244500.0,286021.62153910473,-41521.62153910473
-117.29,33.63,162200.0,180552.4571889527,-18352.457188952714
-122.06,37.88,340900.0,326070.16342999926,14829.836570000742
-118.99,35.37,57400.0,88551.60026306426,-31151.60026306426
-118.37,34.18,198900.0,200428.78863658477,-1528.7886365847662
-122.27,37.83,109700.0,220886.14818285825,-111186.14818285825
-118.29,34.01,137500.0,121916.07333706552,15583.926662934478
-117.66,35.62,85700.0,135768.70330449054,-50068.70330449054
-121.53,39.19,98300.0,81483.0048272782,16816.9951727218
-117.95,33.92,178200.0,200802.6955191642,-22602.695519164205
-122.0,37.0,137500.0,176662.17997702397,-39162.179977023974
-122.42,37.75,275000.0,258339.77890614467,16660.221093855333
-117.96,33.9,381500.0,306174.3107547858,75325.68924521422
-118.4,33.89,500001.0,406383.7846308891,93617.21536911093
-117.25,32.84,500001.0,479789.5271100537,20211.472889946308
-120.12,39.18,179200.0,75818.61660430348,103381.38339569652
-121.1,35.6,204500.0,254978.86685775965,-50478.866857759655
-118.24,34.24,394100.0,334796.7693393496,59303.23066065041
-117.99,33.75,184400.0,187349.33863292448,-2949.338632924482
-122.1,37.68,174000.0,193427.59068407724,-19427.590684077237
-120.79,37.43,80700.0,112877.26952743065,-32177.269527430646
-122.06,37.96,189600.0,237361.7440638598,-47761.744063859805
-119.83,36.54,60000.0,118503.57316581998,-58503.57316581998
-118.22,33.89,126600.0,145944.8569944906,-19344.856994490605
-117.99,33.67,262500.0,208785.62927812198,53714.37072187802
-122.21,37.79,139200.0,193815.4463591464,-54615.44635914639
-119.8,36.7,51300.0,56616.534362368286,-5316.534362368286
-118.65,34.27,229200.0,293876.24620344024,-64676.24620344024
-119.77,36.83,101100.0,183716.19093462732,-82616.19093462732
-118.15,34.71,97700.0,134332.34646350984,-36632.346463509835
-118.22,34.07,158300.0,120892.67977343826,37407.320226561744
-122.04,37.89,349100.0,355900.76283402694,-6800.762834026944
-119.77,36.81,85500.0,151622.15620297473,-66122.15620297473
-118.14,33.87,214100.0,279431.54601967754,-65331.54601967754
-118.13,33.81,227100.0,258665.97044923902,-31565.970449239016
-116.92,32.82,155700.0,158485.4577204259,-2785.4577204259112
-124.14,40.59,66800.0,99836.18937920965,-33036.18937920965
-117.93,34.07,207300.0,260836.82394945063,-53536.82394945063
-121.37,37.77,222800.0,187647.38723162794,35152.612768372055
-122.43,37.77,354500.0,279165.7609682055,75334.23903179448
-118.47,34.03,340500.0,246761.1865822263,93738.8134177737
-119.06,36.15,52900.0,85104.37775443448,-32204.377754434478
-122.3,37.86,140600.0,204742.46556438506,-64142.46556438506
-117.95,34.04,150800.0,152750.369473618,-1950.3694736179896
-120.08,41.79,56100.0,-97053.38410046604,153153.38410046604
-121.91,37.69,259600.0,283106.3704962488,-23506.370496248826
-118.32,33.83,318900.0,265688.585570761,53211.414429239
-118.33,33.93,148400.0,255092.48606162332,-106692.48606162332
-117.97,33.99,289900.0,239652.55991673842,50247.44008326158
-117.92,33.89,161800.0,249456.9664578177,-87656.9664578177
-118.3,33.74,255000.0,192561.70832680212,62438.29167319788
-121.3,38.02,87500.0,128958.71972517017,-41458.71972517017
-117.93,33.94,245000.0,286590.1307243379,-41590.13072433788
-118.42,34.01,305000.0,213510.49393795943,91489.50606204057
-118.15,34.13,215000.0,210317.31324307807,4682.686756921932
-117.17,32.75,249000.0,272359.2227897523,-23359.222789752297
-118.42,34.08,500001.0,680900.3843097906,-180899.38430979056
-118.43,33.99,320000.0,197961.0999154998,122038.9000845002
-118.04,33.95,174000.0,238068.749136311,-64068.749136311
-121.93,37.3,292500.0,272870.05672368594,19629.943276314065
-117.26,32.82,500001.0,420343.30726155126,79657.69273844874
-122.23,37.76,289900.0,313964.45032090927,-24064.450320909265
-122.13,37.43,438400.0,317515.4009451647,120884.59905483527
-118.28,34.08,182000.0,207307.04181041243,-25307.041810412426
-118.33,34.02,170500.0,88278.76540132007,82221.23459867993
-119.82,36.78,69200.0,125759.6614228338,-56559.6614228338
-117.07,32.67,95600.0,164268.03495991277,-68668.03495991277
-117.83,33.66,272800.0,322705.72673841845,-49905.72673841845
-121.84,38.13,81300.0,213598.0525314822,-132298.0525314822
-122.5,37.75,272400.0,260611.02366576577,11788.976334234234
-120.48,35.05,152600.0,210264.12731156172,-57664.12731156172
-121.25,37.94,55900.0,106925.92738288688,-51025.927382886875
-117.82,33.85,213500.0,230779.26039252197,-17279.260392521974
-121.52,38.65,331300.0,150857.4297330333,180442.5702669667
-118.0,33.81,201800.0,225399.8556866669,-23599.85568666691
-119.81,36.76,57100.0,131833.11410580622,-74733.11410580622
-118.33,34.15,331800.0,262083.98623628262,69716.01376371738
-118.01,34.13,365900.0,236546.21779373474,129353.78220626526
-121.27,37.82,127500.0,120505.1878158818,6994.8121841182
-119.57,37.02,111800.0,110843.32662121532,956.6733787846752
-122.46,37.64,353700.0,270793.81891375175,82906.18108624825
-119.23,34.27,229300.0,255296.28463723976,-25996.28463723976
-118.25,33.93,87500.0,104935.72901281109,-17435.72901281109
-118.31,33.88,237500.0,178697.78521358734,58802.21478641266
-122.36,40.55,113300.0,51247.643304490484,62052.356695509516
-117.39,34.1,112500.0,103707.99513085745,8792.004869142547
-118.09,34.7,138500.0,128893.03034526994,9606.969654730055
-117.25,32.81,307400.0,232866.1973369997,74533.8026630003
-118.24,33.89,100900.0,166809.82138153818,-65909.82138153818
-121.78,38.68,97800.0,117619.28597598709,-19819.28597598709
-118.3,34.25,176700.0,191954.5806913646,-15254.580691364594
-121.85,36.6,218000.0,234441.4814787847,-16441.4814787847
-122.09,37.4,290600.0,206340.43905013753,84259.56094986247
-118.06,33.91,157700.0,167884.83136829687,-10184.831368296873
-117.64,33.59,348000.0,332013.63484193105,15986.365158068947
-121.24,37.97,67200.0,127782.13349442463,-60582.133494424634
-118.07,34.14,260400.0,210966.70629072422,49433.29370927578
-120.8,38.31,123600.0,129021.61919323076,-5421.619193230756
-119.63,36.33,67500.0,79596.26038408745,-12096.26038408745
-121.22,38.67,130700.0,134255.32070681406,-3555.320706814062
-122.31,40.47,66000.0,60660.73091376573,5339.2690862342715
-122.03,37.99,166600.0,247280.45958381752,-80680.45958381752
-117.26,33.18,225600.0,212153.1170447925,13446.88295520749
-118.23,34.15,257100.0,187269.45033420995,69830.54966579005
-117.81,33.64,500001.0,512781.05184820807,-12780.051848208066
-118.21,33.89,113900.0,172819.11821847875,-58919.11821847875
-117.53,33.88,91000.0,135773.18967887433,-44773.18967887433
-121.26,38.64,217400.0,197321.39167605154,20078.608323948458
-117.1,34.03,96000.0,115887.00944345444,-19887.009443454444
-120.55,38.46,129200.0,86031.75389396213,43168.24610603787
-117.98,33.69,350200.0,319062.68550275546,31137.314497244544
-117.81,33.64,442100.0,484410.6012809016,-42310.60128090158
-116.77,32.82,222900.0,166762.50424420182,56137.49575579818
-120.98,37.62,81300.0,98170.17489424488,-16870.174894244876
-117.89,33.74,160600.0,148316.08566204458,12283.914337955415
-118.76,34.13,500001.0,314299.4327193382,185701.56728066178
-118.57,34.29,341200.0,327971.7637815238,13228.236218476202
-118.93,34.18,287900.0,310153.9705803348,-22253.970580334775
-122.05,37.37,344700.0,352492.6150303078,-7792.615030307788
-117.96,33.81,180000.0,232991.45475265943,-52991.454752659425
-117.59,33.66,167800.0,230248.38603133522,-62448.38603133522
-116.46,33.78,55000.0,64992.85351701407,-9992.853517014068
-118.98,35.38,50800.0,98713.93615855556,-47913.93615855556
-117.93,33.74,142600.0,203241.9303249265,-60641.93032492651
-121.83,37.3,235800.0,227017.91826813994,8782.08173186006
-122.22,38.11,112700.0,200571.13066486688,-87871.13066486688
-118.2,33.8,210200.0,248902.26183493435,-38702.261834934354
-121.48,36.49,210700.0,163631.16717435094,47068.832825649064
-121.47,38.53,65400.0,70937.11800254649,-5537.1180025464855
-118.19,33.78,162500.0,165742.04428897193,-3242.044288971927
-117.97,34.14,150300.0,177566.55361552862,-27266.553615528625
-118.4,34.05,500001.0,310117.96396084316,189883.03603915684
-122.19,37.77,101400.0,194139.6503930497,-92739.6503930497
-118.52,34.18,221800.0,221241.5274181678,558.472581832204
-121.57,37.0,260300.0,215982.6196505651,44317.38034943491
-117.86,33.78,178800.0,167687.22080072202,11112.779199277982
-118.37,34.2,170400.0,157925.76305379532,12474.236946204677
-118.49,34.28,319400.0,329645.5659368732,-10245.565936873201
-121.4,36.38,190600.0,240085.12950919522,-49485.12950919522
-117.3,33.22,184100.0,258740.67207098007,-74640.67207098007
-118.53,34.2,191100.0,180118.859402135,10981.140597864985
-118.31,33.95,149600.0,270676.1888536187,-121076.18885361869
-122.2,37.43,500001.0,319371.0439671464,180629.95603285357
-118.09,33.94,183400.0,218086.52551480988,-34686.52551480988
-117.07,33.07,444100.0,359687.69740227517,84412.30259772483
-122.41,37.62,242700.0,245449.10880807973,-2749.1088080797344
-117.4,34.0,76200.0,104322.09332092432,-28122.093320924323
-122.35,37.98,132900.0,217415.7793241851,-84515.7793241851
-118.22,34.19,409800.0,231364.7405384113,178435.2594615887
-121.28,38.55,112500.0,68130.58097191108,44369.419028088916
-122.11,37.44,376600.0,310489.1612916589,66110.83870834112
-121.26,37.97,50500.0,123533.02666050941,-73033.02666050941
-118.48,34.16,500001.0,333192.74963910226,166808.25036089774
-122.03,37.62,209500.0,228381.3168596062,-18881.316859606188
-121.67,40.87,77800.0,33655.239233757835,44144.760766242165
-119.22,34.28,299700.0,303128.91399880126,-3428.913998801261
-118.29,34.36,375000.0,230762.83201108407,144237.16798891593
-117.06,32.57,156500.0,132313.46615377394,24186.533846226055
-121.94,37.28,240000.0,307619.5994090806,-67619.59940908058
-122.12,39.91,77200.0,66436.06724135065,10763.932758649345
-118.92,36.04,98500.0,120701.43413043255,-22201.43413043255
-122.41,37.8,500001.0,258901.10908255773,241099.89091744227
-121.43,37.74,110400.0,196430.2909800643,-86030.29098006431
-120.37,36.13,86400.0,176633.40754805552,-90233.40754805552
-118.3,34.09,230400.0,170179.91879951116,60220.08120048884
-117.96,34.14,163900.0,204359.40225527622,-40459.40225527622
-122.11,37.38,500001.0,403816.067715656,96184.93228434399
-121.03,40.35,49500.0,54026.859926266596,-4526.859926266596
-118.07,34.58,107400.0,184350.7964749718,-76950.79647497181
-121.84,36.25,362500.0,213416.3618501029,149083.6381498971
-118.16,34.04,145000.0,149047.81929364149,-4047.8192936414853
-121.93,37.34,218500.0,239917.10577475512,-21417.105774755124
-117.99,34.12,130100.0,163637.9701645393,-33537.97016453929
-118.07,33.89,146000.0,180799.2811810826,-34799.281181082595
-121.79,38.67,152500.0,104758.12825172208,47741.87174827792
-122.31,37.52,457200.0,364196.46214345517,93003.53785654483
-121.82,37.98,165200.0,211698.5542594865,-46498.5542594865
-118.42,34.02,394700.0,231286.45413792133,163413.54586207867
-117.09,32.55,144400.0,159672.89733141707,-15272.897331417073
-121.39,38.61,136600.0,139743.63671961427,-3143.6367196142673
-122.02,38.38,216400.0,261561.93450781982,-45161.934507819824
-121.16,37.73,139000.0,128829.33905014955,10170.660949850455
-121.63,39.16,103800.0,65362.981638334226,38437.018361665774
-118.38,33.81,488500.0,327234.7546766135,161265.2453233865
-117.26,33.09,227100.0,234955.30391901638,-7855.303919016384
-117.63,33.63,238000.0,212053.61196713243,25946.388032867573
-118.31,34.27,215600.0,303039.8923130557,-87439.8923130557
-122.21,37.84,292300.0,338395.8861998166,-46095.886199816596
-117.09,32.64,145900.0,206236.04811663833,-60336.048116638325
-117.16,33.57,187300.0,215442.14906882448,-28142.14906882448
-121.02,39.01,185400.0,116216.61914368253,69183.38085631747
-118.25,34.16,280000.0,230331.6845545089,49668.31544549111
-118.21,33.94,141100.0,158407.60175855877,-17307.60175855877
-122.09,37.68,190900.0,200633.8281933386,-9733.828193338588
-117.37,34.07,262500.0,207061.54305788036,55438.456942119636
-122.49,37.86,442000.0,315853.984010343,126146.01598965703
-118.88,34.22,274800.0,311617.98188892845,-36817.98188892845
-117.3,34.15,85500.0,107815.78943291726,-22315.789432917256
-122.01,37.58,231800.0,261864.75300614163,-30064.753006141633
-118.71,34.29,302000.0,305917.3709404678,-3917.3709404678084
-118.62,34.2,235800.0,291043.89689023,-55243.89689023001
-122.25,39.79,72200.0,92027.0629025544,-19827.062902554404
-121.82,37.35,182400.0,179699.7353625754,2700.2646374246106
-122.42,37.8,500001.0,400961.81146745896,99039.18853254104
-121.83,39.72,78700.0,72895.03481032513,5804.965189674869
-118.45,34.19,181300.0,152517.43783697672,28782.562163023278
-117.84,34.13,198000.0,218509.8682864597,-20509.868286459707
-118.34,33.92,199600.0,205826.10488877352,-6226.104888773523
-120.04,36.93,63300.0,95664.08452401124,-32364.08452401124
-118.94,37.13,94000.0,112150.8981729853,-18150.898172985297
-119.19,34.17,186800.0,216010.4872758314,-29210.4872758314
-117.05,32.72,117000.0,202728.434723177,-85728.434723177
-121.87,38.02,117800.0,169860.8955666707,-52060.89556667069
-117.03,34.02,121000.0,169503.03218824835,-48503.032188248355
-118.39,34.03,230900.0,223350.09382865345,7549.906171346549
-122.43,37.76,427300.0,313806.513438208,113493.48656179197
-116.87,33.57,128100.0,129761.33168857312,-1661.3316885731183
-117.77,33.53,384700.0,216309.04677475616,168390.95322524384
-122.43,37.71,290400.0,270112.4165161159,20287.58348388411
-117.1,32.75,91300.0,115748.86021137098,-24448.86021137098
-120.06,36.95,61900.0,85941.10258351825,-24041.10258351825
-119.01,34.23,232200.0,258019.09129498946,-25819.091294989455
-121.35,38.7,129600.0,170159.18754184386,-40559.18754184386
-117.42,34.08,127500.0,125783.22966862796,1716.7703313720413
-117.86,33.73,150500.0,177288.41480718413,-26788.414807184134
-117.16,32.8,187500.0,150803.79328025645,36696.20671974355
-118.07,33.67,437900.0,408131.89310857886,29768.106891421136
-118.14,34.68,126500.0,210340.81697104918,-83840.81697104918
-122.55,37.9,453400.0,405602.2524694749,47797.747530525085
-121.87,37.67,229400.0,253004.5542639601,-23604.554263960104
-122.27,37.51,364900.0,298603.9412500011,66296.05874999892
-122.68,38.43,191900.0,206361.79535096837,-14461.795350968372
-118.23,33.95,87500.0,70024.23593959259,17475.76406040741
-119.45,35.07,30000.0,187959.3953437321,-157959.3953437321
-117.91,33.63,335700.0,264019.2860540757,71680.7139459243
-122.49,38.29,242100.0,208435.10922757117,33664.89077242883
-118.43,34.23,173700.0,226355.99068515282,-52655.99068515282
-119.22,36.31,54100.0,25763.356390767265,28336.643609232735
-120.84,35.33,207800.0,260033.8293467178,-52233.8293467178
-115.64,32.75,112500.0,49756.44491726393,62743.55508273607
-117.91,34.1,166700.0,202528.315653841,-35828.31565384101
-122.3,37.56,271800.0,272517.43594137253,-717.4359413725324
-117.06,32.57,141100.0,211844.59318266297,-70744.59318266297
-118.05,34.02,375000.0,133154.02557210205,241845.97442789795
-118.39,34.23,161600.0,148298.37827717979,13301.621722820215
-117.99,33.88,159400.0,226464.76863741176,-67064.76863741176
-121.28,37.83,86300.0,127652.05998393614,-41352.05998393614
-121.99,36.98,256300.0,277198.22302024765,-20898.22302024765
-118.53,34.21,213200.0,192364.21777880937,20835.78222119063
-117.85,33.85,254100.0,239918.6201513093,14181.379848690704
-117.24,33.95,132600.0,169281.29850749392,-36681.29850749392
-117.32,33.23,169300.0,145336.30219680443,23963.697803195566
-122.43,37.75,347700.0,290047.2656986788,57652.73430132121
-117.98,34.1,159700.0,124322.30919011729,35377.69080988271
-120.1,36.96,90900.0,189299.61583720008,-98399.61583720008
-118.17,33.83,290500.0,256367.0042945738,34132.995705426205
-117.85,34.1,189900.0,226507.08194685262,-36607.08194685262
-118.36,34.13,495600.0,435831.6670599533,59768.332940046676
-122.21,37.83,333300.0,368839.82049307926,-35539.820493079256
-121.75,37.69,183800.0,204027.55801085988,-20227.55801085988
-117.95,34.08,189000.0,179880.67148979614,9119.328510203864
-121.48,38.58,157500.0,147614.8401313452,9885.159868654795
-119.78,36.3,66600.0,109069.20244676527,-42469.202446765266
-117.26,34.24,132400.0,195888.10938190809,-63488.109381908085
-118.23,34.11,156000.0,165995.10690628085,-9995.106906280853
-118.46,34.04,348100.0,226029.75747116795,122070.24252883205
-121.92,36.61,226400.0,283292.87741824565,-56892.877418245655
-118.05,36.64,74200.0,45610.91373876855,28589.086261231452
-117.75,33.71,158300.0,191028.40202340344,-32728.40202340344
-122.07,37.36,500001.0,474184.0543371495,25816.945662850514
-118.13,33.89,165500.0,191220.18492972152,-25720.184929721523
-121.95,37.31,329500.0,236547.11161272973,92952.88838727027
-117.1,32.76,139600.0,198759.48589900276,-59159.48589900276
-117.04,32.6,152900.0,191641.83135332912,-38741.83135332912
-118.11,33.77,367300.0,341337.21935461275,25962.780645387247
-122.04,39.72,70000.0,70576.68847221322,-576.6884722132236
-118.28,33.93,97400.0,175719.81801624317,-78319.81801624317
-121.62,39.12,65900.0,108920.36587829608,-43020.365878296085
-118.99,35.36,49300.0,80092.55550205149,-30792.555502051488
-117.89,34.01,154100.0,145845.42304994725,8254.576950052753
-118.35,33.91,272800.0,195950.67272126442,76849.32727873558
-118.32,34.17,247100.0,283806.1765566282,-36706.1765566282
-122.27,37.87,268800.0,159965.65867224382,108834.34132775618
-118.12,34.05,247600.0,202587.71957173757,45012.28042826243
-118.31,33.77,416800.0,326201.37315334426,90598.62684665574
-121.3,38.65,121600.0,142356.68792590126,-20756.687925901264
-118.2,33.96,171700.0,187712.47015297273,-16012.470152972732
-118.85,34.18,173800.0,260056.182229558,-86256.182229558
-118.04,33.75,235600.0,274709.8141835877,-39109.814183587674
-118.09,34.15,260100.0,244336.13315645047,15763.866843549535
-118.28,34.1,200000.0,177041.0702880267,22958.929711973295
-118.11,33.94,296600.0,269239.25340020796,27360.746599792037
-121.51,37.02,374600.0,215469.37721743807,159130.62278256193
-122.31,37.91,177800.0,270864.7685745014,-93064.76857450139
-117.87,34.15,269500.0,265209.69176155655,4290.308238443453
-120.36,36.14,62000.0,122289.50666359859,-60289.506663598586
-118.28,34.25,197600.0,204122.52161516948,-6522.521615169477
-121.27,37.96,52700.0,109538.21829474717,-56838.218294747174
-117.98,33.8,191400.0,222349.97107940493,-30949.97107940493
-122.49,37.74,317700.0,287940.2654538951,29759.73454610491
-118.29,33.8,329400.0,257757.75327259116,71642.24672740884
-118.4,33.96,330700.0,321073.8567839139,9626.143216086086
-118.41,34.3,187400.0,237499.39884687262,-50099.39884687262
-118.06,34.16,286500.0,211664.51000217488,74835.48999782512
-116.43,33.75,500001.0,156544.19732070714,343456.80267929286
-121.78,38.01,133900.0,208120.746871443,-74220.746871443
-118.53,34.22,199800.0,249660.9610748235,-49860.96107482351
-114.63,32.76,45000.0,-19929.362921677995,64929.362921677995
-122.02,37.3,354600.0,340205.9833869189,14394.016613081098
-118.42,33.99,263800.0,264681.65433297586,-881.654332975857
-118.01,34.12,278400.0,205003.98646426434,73396.01353573566
-118.19,33.8,160400.0,169054.35002213577,-8654.350022135768
-117.97,33.92,241300.0,278172.33515495714,-36872.33515495714
-120.84,38.63,208300.0,179121.35188268824,29178.648117311765
-121.9,37.27,263600.0,287606.1653274349,-24006.165327434894
-116.92,32.85,145000.0,206556.57231060648,-61556.57231060648
-123.04,38.49,132500.0,224039.796312124,-91539.796312124
-118.18,34.11,183800.0,176741.12728482345,7058.872715176549
-119.85,36.75,81100.0,120753.00549331773,-39653.00549331773
-118.43,34.23,176500.0,196413.34669317864,-19913.34669317864
-118.27,34.16,255500.0,206669.97345825518,48830.026541744824
-118.13,33.88,166100.0,217145.58389233425,-51045.58389233425
-121.31,38.71,102000.0,153894.37236330332,-51894.37236330332
-117.31,34.14,86100.0,151857.7485233713,-65757.7485233713
-122.4,40.51,100600.0,54970.80174477771,45629.19825522229
-122.45,37.77,500000.0,263276.464658557,236723.53534144303
-118.2,33.81,209900.0,300652.6678116708,-90752.6678116708
-121.28,37.95,52500.0,75676.31121507706,-23176.31121507706
-118.34,34.2,262900.0,213254.49189326726,49645.50810673274
-119.82,36.84,158800.0,192801.91900387546,-34001.91900387546
-117.86,34.13,209500.0,160208.91539055435,49291.08460944565
-118.31,34.1,350000.0,139086.18316805968,210913.81683194032
-118.46,34.26,217100.0,261820.07939159637,-44720.07939159637
-120.55,37.32,141400.0,138144.42987454962,3255.57012545038
-116.31,33.67,93400.0,88532.2534610196,4867.746538980398
-122.27,37.86,198200.0,194470.8724774411,3729.127522558905
-117.88,33.75,187200.0,42185.42662916472,145014.57337083528
-122.39,37.74,185300.0,181220.80290326802,4079.1970967319794
-118.04,34.13,500001.0,647354.0671923957,-147353.06719239568
-119.04,34.34,281300.0,295884.4772255542,-14584.477225554176
-118.24,33.91,103600.0,165468.09981399728,-61868.09981399728
-122.59,38.12,287900.0,294032.09804233164,-6132.098042331636
-118.29,34.17,208300.0,162835.19499514438,45464.80500485562
-122.33,37.98,175000.0,296347.7345070569,-121347.73450705688
-122.97,38.5,132700.0,199321.87361926725,-66621.87361926725
-117.9,34.07,172000.0,160135.17363323085,11864.82636676915
-117.8,33.83,500001.0,465772.18978718575,34228.81021281425
-115.49,32.69,64000.0,35372.407074267045,28627.592925732955
-122.28,37.88,227900.0,230551.7116575637,-2651.71165756369
-119.32,36.21,63100.0,94528.88038302073,-31428.880383020733
-117.12,32.7,84100.0,145312.10662372597,-61212.106623725966
-122.26,38.33,339200.0,285165.8352511348,54034.16474886518
-120.16,36.96,156300.0,116522.2589709009,39777.741029099096
-117.25,32.73,383600.0,282639.7163448171,100960.28365518292
-117.55,33.87,137100.0,172754.86546280188,-35654.865462801885
-119.66,36.32,56800.0,110018.30403093295,-53218.30403093295
-121.27,37.98,70000.0,146871.60111023113,-76871.60111023113
-121.42,38.22,96300.0,103139.30332231475,-6839.30332231475
-121.31,37.96,92600.0,187366.57513622148,-94766.57513622148
-118.05,33.78,359100.0,316875.5467147492,42224.45328525081
-118.09,33.9,158700.0,214714.75879275287,-56014.758792752866
-118.4,33.86,500001.0,310765.12130999845,189235.87869000155
-121.0,35.94,114600.0,226002.83950764826,-111402.83950764826
-117.77,33.88,410200.0,324676.0255978401,85523.97440215992
-121.95,37.32,281900.0,191373.43782419572,90526.56217580428
-122.34,40.58,101700.0,80217.85161064658,21482.148389353417
-122.24,37.8,169300.0,226792.46693294914,-57492.466932949144
-118.15,33.78,207800.0,225671.0906422604,-17871.090642260388
-122.53,37.9,327200.0,264375.6340831062,62824.36591689382
-118.31,33.8,277900.0,260743.1157514332,17156.884248566814
-116.76,34.29,111400.0,117612.98646057444,-6212.986460574437
-122.21,37.76,80600.0,158617.9023526879,-78017.9023526879
-117.77,33.7,207500.0,272778.1032245103,-65278.10322451033
-122.03,37.91,275300.0,262449.5225657285,12850.47743427148
-121.93,37.33,421000.0,316236.34217828745,104763.65782171255
-122.23,40.2,128800.0,124178.33387919283,4621.666120807175
-121.93,36.63,313900.0,282196.9107788289,31703.089221171103
-118.91,35.37,67600.0,150985.84513889812,-83385.84513889812
-120.73,37.38,64400.0,95182.62839231826,-30782.628392318264
-118.34,33.93,153900.0,156642.66240316117,-2742.662403161172
-121.35,38.66,130700.0,110109.76760232961,20590.232397670392
-118.38,34.17,238500.0,200962.92358774506,37537.076412254944
-122.15,37.46,379600.0,335117.8528527175,44482.14714728249
-117.82,33.75,146500.0,167938.900980392,-21438.900980392005
-118.19,33.85,150300.0,218848.52919813897,-68548.52919813897
-117.71,33.61,80300.0,193539.37520995177,-113239.37520995177
-121.17,38.71,293300.0,89648.18973175948,203651.81026824052
-122.08,37.9,288000.0,283988.9172064243,4011.0827935757115
-121.87,38.0,144100.0,212801.047084908,-68701.047084908
-117.62,34.07,127000.0,129276.49813403888,-2276.4981340388767
-122.12,37.71,152100.0,207764.78194084158,-55664.78194084158
-121.22,39.11,156800.0,75816.92672685115,80983.07327314885
-117.04,34.0,104900.0,130824.42836189689,-25924.42836189689
-118.45,34.1,500001.0,540446.4397366722,-40445.43973667221
-117.07,32.58,134400.0,210968.47075088834,-76568.47075088834
-122.21,37.42,500001.0,561685.9684325224,-61684.96843252238
-117.82,33.72,272800.0,302998.9538366068,-30198.953836606815
-117.26,34.53,151600.0,98535.99023840483,53064.00976159517
-118.31,33.81,362600.0,247480.9910837193,115119.0089162807
-118.25,33.87,169200.0,223688.3954388667,-54488.39543886669
-117.18,32.79,140400.0,214486.9078152883,-74086.90781528829
-119.27,35.88,43700.0,77065.2357527134,-33365.2357527134
-122.0,38.35,136000.0,259211.1158936913,-123211.11589369131
-118.75,34.27,264400.0,269491.0489100842,-5091.0489100841805
-117.04,32.76,152200.0,233094.02807182865,-80894.02807182865
-118.32,34.1,137500.0,176479.021090311,-38979.021090311
-118.11,34.06,214700.0,136901.14030140126,77798.85969859874
-118.78,34.27,170900.0,219944.27559125936,-49044.27559125936
-121.81,37.26,236200.0,238147.9209272,-1947.9209272000007
-122.5,37.74,297800.0,250208.9401035034,47591.05989649659
-119.94,37.04,88500.0,102956.33986690128,-14456.339866901282
-117.1,32.58,127600.0,160837.90984421177,-33237.90984421177
-121.37,38.69,80200.0,104031.55003010482,-23831.550030104816
-122.42,37.75,306000.0,254928.23798226193,51071.762017738074
-118.29,34.11,436400.0,214164.7839831002,222235.2160168998
-117.78,33.69,238900.0,235340.69677584665,3559.303224153351
-117.83,33.88,231700.0,305689.6998390127,-73989.6998390127
-118.19,34.05,122900.0,155874.8467273414,-32974.84672734141
-118.11,33.82,218200.0,251622.5243285345,-33422.52432853449
-122.28,37.9,397000.0,494885.68977791583,-97885.68977791583
-122.83,38.39,260300.0,166857.5034978576,93442.4965021424
-122.54,37.95,435700.0,318964.9932036614,116735.0067963386
-118.35,33.95,164000.0,236412.77412594715,-72412.77412594715
-122.03,37.0,440500.0,306699.31219653226,133800.68780346774
-122.18,39.7,85400.0,112042.25564319408,-26642.255643194076
-117.2,34.48,101900.0,97589.99687240273,4310.003127597272
-117.96,34.48,159400.0,217472.61037190165,-58072.610371901654
-117.89,33.92,190300.0,261438.35413084412,-71138.35413084412
-119.65,36.51,100000.0,134682.58070020378,-34682.580700203776
-118.16,34.02,139600.0,126186.63090253808,13413.369097461924
-118.49,34.14,500001.0,486092.97451143945,13908.025488560554
-122.04,37.12,154500.0,259389.12286286242,-104889.12286286242
-118.21,34.12,170500.0,194471.02477515955,-23971.024775159545
-117.57,33.88,110600.0,127573.30219655856,-16973.302196558565
-121.86,36.6,191200.0,259734.87914144574,-68534.87914144574
-117.9,34.06,287200.0,346154.08424416604,-58954.084244166035
-116.99,32.7,150100.0,172429.01862642495,-22329.01862642495
-117.82,33.89,238300.0,230827.73080642847,7472.269193571527
-118.24,34.12,154200.0,89734.58314015111,64465.41685984889
-121.94,37.31,280500.0,239974.09403618705,40525.905963812955
-118.1,33.9,161900.0,248706.8208284662,-86806.82082846621
-122.63,38.5,265600.0,275827.495736849,-10227.495736849029
-117.1,32.58,122700.0,232986.10178210447,-110286.10178210447
-122.04,37.57,231200.0,251938.98388515506,-20738.98388515506
-122.49,37.75,319100.0,259906.46356926393,59193.53643073607
-117.93,33.78,231300.0,237958.7006364148,-6658.700636414811
-121.89,37.46,500001.0,445422.432298617,54578.56770138303
-121.45,38.56,121200.0,139780.7267223415,-18580.726722341496
-118.51,34.27,222500.0,241129.11893412145,-18629.11893412145
-121.72,37.7,450000.0,288967.00479332637,161032.99520667363
-118.28,33.96,102100.0,126980.79668128071,-24880.796681280714
-117.94,34.08,201200.0,217283.17029628064,-16083.170296280645
-121.41,38.6,104200.0,148901.5066034845,-44701.50660348451
-118.37,34.12,500001.0,539805.1332774404,-39804.13327744044
-120.42,34.96,132000.0,200063.59294348303,-68063.59294348303
-118.23,34.12,221100.0,242187.19965325808,-21087.19965325808
-118.4,34.7,151600.0,192828.48881408712,-41228.48881408712
-122.29,38.3,146900.0,160946.25295924162,-14046.252959241625
-117.13,32.91,151200.0,208702.84655249584,-57502.846552495845
-118.44,34.26,165100.0,211316.0766031579,-46216.07660315791
-118.12,33.86,213600.0,270300.63458101824,-56700.63458101824
-118.28,34.08,213500.0,222057.07177249063,-8557.071772490628
-118.56,34.17,500001.0,347330.00160170905,152670.99839829095
-122.17,37.87,438000.0,348507.1190967774,89492.8809032226
-121.83,37.36,183800.0,200660.8560741963,-16860.856074196286
-122.41,37.8,350000.0,271101.0318112774,78898.96818872262
-118.74,37.58,159300.0,106133.05403956072,53166.945960439276
-117.01,32.71,129100.0,172753.93916043313,-43653.93916043313
-119.55,36.51,76600.0,123929.3902377449,-47329.3902377449
-117.22,32.75,225000.0,218162.35546389595,6837.644536104053
-118.45,34.2,230800.0,170094.17029999848,60705.829700001515
-117.81,33.81,431800.0,376636.9734550095,55163.026544990484
-118.32,33.96,191000.0,305559.4511761265,-114559.45117612649
-122.19,37.73,84700.0,137581.190965625,-52881.19096562499
-118.18,33.78,152500.0,118153.0682296278,34346.931770372204
-121.46,38.63,67600.0,39408.68687227368,28191.313127726316
-118.15,33.87,198200.0,207914.7513608262,-9714.751360826194
-118.23,34.2,306300.0,209749.6523578032,96550.34764219681
-123.22,39.15,122100.0,206859.2970772488,-84759.2970772488
-121.25,38.68,276100.0,212778.6584628923,63321.34153710771
-117.09,34.07,103000.0,128747.99683605973,-25747.996836059727
-122.03,37.31,409100.0,291827.68439390324,117272.31560609676
-118.2,34.03,135200.0,169080.61033783667,-33880.61033783667
-120.47,37.32,121600.0,146583.01615958242,-24983.016159582417
-118.15,33.92,182800.0,161185.0919758156,21614.908024184406
-121.87,37.29,228000.0,190529.69016343076,37470.30983656924
-121.31,38.03,110000.0,109098.59220135026,901.4077986497432
-117.11,34.43,111200.0,93465.14709926164,17734.852900738362
-119.02,35.33,84700.0,138625.94566315645,-53925.94566315645
-122.04,37.34,447300.0,387558.40056775045,59741.59943224955
-121.31,38.26,88300.0,84133.81711222557,4166.1828877744265
-122.19,37.74,87100.0,122491.89159518434,-35391.89159518434
-121.91,37.33,187500.0,194340.13270785427,-6840.132707854267
-118.08,33.91,146900.0,158859.60218357388,-11959.60218357388
-120.98,37.65,103100.0,128099.38969044946,-24999.38969044946
-121.98,37.8,343700.0,361254.1071722,-17554.10717219999
-122.16,37.74,98200.0,196044.0228640032,-97844.0228640032
-118.37,33.95,262500.0,155413.30010697152,107086.69989302848
-121.55,40.48,77400.0,40274.43029567879,37125.56970432121
-122.34,37.95,135100.0,214797.98815001408,-79697.98815001408
-117.02,33.71,134700.0,173455.5773258563,-38755.57732585631
-117.26,32.99,231300.0,156475.76080260798,74824.23919739202
-117.96,34.05,158600.0,161375.48322030064,-2775.483220300637
-121.31,38.57,101600.0,86301.39501966303,15298.604980336968
-121.97,38.35,122000.0,178732.64286744082,-56732.64286744082
-117.78,33.81,380000.0,346494.2492455663,33505.750754433684
-122.45,38.58,189400.0,176105.36849854188,13294.63150145812
-120.11,34.62,440000.0,344807.193628395,95192.80637160502
-119.01,35.32,70000.0,139300.6234021443,-69300.6234021443
-124.19,40.78,70000.0,116167.99261608347,-46167.99261608347
-118.41,34.01,333500.0,273870.31818682747,59629.68181317253
-117.12,32.75,101800.0,155276.21083051292,-53476.21083051292
-118.33,34.07,500001.0,682005.3223799844,-182004.32237998443
-118.28,34.11,360500.0,287188.37632587785,73311.62367412215
-121.23,38.66,169500.0,175837.52936997497,-6337.5293699749745
-118.12,34.02,205600.0,159966.03948100237,45633.96051899763
-118.01,34.1,166300.0,183357.1723444853,-17057.172344485298
-121.36,38.56,32500.0,72744.00895859022,-40244.00895859022
-121.74,37.3,362700.0,305948.5726761916,56751.42732380843
-118.26,33.78,174500.0,142869.92028067214,31630.079719327856
-117.92,34.06,197600.0,194905.38622886548,2694.613771134522
-118.38,34.3,183000.0,233189.1416580868,-50189.141658086795
-118.45,34.18,158300.0,108039.32107750326,50260.678922496736
-121.92,38.03,100200.0,169683.89129696507,-69483.89129696507
-124.09,40.87,87500.0,88807.5857140529,-1307.585714052897
-118.47,34.01,461100.0,220110.67537215585,240989.32462784415
-117.22,32.83,190200.0,295327.39305631304,-105127.39305631304
-121.21,38.66,232300.0,187010.76394834323,45289.23605165677
-122.45,37.71,221600.0,263716.5641838629,-42116.56418386288
-117.26,32.98,226900.0,260200.04982321756,-33300.04982321756
-118.46,34.25,224200.0,235451.11726142094,-11251.117261420935
-118.32,33.98,119800.0,184587.04735334124,-64787.047353341244
-121.5,38.49,78200.0,106716.69267207291,-28516.69267207291
-118.21,33.95,165100.0,136983.50442470936,28116.49557529064
-119.85,36.84,213900.0,343645.81935261237,-129745.81935261237
-119.71,36.81,69700.0,81180.78014474967,-11480.780144749675
-118.29,34.0,105800.0,163474.16589035094,-57674.16589035094
-121.29,37.96,75000.0,87678.711602055,-12678.711602055002
-120.25,37.04,91700.0,131505.40488582198,-39805.404885821976
-117.97,33.91,269500.0,277127.26626087166,-7627.266260871664
-119.7,36.82,68200.0,94056.9097905173,-25856.909790517297
-117.28,33.19,165800.0,174606.1100486312,-8806.110048631206
-118.59,34.47,154600.0,-132240.64638420567,286840.64638420567
-118.39,33.88,472700.0,327435.43702862225,145264.56297137775
-122.04,37.3,345900.0,357629.6570625277,-11729.657062527724
-117.81,33.8,230700.0,274860.8171966132,-44160.81719661318
-118.3,34.07,300000.0,264973.62450468633,35026.37549531367
-116.92,32.76,249400.0,229778.32753234357,19621.672467656434
-122.46,37.77,435700.0,268965.4933755589,166734.50662444113
-121.36,38.0,225800.0,244174.8959256257,-18374.895925625693
-118.2,34.02,175000.0,113222.40894009173,61777.59105990827
-118.16,34.16,178400.0,129681.97740026144,48718.02259973856
-122.1,37.4,276000.0,220394.96903333673,55605.03096666327
-120.42,37.98,115900.0,87767.50202779053,28132.497972209472
-119.51,37.32,214300.0,99124.3350360603,115175.6649639397
-120.77,40.65,118300.0,-21002.407630315516,139302.40763031552
-118.36,34.1,500001.0,218163.9646014287,281837.0353985713
-117.28,33.2,152100.0,195591.36848798022,-43491.36848798022
-121.85,36.6,140400.0,226816.2377645527,-86416.2377645527
-117.24,33.36,222600.0,205028.74665518152,17571.253344818484
-122.2,37.43,444500.0,310971.92696244083,133528.07303755917
-122.37,37.59,500000.0,345178.08918527095,154821.91081472905
-121.29,38.1,163300.0,149538.21101067588,13761.788989324123
-117.24,32.79,193800.0,230900.86398151517,-37100.86398151517
-120.44,36.84,90500.0,141731.63289627153,-51231.632896271534
-122.28,37.84,115200.0,183346.66297257598,-68146.66297257598
-117.08,32.65,147000.0,186366.31273605116,-39366.31273605116
-118.04,33.82,273900.0,276821.5155347418,-2921.515534741804
-118.16,33.89,190900.0,212638.8893584055,-21738.88935840549
-121.54,38.59,74800.0,87816.29925652407,-13016.299256524071
-122.41,37.8,500001.0,227587.78770664847,272413.21229335153
-118.33,33.98,118500.0,142812.686291093,-24312.686291093007
-117.7,33.72,500001.0,96412.30392958643,403588.69607041357
-119.21,34.26,55000.0,182515.99842133326,-127515.99842133326
-121.22,37.97,58400.0,118192.46790580824,-59792.46790580824
-121.47,38.56,95800.0,144328.78408558993,-48528.78408558993
-118.24,34.01,99200.0,125506.25080580497,-26306.25080580497
-119.18,34.16,167400.0,277937.0727964821,-110537.07279648213
-116.99,34.89,70500.0,106602.36169151636,-36102.36169151636
-115.55,32.82,67500.0,96824.52700857911,-29324.527008579113
-121.44,38.54,75700.0,130651.18831544463,-54951.188315444626
-118.04,34.09,183000.0,193359.83088979637,-10359.830889796373
-118.49,34.15,500001.0,479210.87064269185,20790.12935730815
-124.09,40.55,97300.0,140548.79330052482,-43248.79330052482
-121.23,38.09,230000.0,262264.9973259154,-32264.997325915378
-117.14,32.71,82900.0,125365.48850512737,-42465.488505127374
-119.82,36.19,52200.0,119660.81927220896,-67460.81927220896
-122.22,37.77,114800.0,184257.99284692528,-69457.99284692528
-119.69,36.81,88000.0,156063.74135822803,-68063.74135822803
-117.07,32.81,224200.0,231942.35482067475,-7742.354820674751
-118.15,33.96,150000.0,144969.14006142365,5030.859938576352
-116.42,33.76,341700.0,430325.9222622351,-88625.92226223508
-122.14,37.71,181700.0,225257.6093337359,-43557.60933373589
-117.81,33.73,140600.0,192573.49605580932,-51973.496055809315
-122.1,40.05,72700.0,50864.04381180648,21835.956188193522
-118.09,34.15,210900.0,190026.42189397383,20873.578106026165
-120.83,39.02,97700.0,49473.243460695725,48226.756539304275
-121.06,39.22,109700.0,94362.14505646052,15337.854943539482
-118.17,33.77,165600.0,225469.08372250432,-59869.08372250432
-117.84,33.8,230600.0,201337.60001289845,29262.399987101555
-118.16,34.17,163800.0,198800.00096593518,-35000.00096593518
-115.4,32.7,95800.0,38302.711228393484,57497.288771606516
-122.29,40.44,48100.0,25176.678960427642,22923.321039572358
-119.76,36.71,44400.0,62884.39780089492,-18484.39780089492
-121.88,37.44,237900.0,271951.3610448907,-34051.36104489071
-122.03,37.55,284800.0,323055.73557281075,-38255.73557281075
-122.72,38.47,164800.0,150102.1859307983,14697.814069201704
-117.88,33.85,200000.0,131218.41210960783,68781.58789039217
-122.52,38.99,77800.0,87904.09201900614,-10104.092019006144
-117.88,34.09,186000.0,188831.48844445776,-2831.488444457762
-118.09,33.96,169700.0,165564.47889781045,4135.521102189552
-117.16,32.74,418800.0,247213.27394291712,171586.72605708288
-118.15,35.06,73300.0,87046.10154604679,-13746.10154604679
-117.14,32.7,87000.0,161586.40101864794,-74586.40101864794
-118.46,34.22,168200.0,228467.71537363064,-60267.715373630635
-117.55,33.93,154300.0,193245.99757172866,-38945.99757172866
-121.89,37.42,225000.0,372379.0384544786,-147379.0384544786
-122.0,37.35,333000.0,293688.61036518635,39311.38963481365
-121.34,38.59,225900.0,224257.87263780553,1642.127362194471
-117.6,33.87,138100.0,193338.2716056262,-55238.271605626214
-117.41,33.96,112700.0,139733.45991735673,-27033.459917356726
-122.25,37.83,231600.0,232438.76741014048,-838.7674101404846
-118.15,34.1,419100.0,255754.32163072657,163345.67836927343
-118.48,34.19,221100.0,217313.69914374407,3786.300856255926
-118.01,34.06,155400.0,154900.70908192918,499.29091807082295
-120.7,38.69,151700.0,117636.89834811771,34063.10165188229
-122.44,37.71,248900.0,309962.0903735226,-61062.0903735226
-121.04,38.95,153200.0,82020.1406245525,71179.8593754475
-122.02,38.25,126500.0,144314.40879323753,-17814.408793237526
-121.31,38.62,240000.0,246355.26122819213,-6355.261228192132
-121.89,37.36,186100.0,199179.82914762245,-13079.829147622455
-119.78,34.48,500001.0,405114.5614254358,94886.43857456418
-118.12,34.06,181600.0,157866.6739021642,23733.326097835787
-122.0,37.37,178100.0,222956.97998001426,-44856.979980014265
-119.44,36.6,69200.0,40264.151198123116,28935.848801876884
-121.41,38.52,66800.0,61824.88111243164,4975.118887568358
-118.53,34.14,500001.0,424303.43845312577,75697.56154687423
-122.1,37.4,181300.0,211041.34236084856,-29741.34236084856
-118.23,34.24,396400.0,355427.0824776781,40972.91752232192
-122.24,38.25,187500.0,248259.81005242793,-60759.81005242793
-122.47,37.66,297900.0,270803.5304740905,27096.469525909517
-117.88,33.63,345400.0,386095.28222197806,-40695.282221978065
-121.65,36.85,245100.0,248300.91392582515,-3200.9139258251525
-117.41,34.11,105500.0,149481.43213433167,-43981.43213433167
-124.08,40.87,101100.0,79616.86768166022,21483.132318339776
-118.13,34.15,141700.0,173694.14195041126,-31994.141950411256
-121.96,37.24,430900.0,317868.153038478,113031.84696152201
-122.5,37.75,286300.0,221286.73259107536,65013.26740892464
-117.56,33.88,113000.0,122435.44685352221,-9435.446853522211
-117.24,32.72,466700.0,384555.52476260206,82144.47523739794
-117.94,33.85,168600.0,175006.71794545138,-6406.717945451383
-122.26,37.5,360500.0,261742.5208543744,98757.4791456256
-122.0,37.82,256400.0,247329.61394752888,9070.38605247112
-118.93,34.82,113900.0,191008.25353917805,-77108.25353917805
-118.36,34.01,350400.0,329969.79870254267,20430.20129745733
-118.35,34.19,209100.0,235309.67454806622,-26209.67454806622
-117.83,33.74,131500.0,180017.69231655402,-48517.69231655402
-122.18,38.35,216700.0,276001.250197113,-59301.250197113026
-117.27,33.77,101300.0,88415.33898375044,12884.661016249564
-122.54,38.36,202800.0,234523.31850746507,-31723.31850746507
-121.43,37.75,117600.0,190529.46247047465,-72929.46247047465
-122.31,37.57,292600.0,262864.08105867077,29735.918941329233
-118.4,34.04,500001.0,597217.7116524423,-97216.71165244235
-120.97,37.68,130300.0,127293.02706947271,3006.972930527292
-119.49,37.1,92400.0,71189.9511815114,21210.048818488605
-118.28,34.0,112500.0,125716.29387850594,-13216.293878505938
-117.86,33.75,154200.0,91183.88123303559,63016.11876696441
-121.46,38.56,104000.0,117493.80638163211,-13493.806381632108
-122.71,38.34,121600.0,173304.05247329827,-51704.052473298274
-122.07,37.86,206300.0,198820.70142848184,7479.298571518157
-119.69,36.71,108300.0,174744.99749504635,-66444.99749504635
-118.85,34.19,349400.0,329491.1076460513,19908.89235394867
-121.19,39.55,83300.0,2127.3807330606505,81172.61926693935
-118.61,34.2,245800.0,285917.3442300651,-40117.34423006512
-122.74,38.46,91500.0,167486.87700102385,-75986.87700102385
-118.54,34.15,500001.0,458665.3891512472,41335.61084875278
-118.5,33.99,500001.0,269186.45069555845,230814.54930444155
-117.79,34.1,190500.0,171976.3342277524,18523.665772247594
-121.43,37.74,108300.0,135428.23499478772,-27128.234994787723
-116.52,33.97,89600.0,112084.23153680423,-22484.231536804233
-122.01,37.27,500001.0,498555.8181930692,1445.1818069308065
-121.34,37.97,94600.0,180889.45842689928,-86289.45842689928
-118.21,34.02,67500.0,384632.9795309799,-317132.9795309799
-121.9,38.0,177500.0,256031.11103812046,-78531.11103812046
-118.25,34.23,261300.0,266649.7164786188,-5349.716478618793
-117.32,33.51,500001.0,216549.9975563353,283451.0024436647
-117.14,33.15,168400.0,248032.3074590168,-79632.3074590168
-121.94,37.24,245300.0,272131.5288958177,-26831.528895817697
-122.02,37.09,240000.0,301183.9208728792,-61183.920872879215
-121.05,37.93,156500.0,118233.92672275007,38266.07327724993
-117.3,32.96,500001.0,238859.19683793327,261141.80316206673
-117.91,33.88,235600.0,264667.16136094043,-29067.16136094043
-118.1,33.89,185600.0,236176.86414843844,-50576.86414843844
-118.29,34.08,316700.0,152712.28233930003,163987.71766069997
-120.93,39.96,118800.0,28976.379884286784,89823.62011571322
-122.4,38.46,248500.0,244803.28991997242,3696.7100800275803
-117.94,33.79,236500.0,256054.43458945723,-19554.434589457233
-121.47,38.55,94600.0,120124.08993307268,-25524.089933072682
-118.07,34.01,176800.0,180281.37148421537,-3481.3714842153713
-117.21,32.86,148600.0,193788.349256475,-45188.34925647499
-121.86,36.6,195300.0,232313.09726974973,-37013.097269749735
-118.27,33.8,215900.0,239562.08686788706,-23662.08686788706
-118.2,34.02,126600.0,212938.99412602792,-86338.99412602792
-118.29,34.08,173900.0,154405.59422377683,19494.405776223168
-117.29,33.13,183000.0,182819.2076335461,180.7923664539121
-119.75,36.78,74300.0,115325.93907160033,-41025.939071600325
-117.88,33.85,224700.0,225953.07305893349,-1253.0730589334853
-119.59,36.52,101600.0,142470.53351342212,-40870.533513422124
-122.3,37.51,391000.0,308151.02397435764,82848.97602564236
-118.13,33.94,265000.0,205088.39586480008,59911.604135199916
-121.86,37.21,500001.0,431393.3951015491,68607.6048984509
-121.81,37.3,186500.0,244252.9725669981,-57752.9725669981
-116.4,34.12,78000.0,93030.85397465574,-15030.853974655736
-115.55,32.98,80800.0,115297.02156137908,-34497.02156137908
-118.31,34.26,189600.0,238917.26189340558,-49317.26189340558
-118.47,34.26,199200.0,227324.8815147844,-28124.881514784414
-120.84,35.32,189600.0,250499.7021597796,-60899.70215977961
-122.19,37.78,160000.0,207576.67100615986,-47576.67100615986
-117.79,33.68,375300.0,376317.46125600627,-1017.4612560062669
-122.03,37.97,166700.0,173703.72737651085,-7003.727376510855
-118.56,34.19,215600.0,235905.36571257608,-20305.36571257608
-121.79,37.03,228600.0,227214.9490191345,1385.0509808654897
-120.66,35.49,171300.0,219887.96661149943,-48587.96661149943
-122.46,37.74,431000.0,358589.24301217636,72410.75698782364
-118.04,33.87,275100.0,253842.74122057483,21257.258779425174
-119.85,34.44,276800.0,335829.2138301339,-59029.2138301339
-119.61,36.31,46300.0,73784.18071426358,-27484.18071426358
-118.09,34.68,144000.0,211468.37712360872,-67468.37712360872
-122.13,39.74,94300.0,63605.551986098755,30694.448013901245
-117.93,34.01,157600.0,82073.20434342371,75526.79565657629
-117.86,33.79,194500.0,232025.1977586625,-37525.197758662514
-118.26,34.16,351100.0,231168.50208336068,119931.49791663932
-118.37,34.07,453400.0,230502.71111322707,222897.28888677293
-118.41,34.19,224600.0,191350.6878651292,33249.312134870794
-118.2,34.12,155600.0,173166.35476212576,-17566.35476212576
-121.37,38.01,242000.0,398193.47782187024,-156193.47782187024
-123.15,39.74,70000.0,136831.01311352523,-66831.01311352523
-117.18,34.3,71300.0,81810.11880895263,-10510.118808952626
-122.79,39.09,66800.0,106937.92798693432,-40137.927986934315
-118.18,34.1,153100.0,254159.9207597049,-101059.9207597049
-122.11,37.7,137500.0,183142.33781220065,-45642.337812200654
-117.9,33.88,230400.0,268315.380534729,-37915.38053472899
-122.0,37.31,242200.0,289821.5279285358,-47621.52792853583
-117.85,33.87,301900.0,243616.59455051366,58283.40544948634
-122.0,37.27,415800.0,315737.4544389453,100062.54556105472
-121.72,38.0,156500.0,183170.62567451503,-26670.62567451503
-122.27,40.46,78600.0,38634.54021009058,39965.45978990942
-122.02,37.87,441400.0,363516.4578485135,77883.5421514865
-118.27,34.08,184300.0,194607.25769008696,-10307.25769008696
-118.73,34.29,276500.0,302766.9367090212,-26266.936709021218
-117.96,33.93,232800.0,195487.8162358608,37312.18376413919
-120.48,37.29,60400.0,28263.396874008235,32136.603125991765
-121.49,38.55,224100.0,239216.57450395077,-15116.574503950775
-117.79,33.77,439000.0,302584.2203856036,136415.7796143964
-119.67,37.27,123100.0,94777.85619323188,28322.143806768116
-117.09,32.91,255700.0,296363.8117789007,-40663.81177890068
-121.55,39.51,57600.0,71572.04126411071,-13972.04126411071
-118.52,34.2,199800.0,245483.88310513506,-45683.88310513506
-119.78,36.76,51300.0,98137.24488059804,-46837.24488059804
-119.85,34.48,348200.0,351162.48786030244,-2962.487860302441
-122.2,37.82,362800.0,334430.9697869327,28369.030213067308
-118.53,34.18,240300.0,248633.9393696948,-8333.939369694795
-119.46,36.25,73600.0,118656.49340788368,-45056.49340788368
-117.12,33.14,172600.0,180069.34827845078,-7469.34827845078
-118.59,34.22,229000.0,273228.55287045054,-44228.55287045054
-118.01,34.08,166300.0,179092.12633238127,-12792.126332381275
-117.2,33.71,83300.0,161856.24228852522,-78556.24228852522
-118.47,34.14,500001.0,406431.16583852656,93569.83416147344
-117.98,33.68,332900.0,308815.8693432682,24084.13065673178
-119.03,35.41,54300.0,128407.32895902079,-74107.32895902079
-117.93,33.88,241700.0,242778.8991346606,-1078.8991346606053
-121.87,36.55,387500.0,377972.5039144568,9527.496085543185
-117.65,34.1,136400.0,177934.63210675027,-41534.63210675027
-121.3,37.98,98300.0,222305.70303867152,-124005.70303867152
-118.91,34.18,176000.0,215437.20749449916,-39437.20749449916
-120.46,36.87,63000.0,71307.71644807048,-8307.716448070481
-118.58,34.24,236900.0,203024.16368946806,33875.836310531944
-120.89,37.21,97200.0,184109.08860769356,-86909.08860769356
-122.43,37.78,220000.0,169436.5144494013,50563.48555059871
-117.72,33.62,105800.0,172304.39481311152,-66504.39481311152
-122.3,37.57,270900.0,284397.04948413,-13497.049484129995
-117.34,34.08,99400.0,133776.63002132578,-34376.63002132578
-118.2,34.11,166300.0,149406.94210580876,16893.05789419124
-117.04,32.77,143800.0,178000.74975602608,-34200.74975602608
-123.02,38.81,140600.0,191067.47018019343,-50467.47018019343
-122.71,38.5,330900.0,301042.3089544759,29857.691045524087
-118.34,34.02,156900.0,226126.63689649617,-69226.63689649617
-117.26,33.09,500001.0,349763.77260083193,150237.22739916807
-118.04,33.9,162500.0,78051.29615638638,84448.70384361362
-120.1,39.33,124800.0,71254.60204880266,53545.397951197345
-117.34,33.21,216100.0,186424.92880726326,29675.071192736737
-117.15,32.75,171400.0,227728.9114455739,-56328.9114455739
-118.11,34.16,325600.0,289085.5268178163,36514.47318218369
-121.46,38.58,109800.0,106090.17562243482,3709.824377565179
-122.44,37.65,276200.0,265863.30137243494,10336.698627565056
-117.09,33.13,129900.0,175014.61569338338,-45114.615693383384
-122.42,37.73,292300.0,245788.22562584886,46511.77437415114
-122.6,38.48,341500.0,309192.8218047521,32307.178195247892
-116.06,34.15,66800.0,125129.26012750994,-58329.260127509944
-122.81,38.08,238800.0,217307.71919641318,21492.280803586822
-120.54,38.41,77400.0,68157.32635359373,9242.67364640627
-114.58,33.61,82400.0,31656.855947153643,50743.14405284636
-122.33,37.58,359900.0,299863.85704375803,60036.142956241965
-118.44,34.02,465700.0,352571.2156648841,113128.78433511592
-122.69,38.37,214000.0,227189.92903846223,-13189.929038462229
-117.36,34.11,107100.0,150005.80259106262,-42905.80259106262
-122.31,37.99,157800.0,228258.25009838026,-70458.25009838026
-118.25,33.91,119300.0,192771.0994589706,-73471.0994589706
-118.49,34.25,232900.0,241325.30369754788,-8425.303697547875
-122.22,38.12,179500.0,246505.0392900929,-67005.03929009289
-115.49,32.67,70100.0,35254.69701020513,34845.30298979487
-116.95,33.86,55000.0,37300.39973988384,17699.60026011616
-121.43,38.64,65900.0,74443.9348189896,-8543.934818989597
-124.09,40.95,99600.0,111637.83998288959,-12037.839982889593
-117.85,33.62,500001.0,460367.6678418545,39633.332158145495
-117.67,33.64,164100.0,238102.52670588344,-74002.52670588344
-116.99,33.75,77000.0,200256.81036001816,-123256.81036001816
-121.18,39.26,140300.0,87761.04813069943,52538.95186930057
-116.6,33.06,172900.0,145928.056977686,26971.943022313993
-118.38,34.05,500001.0,236971.19339784933,263029.80660215067
-117.33,33.03,314300.0,191253.98155951314,123046.01844048686
-118.43,34.02,500001.0,278665.4788873242,221335.52111267578
-122.08,37.34,500001.0,574004.7736688415,-74003.77366884146
-118.29,34.04,143000.0,151867.65550977923,-8867.65550977923
-117.6,33.42,280600.0,245609.02123129508,34990.978768704925
-118.38,34.07,375000.0,282111.8272362845,92888.1727637155
-118.29,34.08,137500.0,142553.3761189878,-5053.376118987799
-117.77,33.71,337100.0,316170.3666116819,20929.63338831812
-116.39,33.72,128000.0,198253.16245505633,-70253.16245505633
-122.71,38.45,185400.0,210853.06553425407,-25453.06553425407
-121.69,39.36,63000.0,51434.53001592215,11565.469984077848
-122.22,37.79,109500.0,222623.22499815095,-113123.22499815095
-118.28,34.06,400000.0,115491.13973412616,284508.86026587384
-121.33,38.01,151900.0,265078.68844951503,-113178.68844951503
-120.32,37.29,56300.0,38338.607108777855,17961.392891222145
-120.92,40.02,102500.0,29808.7182586235,72691.2817413765
-118.14,34.14,225000.0,388670.5583742345,-163670.55837423448
-122.15,37.47,145500.0,181702.64833159372,-36202.64833159372
-117.96,33.65,363100.0,254722.21162595227,108377.78837404773
-122.41,37.74,249000.0,183686.68899762817,65313.31100237183
-122.26,37.88,415300.0,337541.79305254715,77758.20694745285
-117.19,32.86,267400.0,250094.50084129535,17305.499158704653
-120.47,37.3,75000.0,123026.3837031764,-48026.3837031764
-122.42,37.75,250000.0,212367.29025135422,37632.70974864578
-117.06,32.77,161800.0,160998.72395142866,801.276048571337
-121.44,38.5,97500.0,71482.21688531851,26017.783114681486
-122.33,37.93,111500.0,186196.04725890467,-74696.04725890467
-120.59,37.36,87300.0,88934.58045556862,-1634.580455568619
-118.38,34.09,272900.0,270832.281502116,2067.718497883994
-117.27,34.4,124400.0,99611.16175895743,24788.83824104257
-118.35,34.22,228700.0,317997.3330289703,-89297.33302897029
-119.21,34.19,229500.0,258028.47252598824,-28528.47252598824
-118.28,34.04,162500.0,166438.6836120854,-3938.683612085413
-122.18,37.73,80000.0,198317.85947235487,-118317.85947235487
-118.24,33.99,118800.0,137525.9110387452,-18725.911038745195
-117.59,33.93,244200.0,328503.4456544351,-84303.44565443508
-117.98,33.78,187500.0,208578.47307020705,-21078.473070207052
-118.12,33.96,246000.0,242376.08738444187,3623.9126155581325
-118.28,33.97,102600.0,121231.57361026807,-18631.573610268068
-120.83,37.77,116700.0,71801.66271712957,44898.33728287043
-122.27,37.8,137500.0,82084.13858819287,55415.86141180713
-117.15,34.22,171900.0,273298.841296114,-101398.84129611403
-121.29,37.87,103100.0,129092.1335050161,-25992.1335050161
-122.47,37.69,239100.0,227905.1527901208,11194.847209879197
-117.97,33.93,194000.0,242108.01229806663,-48108.012298066635
-119.3,34.42,219900.0,226019.69177166885,-6119.691771668848
-118.6,34.08,380000.0,365461.928510237,14538.07148976298
-117.97,34.05,155700.0,152562.02993653342,3137.9700634665787
-121.85,39.77,89900.0,81967.3180423202,7932.681957679801
-119.86,36.82,89300.0,177510.54756340105,-88210.54756340105
-121.84,39.73,55000.0,59823.63273259485,-4823.632732594851
-118.99,35.35,49800.0,83668.59196712868,-33868.59196712868
-118.19,34.12,146400.0,148142.54019393446,-1742.5401939344592
-121.99,37.27,278000.0,303094.84587687906,-25094.84587687906
-117.63,33.65,288700.0,319890.6110677975,-31190.611067797523
-118.2,33.77,129200.0,194221.55057863193,-65021.550578631926
-118.5,34.27,221600.0,259860.8197858031,-38260.81978580309
-119.21,37.25,85600.0,192926.19271845417,-107326.19271845417
-118.22,33.95,160400.0,155768.718508231,4631.281491769012
-121.71,39.42,57600.0,55358.2053502053,2241.7946497946978
-122.5,37.78,348500.0,258938.9927163096,89561.00728369039
-117.92,34.08,199400.0,273362.2620436051,-73962.2620436051
-118.27,33.99,97100.0,129741.206925862,-32641.206925862003
-119.78,36.77,58100.0,120619.33133565867,-62519.33133565867
-122.43,37.64,301000.0,313593.5147835319,-12593.514783531893
-121.11,37.43,74200.0,147186.57587540383,-72986.57587540383
-117.65,33.42,249400.0,211122.74164751125,38277.258352488745
-117.83,33.99,267000.0,250914.41319169197,16085.586808308028
-117.33,34.17,119900.0,144495.35996071575,-24595.359960715752
-116.9,34.52,77700.0,51689.27497430844,26010.725025691558
-124.14,41.06,143400.0,141084.0412435769,2315.9587564230897
-121.58,39.12,61200.0,51420.17889337521,9779.82110662479
-119.13,34.19,206800.0,155326.7941906657,51473.20580933429
-117.07,33.03,328200.0,308092.4835505551,20107.516449444927
-118.46,33.99,360600.0,266836.0547326831,93763.94526731689
-122.36,37.96,107800.0,138765.31280094013,-30965.312800940126
-119.32,36.62,51500.0,26379.464179370552,25120.535820629448
-117.04,32.54,67500.0,84002.5013519954,-16502.501351995394
-117.08,32.77,184100.0,205673.87930849148,-21573.87930849148
-118.19,33.77,200000.0,201331.07136464305,-1331.0713646430522
-117.32,33.12,354000.0,184134.52057862002,169865.47942137998
-118.45,34.04,393800.0,233222.05176610127,160577.94823389873
-117.04,32.58,132100.0,198245.6976305726,-66145.6976305726
-117.95,33.71,306500.0,286235.40704888664,20264.592951113358
-118.19,34.04,134900.0,141558.19490065845,-6658.194900658447
-118.51,34.29,319300.0,313442.2052509608,5857.794749039225
-118.44,33.99,303900.0,262828.00486408593,41071.99513591407
-117.91,33.84,350000.0,117287.32766621793,232712.67233378207
-118.34,34.19,231200.0,250227.87863780605,-19027.878637806047
-122.34,37.98,131300.0,224280.840748264,-92980.84074826399
-117.01,32.7,120800.0,184869.22132681403,-64069.22132681403
-117.16,34.26,135200.0,185081.29337092442,-49881.293370924424
-118.16,35.05,68900.0,136366.2280353899,-67466.22803538991
-120.05,34.47,425000.0,255386.69177598367,169613.30822401633
-119.3,34.29,160500.0,172990.1995088472,-12490.199508847203
-122.21,37.8,151000.0,207195.9212879599,-56195.92128795991
-117.8,33.77,349500.0,390004.54600063106,-40504.54600063106
-119.76,36.77,60200.0,117252.80387369078,-57052.80387369078
-119.25,34.3,396400.0,295911.476709099,100488.52329090098
-118.61,34.17,278500.0,244508.49635008816,33991.50364991184
-116.36,33.78,239300.0,363039.5212117834,-123739.5212117834
-118.58,34.19,224900.0,230307.88304726128,-5407.883047261275
-118.25,33.94,91300.0,119592.26376508735,-28292.26376508735
-116.97,32.8,111400.0,179284.82090132032,-67884.82090132032
-122.27,37.85,150800.0,174220.7662466024,-23420.766246602405
-119.73,36.74,64700.0,30237.115326602012,34462.88467339799
-122.03,37.92,358800.0,303851.46194632957,54948.53805367043
-118.29,33.88,232800.0,234787.2630873532,-1987.2630873532034
-118.42,37.36,54400.0,-15375.95841190964,69775.95841190964
-117.3,34.46,98200.0,88328.16290867561,9871.837091324385
-117.92,33.73,225800.0,220970.4834859469,4829.516514053103
-117.79,34.07,116100.0,180492.22661300935,-64392.22661300935
-122.04,36.96,196400.0,198346.64708067523,-1946.6470806752332
-122.76,40.4,123200.0,68271.49396411516,54928.50603588484
-118.33,33.97,156400.0,258708.7541411589,-102308.75414115889
-118.08,33.92,166800.0,206593.54756125016,-39793.54756125016
-122.66,38.44,215900.0,213646.17091222247,2253.829087777529
-116.97,32.83,117300.0,204318.59296294535,-87018.59296294535
-118.14,34.04,243200.0,168293.32945620175,74906.67054379825
-119.06,36.09,72900.0,124689.41538863117,-51789.41538863117
-122.28,37.87,191700.0,243238.17222867068,-51538.17222867068
-122.29,37.82,60000.0,138803.2545361896,-78803.2545361896
-117.94,34.08,195400.0,218413.8111511469,-23013.81115114689
-118.3,34.0,111600.0,203217.5444514118,-91617.54445141181
-118.29,33.73,268500.0,230098.53599438816,38401.46400561184
-122.44,37.72,260000.0,253428.72569415206,6571.274305847939
-116.95,33.74,89400.0,109461.76504457882,-20061.765044578817
-117.35,33.96,235200.0,341774.7353812754,-106574.73538127542
-118.42,34.16,386100.0,220474.42361765448,165625.57638234552
-118.27,34.02,187500.0,116945.64054424781,70554.35945575219
-117.8,33.66,223400.0,216718.55697376654,6681.4430262334645
-118.07,33.89,120300.0,156040.3500377764,-35740.3500377764
-121.37,38.57,135800.0,129745.39367950847,6054.606320491526
-118.14,33.77,307400.0,253535.8077019751,53864.19229802489
-120.37,34.9,326800.0,285139.4847648856,41660.51523511438
-117.34,34.13,70300.0,37402.43533718074,32897.56466281926
-120.23,37.96,68200.0,87085.90157711506,-18885.90157711506
-119.56,37.29,114600.0,94274.22630544612,20325.773694553878
-122.02,37.55,177200.0,252410.78082700772,-75210.78082700772
-121.43,38.53,81900.0,137709.5054447744,-55809.505444774404
-121.29,37.99,90600.0,172220.03524361178,-81620.03524361178
-121.28,37.94,56800.0,83828.83620886458,-27028.83620886458
-122.49,37.75,323800.0,300016.32541888766,23783.67458111234
-117.13,33.89,244400.0,134359.33169331076,110040.66830668924
-118.42,34.28,144300.0,130423.0049513313,13876.995048668701
-118.02,34.08,164200.0,110628.03201258276,53571.96798741724
-118.03,33.79,237600.0,277320.8407433168,-39720.8407433168
-122.08,37.95,243000.0,259728.29032897623,-16728.290328976233
-119.19,35.64,83300.0,121126.41697079269,-37826.41697079269
-116.5,33.82,87500.0,63619.991167828906,23880.008832171094
-121.43,38.56,131700.0,149292.3195160022,-17592.3195160022
-121.55,39.1,47000.0,38860.4767390904,8139.523260909598
-122.02,36.97,195300.0,196152.3098319876,-852.3098319876008
-122.68,38.36,184100.0,214289.58811286,-30189.588112859987
-122.45,41.28,128800.0,58387.309533206746,70412.69046679325
-120.69,39.12,118200.0,33237.080452643335,84962.91954735667
-117.9,34.15,212800.0,166270.02268674923,46529.97731325077
-120.71,38.73,141300.0,73950.98060996085,67349.01939003915
-118.31,34.08,227100.0,159313.62590637105,67786.37409362895
-122.23,37.78,80800.0,202680.04077007808,-121880.04077007808
-116.89,33.73,201300.0,204718.60462294333,-3418.604622943327
-117.22,32.8,183300.0,201340.51009029057,-18040.51009029057
-118.18,33.9,155000.0,160315.5659414064,-5315.565941406414
-118.23,34.07,143800.0,192431.23774882918,-48631.23774882918
-122.01,37.4,137500.0,289162.5678392709,-151662.56783927092
-117.87,33.81,280100.0,194681.4702360439,85418.52976395609
-120.68,35.14,245900.0,267599.4534757179,-21699.45347571792
-118.36,34.05,243600.0,221616.33771092864,21983.662289071362
-117.53,34.1,103000.0,151425.1776806051,-48425.17768060509
-117.34,34.1,103800.0,132494.02119364263,-28694.021193642635
-121.96,37.53,235900.0,190883.80140078347,45016.19859921653
-123.17,39.15,161900.0,232297.75220661378,-70397.75220661378
-118.39,34.15,394400.0,257246.95682238834,137153.04317761166
-123.84,39.83,145800.0,113254.83355641179,32545.166443588212
-121.97,37.96,184800.0,240234.61750844447,-55434.61750844447
-118.31,33.88,242300.0,237749.24491993897,4550.755080061033
-118.42,34.18,335500.0,223382.83443825087,112117.16556174913
-117.17,34.25,165500.0,162875.2869040654,2624.713095934596
-117.35,33.95,204800.0,326522.14862178266,-121722.14862178266
-121.87,39.82,159700.0,119718.89698740281,39981.10301259719
-117.39,33.98,169100.0,172371.38684676494,-3271.3868467649445
-122.53,37.86,478600.0,233756.51011142414,244843.48988857586
-117.21,33.12,258900.0,238299.20462195575,20600.795378044248
-118.37,33.86,324000.0,253140.71258038236,70859.28741961764
-124.15,41.81,103100.0,-10634.756533190142,113734.75653319014
-121.0,37.66,138100.0,176609.22380448272,-38509.223804482725
-118.27,33.94,91600.0,122734.29421892203,-31134.294218922034
-116.97,32.76,228900.0,308170.78265345516,-79270.78265345516
-116.96,32.79,138800.0,171345.0081856763,-32545.0081856763
-118.05,34.1,252200.0,222792.89708544035,29407.102914559655
-122.4,37.6,420300.0,359185.789354248,61114.21064575203
-118.44,34.19,243600.0,272067.7996519627,-28467.799651962705
-121.95,38.34,142100.0,170593.1681200047,-28493.168120004702
-119.01,35.38,67500.0,95870.51842074003,-28370.51842074003
-122.23,38.1,92800.0,183655.43984960625,-90855.43984960625
-117.9,33.7,190800.0,273760.9658007859,-82960.96580078593
-118.14,33.93,223900.0,216893.5222178693,7006.477782130707
-117.97,34.09,143400.0,174254.91011644993,-30854.91011644993
-121.06,39.23,132700.0,48090.56686382927,84609.43313617073
-118.23,33.95,99000.0,100241.6975931311,-1241.6975931311026
-117.25,34.11,67700.0,76760.9893510146,-9060.989351014607
-117.94,33.81,227400.0,288743.57912225556,-61343.579122255556
-118.13,33.82,228600.0,253441.1212355625,-24841.12123556249
-117.9,34.53,135800.0,144891.0954206842,-9091.0954206842
-122.12,37.42,362100.0,315323.60882618744,46776.39117381256
-122.42,37.74,281300.0,271612.8112589377,9687.188741062302
-118.46,33.77,500001.0,497260.21687285695,2740.7831271430477
-118.28,33.93,90600.0,166684.1389472033,-76084.13894720329
-120.68,37.47,66300.0,110153.12730360124,-43853.12730360124
-117.61,34.04,150200.0,149796.78011494456,403.2198850554414
-118.1,34.07,170300.0,146885.47339646379,23414.526603536215
-120.02,39.24,99300.0,-8041.82902145572,107341.82902145572
-118.39,34.02,322900.0,277477.2604491785,45422.73955082148
-120.1,39.19,213200.0,69867.88871054212,143332.11128945788
-118.2,34.14,217000.0,237914.7112850938,-20914.7112850938
-117.38,33.89,267900.0,199001.17396526458,68898.82603473542
-122.41,37.75,206300.0,153344.26459308155,52955.73540691845
-118.05,34.16,376800.0,253700.0777826351,123099.92221736489
-121.49,38.56,87500.0,77575.19198299851,9924.808017001487
-122.82,38.44,304700.0,247633.18148730276,57066.81851269724
-122.18,37.45,460200.0,293189.0373605867,167010.9626394133
-121.81,38.01,128500.0,164011.14184887102,-35511.14184887102
-122.08,37.4,284600.0,310907.769992501,-26307.76999250101
-118.29,34.03,119600.0,134327.20552142104,-14727.205521421041
-118.27,33.84,208600.0,226183.0251624151,-17583.025162415113
-122.42,37.79,117500.0,200744.39533725986,-83244.39533725986
-119.28,36.32,66900.0,94848.0519190235,-27948.051919023506
-118.2,33.82,204800.0,179375.8960348321,25424.103965167888
-119.73,36.8,74600.0,129743.87835655129,-55143.878356551286
-117.1,32.67,109100.0,140983.4448074703,-31883.44480747031
-118.21,34.05,114300.0,170793.47850991087,-56493.47850991087
-118.39,34.04,308300.0,249315.89519829443,58984.10480170557
-118.91,35.4,113000.0,146594.51107847271,-33594.511078472715
-117.66,35.6,91700.0,61060.32465243293,30639.67534756707
-122.92,38.97,134200.0,161228.36332679167,-27028.363326791674
-118.51,33.98,425000.0,231210.84074615594,193789.15925384406
-120.02,36.95,53900.0,58897.413973618764,-4997.413973618764
-122.05,37.89,310600.0,237321.40678714914,73278.59321285086
-118.25,34.09,241700.0,230487.9798678225,11212.02013217751
-122.02,37.4,226800.0,249715.2879488361,-22915.287948836107
-119.78,36.27,100800.0,202827.67077440023,-102027.67077440023
-122.4,37.71,238000.0,206739.9952350608,31260.004764939193
-117.33,33.16,245500.0,216299.2153567276,29200.784643272404
-117.95,34.05,156500.0,213847.84883341938,-57347.84883341938
-120.32,38.71,115600.0,86717.07713084063,28882.922869159374
-119.7,36.8,66400.0,102610.39302195422,-36210.39302195422
-119.79,36.78,58800.0,107368.33568495931,-48568.33568495931
-117.4,33.85,223600.0,208154.4280502065,15445.571949793492
-119.15,34.2,169300.0,108443.12013581861,60856.87986418139
-117.91,34.14,166700.0,140208.80067655863,26491.199323441368
-117.82,33.73,225000.0,237381.6908078594,-12381.690807859413
-117.25,34.12,72600.0,75623.72665344365,-3023.7266534436494
-116.96,32.86,160300.0,200667.9009157666,-40367.9009157666
-117.09,32.64,147500.0,184969.3374162335,-37469.337416233495
-117.33,33.22,91200.0,190865.27556088613,-99665.27556088613
-122.02,37.95,208300.0,151329.36495756404,56970.635042435955
-122.48,37.78,335300.0,252692.58448803425,82607.41551196575
-121.59,39.78,58000.0,37471.85461954819,20528.14538045181
-118.14,34.18,226500.0,210967.9144615638,15532.085538436193
-117.22,32.74,345200.0,387274.90768859116,-42074.90768859116
-119.35,36.22,106800.0,140896.36344004422,-34096.363440044224
-118.08,34.15,500001.0,60287.517778177746,439713.48222182225
-122.41,37.79,275000.0,408122.1256202115,-133122.12562021147
-122.91,39.03,95800.0,113589.6717957207,-17789.6717957207
-118.27,34.02,97200.0,130473.9976731576,-33273.9976731576
-116.96,32.71,155000.0,164685.82931772806,-9685.829317728058
-122.49,38.0,400000.0,374588.513592219,25411.48640778102
-118.36,34.1,500001.0,230741.53310924023,269259.46689075977
-122.47,37.67,304300.0,264674.6023810641,39625.39761893591
-117.82,33.77,359200.0,328104.39896201994,31095.601037980057
-117.04,32.77,144700.0,251407.2474749689,-106707.2474749689
-122.31,37.54,352800.0,235730.05483540427,117069.94516459573
-122.14,37.84,355600.0,285474.88628247054,70125.11371752946
-121.32,38.02,99100.0,156475.35946944356,-57375.35946944356
-118.13,34.16,250400.0,236674.79405175569,13725.205948244315
-117.34,34.12,105600.0,140518.47132074693,-34918.47132074693
-122.08,37.36,500001.0,405182.4680355834,94818.53196441662
-118.2,34.12,162000.0,183288.02067509526,-21288.020675095264
-117.86,33.88,272200.0,281486.12871204177,-9286.12871204177
-118.34,33.89,245900.0,315274.1582693341,-69374.15826933412
-118.27,34.07,183300.0,159573.88502583792,23726.114974162076
-117.09,33.03,220700.0,286196.07725202385,-65496.07725202385
-122.32,37.97,161000.0,233815.5364116123,-72815.5364116123
-117.68,33.6,303900.0,306500.46651106654,-2600.4665110665374
-116.95,32.76,266200.0,241695.3548433315,24504.6451566685
-117.13,32.69,90100.0,113786.44517658418,-23686.44517658418
-115.57,32.78,87500.0,152224.94372180058,-64724.94372180058
-121.63,38.03,209400.0,188230.49313805345,21169.506861946546
-121.25,38.8,188700.0,183974.0313633792,4725.96863662079
-118.27,33.97,101400.0,140172.40177448886,-38772.401774488855
-121.83,37.21,387500.0,356474.16152943484,31025.838470565155
-119.27,34.26,359100.0,281571.5450478997,77528.45495210029
-118.46,34.03,327300.0,215631.46740443306,111668.53259556694
-119.71,34.43,279200.0,249470.07829360338,29729.92170639662
-122.2,37.48,233600.0,291727.17882744316,-58127.17882744316
-122.2,37.78,163500.0,272802.33408120135,-109302.33408120135
-117.12,32.78,124200.0,259168.96849766234,-134968.96849766234
-118.48,34.0,450000.0,289253.31405758066,160746.68594241934
-117.42,34.11,111900.0,159130.17106572213,-47230.17106572213
-116.83,34.25,90800.0,207993.81890281988,-117193.81890281988
-120.45,34.94,120600.0,247318.016815322,-126718.01681532199
-118.38,34.14,483800.0,329422.0141512137,154377.9858487863
-117.93,33.61,366700.0,234572.10516847856,132127.89483152144
-122.39,37.74,201000.0,204621.45085904095,-3621.450859040953
-122.47,37.74,333600.0,274112.7229744238,59487.277025576215
-117.22,32.81,362500.0,210268.32330059586,152231.67669940414
-117.89,33.75,170100.0,146548.02632825915,23551.973671740852
-122.41,37.66,246700.0,265216.1167298467,-18516.11672984669
-117.03,32.77,161200.0,196086.28014599765,-34886.28014599765
-121.87,39.74,147000.0,99818.95167356357,47181.04832643643
-121.23,37.79,117900.0,177579.86899811449,-59679.868998114485
-121.32,38.89,111300.0,91816.05809868826,19483.941901311744
-122.43,37.71,266500.0,255332.44040974928,11167.55959025072
-118.12,34.69,113500.0,167054.41581398016,-53554.41581398016
-122.49,37.78,329100.0,245418.69571216917,83681.30428783083
-122.44,37.8,500001.0,300095.2174227922,199905.78257720778
-118.08,33.86,236500.0,183292.8197667487,53207.1802332513
-117.28,34.17,122200.0,148220.63325805403,-26020.633258054033
-120.9,39.93,81900.0,36249.17503334675,45650.82496665325
-122.34,37.59,386400.0,326486.2848634259,59913.715136574116
-121.83,37.38,184800.0,198338.0496896999,-13538.049689699896
-120.42,34.96,160700.0,279188.67641832633,-118488.67641832633
-121.48,38.53,101600.0,115559.53946969658,-13959.539469696581
-118.41,34.15,424000.0,330703.2953184978,93296.70468150219
-121.95,37.28,262500.0,266343.7639576518,-3843.7639576517977
-118.07,34.16,369400.0,231229.09311208874,138170.90688791126
-118.18,34.05,115100.0,193020.9228451983,-77920.9228451983
-118.3,34.07,281700.0,210357.84524153918,71342.15475846082
-117.02,32.59,98100.0,168199.06659091497,-70099.06659091497
-122.72,38.43,131100.0,168114.07266053138,-37014.07266053138
-122.49,38.22,251800.0,209099.19779815944,42700.80220184056
-119.16,34.28,232700.0,271710.67687441316,-39010.676874413155
-121.3,38.73,139200.0,133434.70035351207,5765.299646487925
-123.5,39.67,71500.0,129655.26640638523,-58155.26640638523
-118.58,34.18,340500.0,288495.72230068827,52004.27769931173
-122.53,37.97,270800.0,229185.39811631013,41614.60188368987
-117.88,34.13,155600.0,163272.9199600285,-7672.919960028492
-119.32,36.3,89200.0,101615.32553281263,-12415.325532812625
-118.27,33.86,167000.0,224565.90612324374,-57565.90612324374
-117.34,34.51,103100.0,138138.34570845217,-35038.345708452165
-119.19,34.19,180500.0,186872.50441578496,-6372.5044157849625
-118.85,35.2,51200.0,82172.35283032991,-30972.35283032991
-118.45,34.25,204600.0,239100.66388959344,-34500.663889593445
-122.07,37.88,387200.0,192647.5823355154,194552.4176644846
-122.24,38.07,162500.0,168715.52142898412,-6215.521428984124
-122.02,38.26,120400.0,161543.3581044483,-41143.3581044483
-121.34,38.64,139700.0,141454.74037666153,-1754.7403766615316
-121.27,38.13,98200.0,124709.40953769581,-26509.409537695814
-121.98,37.27,269400.0,285170.01522504166,-15770.015225041658
-121.98,37.28,269100.0,224365.49935016036,44734.50064983964
-118.58,34.17,500001.0,300519.6556672426,199481.3443327574
-123.22,40.54,49600.0,74890.18094873894,-25290.18094873894
-121.54,39.08,58000.0,76034.51839323342,-18034.51839323342
-121.25,37.94,65900.0,87145.80272479542,-21245.802724795416
-117.6,34.03,175400.0,225838.30904394202,-50438.30904394202
-122.26,37.88,391800.0,352473.64963222295,39326.35036777705
-118.02,34.15,280800.0,223505.21058706054,57294.789412939455
-120.96,37.64,90700.0,157017.91877761763,-66317.91877761763
-122.33,37.56,500001.0,509263.5512909051,-9262.551290905103
-122.19,37.77,92300.0,149937.71006724564,-57637.71006724564
-118.48,34.28,227100.0,272069.2746465029,-44969.27464650292
-117.13,32.76,162500.0,186627.030022413,-24127.030022413004
-121.96,37.31,290900.0,298020.7539437418,-7120.753943741787
-118.05,34.07,183100.0,154954.92452783603,28145.075472163968
-119.19,34.3,283200.0,331056.75716466596,-47856.75716466596
-117.04,32.83,177400.0,279904.65988642955,-102504.65988642955
-117.08,33.01,238700.0,273915.6145322849,-35215.614532284904
-122.49,37.74,321300.0,251182.24526724638,70117.75473275362
-122.86,38.1,261500.0,296277.83848580904,-34777.83848580904
-118.3,33.94,99300.0,161573.60386225814,-62273.60386225814
-118.0,34.03,226100.0,229464.6144101061,-3364.6144101060927
-119.1,36.4,51700.0,42925.23394573154,8774.76605426846
-117.07,32.63,156900.0,213685.1273919996,-56785.12739199959
-117.08,33.14,160900.0,191512.7693193932,-30612.769319393206
-118.39,34.17,222400.0,229101.46945368405,-6701.469453684054
-117.9,33.71,305200.0,287860.4022817081,17339.597718291916
-118.2,33.92,138800.0,180596.04530281154,-41796.045302811544
-121.99,37.39,230700.0,269699.77188037615,-38999.77188037615
-121.48,38.56,94300.0,130420.804158899,-36120.804158899
-122.35,37.96,97200.0,150422.31639582152,-53222.316395821515
-117.27,32.99,382100.0,288348.70089452853,93751.29910547147
-122.0,37.98,193200.0,258730.3480874705,-65530.34808747051
-122.47,38.3,209500.0,206792.12608791748,2707.8739120825194
-121.82,37.32,231400.0,149280.61574392952,82119.38425607048
-122.17,37.76,89300.0,170184.23047883343,-80884.23047883343
-118.0,33.83,196100.0,214923.04263408063,-18823.04263408063
-117.58,33.87,113500.0,113903.92070759786,-403.92070759786293
-121.86,37.29,178400.0,270838.1811979003,-92438.18119790033
-122.47,37.76,406500.0,263887.0195004293,142612.98049957072
-119.82,34.44,228200.0,219951.6006404478,8248.39935955219
-118.32,33.85,234800.0,247461.17292748624,-12661.172927486245
-117.96,33.8,231300.0,203517.85536350077,27782.14463649923
-118.38,33.75,500001.0,388865.4035592233,111135.59644077672
-117.18,32.83,184100.0,207172.4684939147,-23072.468493914697
-118.02,33.91,213700.0,263052.6814753134,-49352.68147531338
-122.03,37.27,500001.0,405164.11828415794,94836.88171584206
-118.25,34.08,169200.0,190230.30283041252,-21030.30283041252
-117.85,33.83,232400.0,266888.2309953668,-34488.230995366815
-118.43,33.98,351700.0,431819.8761613518,-80119.8761613518
-118.1,34.1,234600.0,202115.86399621097,32484.136003789026
-122.4,37.78,112500.0,178626.32721877284,-66126.32721877284
-120.96,37.66,145200.0,154241.96414151788,-9041.964141517878
-120.85,37.78,87200.0,103573.55974243023,-16373.559742430225
-119.78,36.82,53500.0,132451.5316422442,-78951.5316422442
-119.82,36.74,43800.0,108681.1793061858,-64881.179306185804
-122.73,41.76,94200.0,17159.07958616549,77040.92041383451
-118.19,33.78,218800.0,134727.5424653031,84072.4575346969
-121.98,38.39,191900.0,197171.7838268648,-5271.78382686479
-119.79,36.81,132200.0,188580.8794713472,-56380.8794713472
-118.97,35.38,46800.0,83331.06240212731,-36531.06240212731
-118.19,33.85,149700.0,241812.4777408992,-92112.4777408992
-122.05,38.26,126300.0,169437.3892952446,-43137.38929524459
-118.34,33.87,255900.0,260613.4197330405,-4713.4197330405
-118.25,33.94,94500.0,126079.88635432068,-31579.886354320683
-117.69,33.8,237100.0,241072.10310559906,-3972.1031055990607
-122.42,37.8,500001.0,370758.23319995636,129242.76680004364
-117.15,32.71,87500.0,146846.15786007978,-59346.15786007978
-121.87,39.75,126600.0,107047.97104249662,19552.028957503382
-118.04,33.8,245100.0,264014.2947690422,-18914.29476904217
-122.15,37.72,157400.0,230683.43691170588,-73283.43691170588
-124.1,40.95,78400.0,82143.24929608637,-3743.2492960863747
-118.3,33.89,218100.0,225205.30360271968,-7105.3036027196795
-122.25,37.81,350000.0,252434.07598672062,97565.92401327938
-121.92,37.32,198400.0,184696.4829625073,13703.517037492711
-117.97,34.1,143900.0,141109.57133420743,2790.4286657925695
-118.38,33.87,337900.0,304725.6678961478,33174.33210385218
-116.96,33.75,76300.0,126059.1329940958,-49759.132994095795
-117.05,32.63,160100.0,242624.28415383166,-82524.28415383166
-118.19,33.79,130600.0,135791.0656175334,-5191.065617533401
-116.97,32.79,112500.0,146291.6519543631,-33791.6519543631
-118.53,34.27,329200.0,273261.73130454216,55938.26869545784
-121.91,36.98,233300.0,192373.80364957917,40926.196350420825
-117.1,32.75,99200.0,148884.75941409077,-49684.759414090775
-117.9,33.78,197900.0,235624.96904239152,-37724.969042391516
-121.88,37.43,204100.0,278220.82820625417,-74120.82820625417
-122.05,37.39,350000.0,252506.42992653418,97493.57007346582
-119.23,35.79,62100.0,95824.81716649886,-33724.81716649886
-122.38,37.73,140400.0,132590.73867674777,7809.261323252227
-117.96,33.68,152100.0,240052.27442791313,-87952.27442791313
-120.66,39.72,130500.0,35551.83321667323,94948.16678332677
-117.07,32.8,195100.0,260019.89993607625,-64919.899936076254
-119.2,34.26,199500.0,250689.85287310276,-51189.85287310276
-117.15,32.71,137500.0,148073.86748775793,-10573.867487757932
-117.83,33.67,275000.0,212852.74265186116,62147.25734813884
-122.96,38.42,122900.0,231896.64801236428,-108996.64801236428
-117.69,35.63,109000.0,157379.35887305485,-48379.35887305485
-117.43,34.08,121700.0,135266.31131410133,-13566.311314101331
-117.69,33.65,302000.0,318814.0720185004,-16814.072018500417
-118.17,33.77,241700.0,203501.19027969288,38198.80972030712
-116.98,32.86,153200.0,220974.63091663644,-67774.63091663644
-119.8,36.8,169300.0,278556.57063892484,-109256.57063892484
-118.84,34.15,358500.0,392124.5391979893,-33624.539197989274
-121.48,38.55,175000.0,203786.12727121962,-28786.127271219622
-117.07,33.72,112500.0,142421.1985950279,-29921.198595027905
-122.26,37.54,376000.0,359641.84738544095,16358.152614559047
-120.35,38.04,118800.0,71675.7969463095,47124.20305369049
-118.0,33.95,401000.0,331849.43592735427,69150.56407264573
-121.46,38.49,107900.0,99943.08245696966,7956.917543030344
-118.41,33.93,339700.0,254014.06440845178,85685.93559154822
-118.08,33.93,158000.0,201520.4425864718,-43520.44258647179
-118.34,34.11,468800.0,283807.29355290486,184992.70644709514
-121.45,38.62,63100.0,73807.03412240138,-10707.034122401383
-118.43,34.22,184600.0,209710.56776907388,-25110.56776907388
-121.67,36.66,189700.0,301341.88463386986,-111641.88463386986
-117.7,33.59,190900.0,269671.2220737147,-78771.22207371471
-117.09,32.63,67500.0,183985.19731675368,-116485.19731675368
-122.28,37.82,85300.0,134077.49350953614,-48777.49350953614
-118.01,34.08,173600.0,208935.7542698402,-35335.754269840196
-117.09,32.62,129700.0,160788.19475267734,-31088.194752677344
-117.07,32.8,181000.0,270444.31170988316,-89444.31170988316
-121.94,36.57,500001.0,697690.7285845629,-197689.7285845629
-118.08,33.79,376200.0,367951.6350578931,8248.364942106884
-117.11,32.84,243000.0,271288.7431629626,-28288.743162962608
-117.08,33.82,148200.0,145902.89695952274,2297.103040477261
-119.03,34.24,238100.0,293213.93955524545,-55113.93955524545
-122.45,37.76,450000.0,301826.181608954,148173.81839104602
-121.98,37.35,240000.0,265559.72942627734,-25559.729426277336
-122.25,37.87,500001.0,117031.81013650028,382969.1898634997
-121.88,37.29,274100.0,266993.87409652444,7106.125903475564
-120.41,34.96,190100.0,270156.902797543,-80056.90279754298
-122.44,37.67,268400.0,269295.3623354491,-895.3623354490846
-118.31,34.16,349300.0,223394.21000608662,125905.78999391338
-122.5,37.74,275700.0,252233.74396056356,23466.25603943644
-117.59,33.65,182800.0,197364.37855769834,-14564.378557698335
-117.79,33.75,500001.0,581090.2237408808,-81089.22374088084
-118.13,33.84,213200.0,230451.64685478806,-17251.646854788065
-121.82,37.28,179500.0,218543.01736273617,-39043.017362736166
-118.21,34.09,138500.0,127112.92098369356,11387.079016306438
-118.15,33.78,181300.0,151182.62552335486,30117.374476645142
-118.47,34.0,340500.0,222663.92650533188,117836.07349466812
-122.07,37.44,225000.0,196885.97971545206,28114.020284547936
-121.63,39.14,68300.0,111556.5840030862,-43256.5840030862
-122.47,37.71,237900.0,265994.9020919227,-28094.902091922704
-118.22,34.09,149700.0,155309.64570805058,-5609.645708050579
-118.31,33.97,125800.0,197606.7971882145,-71806.79718821449
-119.8,36.77,87600.0,199123.02791642537,-111523.02791642537
-118.2,34.04,125000.0,133680.01416503545,-8680.014165035449
-121.49,38.58,168800.0,106754.81846907409,62045.18153092591
-117.07,32.69,135000.0,194089.36026089778,-59089.36026089778
-118.24,33.93,86300.0,128766.92864991026,-42466.92864991026
-121.42,38.62,64900.0,104347.10110780364,-39447.10110780364
-121.2,37.78,106300.0,127805.9704046147,-21505.970404614694
-118.02,33.7,285700.0,293931.95109829213,-8231.951098292135
-122.53,37.66,272400.0,295364.75865754625,-22964.75865754625
-118.72,34.28,217700.0,269087.893502424,-51387.893502424005
-122.17,37.75,91800.0,174577.9348082873,-82777.9348082873
-117.94,34.04,163000.0,195429.7753756512,-32429.775375651196
-117.62,34.02,195100.0,201071.2738643824,-5971.273864382412
-121.52,38.58,32500.0,76153.56470432458,-43653.564704324584
-118.53,34.24,275300.0,142770.81812070683,132529.18187929317
-119.53,36.78,136900.0,165781.25058225403,-28881.250582254026
-119.12,34.25,194100.0,190766.64344077837,3333.356559221633
-117.91,33.91,230200.0,223771.39186464902,6428.60813535098
-121.32,38.66,143600.0,141733.32622165373,1866.673778346274
-119.79,36.74,39600.0,46663.9097987744,-7063.909798774403
-122.29,40.43,59800.0,40211.73048926471,19588.269510735292
-118.02,33.91,210700.0,246387.2682722779,-35687.2682722779
-120.9,37.76,156300.0,87712.53728829743,68587.46271170257
-118.16,33.85,215600.0,234593.45148574328,-18993.45148574328
-118.29,33.91,177500.0,171173.82316760859,6326.176832391415
-122.14,37.72,218900.0,220267.8185034003,-1367.8185034003109
-117.7,34.07,128400.0,170063.6088959882,-41663.6088959882
-117.23,32.8,190600.0,192634.86515768617,-2034.865157686174
-118.48,34.01,398300.0,268605.15477047535,129694.84522952465
-117.27,33.06,367100.0,179888.46320837876,187211.53679162124
-119.87,36.83,122500.0,191095.5590023785,-68595.55900237849
-118.32,33.84,376100.0,164599.20325023262,211500.79674976738
-117.97,34.05,157600.0,143183.50032310374,14416.49967689626
-121.23,38.12,178100.0,159061.1655993103,19038.834400689695
-117.33,34.13,72400.0,65433.71199613344,6966.288003866561
-122.01,37.54,287600.0,271348.3457641783,16251.654235821683
-120.33,39.3,175000.0,36850.47899548989,138149.5210045101
-117.22,32.86,280800.0,476578.8260045508,-195778.8260045508
-117.97,34.09,160500.0,169410.3593152552,-8910.359315255191
-117.08,32.62,158600.0,197044.79284713836,-38444.792847138364
-121.3,38.65,144300.0,168322.70518081915,-24022.705180819146
-118.3,33.96,136300.0,191971.716710784,-55671.71671078401
-118.29,33.89,218200.0,248111.4347131322,-29911.434713132214
-117.76,33.54,466400.0,335267.01712833624,131132.98287166376
-117.76,33.72,386100.0,432155.58598617185,-46055.58598617185
-118.07,34.13,251200.0,210305.78855465306,40894.21144534694
-121.77,36.93,190400.0,176299.43130992167,14100.568690078333
-118.11,33.83,223100.0,246045.14304838143,-22945.143048381433
-118.23,34.22,361000.0,247419.79497144278,113580.20502855722
-120.92,37.65,275000.0,71350.67490546964,203649.32509453036
-121.53,39.06,70800.0,103814.93194177747,-33014.93194177747
-122.55,37.91,460000.0,238617.06409803405,221382.93590196595
-121.0,37.64,67500.0,87214.1567555354,-19714.156755535398
-121.5,38.61,225000.0,99255.17066150438,125744.82933849562
-123.59,38.8,176100.0,238369.45433640247,-62269.45433640247
-117.68,35.62,52400.0,80707.67810589541,-28307.678105895407
-121.82,37.36,167600.0,218566.1378539023,-50966.1378539023
-121.62,39.09,99700.0,130969.45568185719,-31269.455681857187
-117.1,32.68,88900.0,135363.73899562517,-46463.73899562517
-122.4,37.71,223700.0,226683.75472135236,-2983.754721352365
-118.61,34.21,180500.0,209874.88678051066,-29374.886780510657
-118.29,33.95,93200.0,147951.59602943854,-54751.596029438544
-118.12,34.0,173800.0,166169.0073883976,7630.992611602414
-117.92,33.63,490800.0,389118.85036619846,101681.14963380154
-118.26,34.0,104200.0,130073.74069848098,-25873.74069848098
-118.41,33.99,276100.0,221624.43211581092,54475.56788418908
-122.41,37.75,254700.0,248887.38606809173,5812.613931908272
-118.45,34.25,212300.0,270113.260357989,-57813.260357989
-120.27,36.29,87500.0,119300.4140286916,-31800.414028691594
-119.57,36.44,94200.0,146323.08743584063,-52123.08743584063
-121.87,37.38,163500.0,235368.58357884362,-71868.58357884362
-117.8,33.52,500001.0,224511.1055828994,275489.8944171006
-118.13,34.15,125000.0,162586.98510266468,-37586.98510266468
-122.28,37.87,182300.0,197500.66034763167,-15200.660347631667
-118.3,34.01,111700.0,141529.58669714257,-29829.58669714257
-118.15,33.88,146000.0,187930.6558974376,-41930.655897437595
-118.51,34.25,500001.0,404350.45471680583,95650.54528319417
-118.53,34.27,320500.0,286425.73904101085,34074.26095898915
-118.97,35.38,48000.0,87705.5212821518,-39705.52128215181
-122.09,37.63,168800.0,281768.8054463258,-112968.8054463258
-116.19,33.67,67500.0,20453.97675969405,47046.02324030595
-118.04,34.07,173100.0,135392.34294604883,37707.657053951174
-120.65,37.09,150000.0,113244.8133315877,36755.186668412294
-122.48,37.75,329200.0,286302.4239300415,42897.57606995851
-122.74,38.42,141000.0,181148.38679304626,-40148.38679304626
-118.36,34.26,378000.0,332145.2097015362,45854.79029846378
-119.16,36.31,80200.0,56995.74639585102,23204.25360414898
-118.3,33.79,203300.0,205388.9109294354,-2088.9109294353984
-122.09,37.21,394900.0,390127.29690836463,4772.703091635369
-119.87,36.78,84500.0,114350.43454267783,-29850.43454267783
-118.41,34.03,327300.0,261692.11754882103,65607.88245117897
-117.95,33.74,201200.0,215259.54438531538,-14059.544385315385
-122.39,37.76,162500.0,246957.91752664233,-84457.91752664233
-117.67,33.6,266000.0,305812.55714247096,-39812.55714247096
-119.25,34.27,221200.0,252066.8600576329,-30866.860057632904
-118.3,34.26,176500.0,212980.26169678755,-36480.26169678755
-122.27,37.86,206300.0,220371.06284155976,-14071.06284155976
-118.44,33.98,500001.0,693833.1482748208,-193832.14827482076
-117.88,34.14,186700.0,200644.12934910553,-13944.129349105526
-120.45,34.64,112500.0,250800.6079414771,-138300.6079414771
-117.34,34.07,90500.0,124725.85775120743,-34225.857751207426
-117.93,33.79,190800.0,221339.74088378297,-30539.74088378297
-117.55,33.9,198800.0,161997.30906641996,36802.690933580045
-124.05,40.94,165600.0,194868.6145871724,-29268.6145871724
-118.34,33.78,500001.0,405842.2951165424,94158.70488345763
-118.08,33.89,145700.0,192511.9157654778,-46811.91576547781
-121.3,38.89,91300.0,123332.99959652498,-32032.999596524984
-118.34,33.99,140400.0,206627.78182489844,-66227.78182489844
-117.5,34.12,191700.0,200136.54652519943,-8436.546525199432
-115.57,32.84,61100.0,75728.28475422412,-14628.284754224122
-117.08,32.59,153000.0,139848.90981629398,13151.090183706023
-119.65,36.35,85500.0,153433.73916068347,-67933.73916068347
-121.03,39.14,164500.0,107031.6796348528,57468.3203651472
-117.85,34.08,386200.0,355147.3114092513,31052.6885907487
-122.25,37.85,341300.0,322678.81957168365,18621.18042831635
-118.61,34.19,246400.0,246339.30197419878,60.698025801219046
-117.7,34.09,121800.0,166164.79047686653,-44364.79047686653
-117.14,32.92,132500.0,216845.92397005716,-84345.92397005716
-118.27,33.95,98000.0,153935.0140887522,-55935.014088752214
-118.54,34.23,241400.0,213982.69668966345,27417.303310336545
-118.2,34.11,171300.0,231879.8158028177,-60579.8158028177
-121.94,38.37,120100.0,204327.61015650164,-84227.61015650164
-118.46,34.07,500001.0,660066.9608646487,-160065.9608646487
-118.33,33.91,192700.0,298589.30286791595,-105889.30286791595
-122.2,37.47,232800.0,184831.72469422454,47968.27530577546
-122.69,38.35,191800.0,216239.23303783545,-24439.233037835453
-121.82,37.37,196300.0,240422.50924345292,-44122.50924345292
-118.2,34.14,293900.0,300090.01852825657,-6190.018528256565
-122.18,37.75,84600.0,166225.8562003919,-81625.85620039189
-118.43,34.07,500001.0,412071.9320897199,87929.06791028008
-118.47,34.14,500001.0,388363.85193584627,111637.14806415373
-122.24,38.11,107300.0,213280.3863548697,-105980.3863548697
-122.73,38.42,150000.0,232522.91309855366,-82522.91309855366
-121.92,37.34,204200.0,199112.77234844025,5087.227651559748
-119.89,34.44,268300.0,313267.4254884422,-44967.42548844218
-117.04,34.02,103500.0,137467.3714693752,-33967.37146937521
-118.21,33.98,161500.0,145759.03765983693,15740.962340163067
-118.22,34.63,222400.0,205390.4568780628,17009.543121937197
-117.9,33.82,166900.0,150917.47016396513,15982.529836034868
-117.84,33.78,229200.0,236923.74472344806,-7723.744723448064
-118.45,34.24,205900.0,156588.34977047238,49311.650229527615
-119.03,36.13,95500.0,62566.09153632447,32933.90846367553
-118.21,33.82,162500.0,248512.55127627775,-86012.55127627775
-118.12,33.79,240700.0,248187.571219638,-7487.57121963799
-120.04,36.79,82800.0,148192.9228590019,-65392.922859001905
-116.57,33.84,230200.0,205846.5487758089,24353.451224191114
-118.26,34.07,185900.0,145486.6345748189,40413.36542518111
-118.31,34.02,105800.0,134526.8176082475,-28726.81760824751
-122.26,37.84,118800.0,135832.65618902585,-17032.656189025845
-122.31,38.27,194400.0,231089.19814736582,-36689.19814736582
-122.73,38.37,183300.0,204128.4324774337,-20828.4324774337
-122.07,37.91,292500.0,211703.09316091053,80796.90683908947
-118.21,34.09,144200.0,148769.74501972506,-4569.745019725058
-118.48,34.04,500001.0,246318.14564444637,253682.85435555363
-118.29,33.97,134200.0,237455.66463065613,-103255.66463065613
-119.74,36.76,52800.0,63937.19517960586,-11137.195179605857
-118.0,33.89,188700.0,215427.16287050862,-26727.16287050862
-117.64,33.66,204000.0,252694.72532042442,-48694.72532042442
-122.08,37.64,179500.0,195398.92388029024,-15898.92388029024
-121.42,38.55,98900.0,110849.1968793408,-11949.196879340801
-118.31,33.82,279900.0,234779.166460393,45120.833539607
-122.09,37.39,327700.0,270552.10958068725,57147.89041931275
-118.12,34.09,208000.0,174095.90235735103,33904.097642648965
-122.16,38.05,208300.0,258150.38830785453,-49850.38830785453
-122.65,38.92,112500.0,204864.3554783226,-92364.3554783226
-117.06,32.81,234700.0,307121.9269509972,-72421.92695099721
-116.76,32.74,214500.0,222093.30161306215,-7593.3016130621545
-118.6,34.16,338500.0,323560.6770564071,14939.32294359291
-122.21,37.46,500001.0,693991.8870367189,-193990.8870367189
-117.64,33.45,284100.0,247559.55819553696,36540.441804463044
-122.56,37.91,500001.0,399390.92843534565,100610.07156465435
-118.39,34.2,181300.0,98274.87976044603,83025.12023955397
-122.04,38.25,125000.0,165816.23708770378,-40816.237087703776
-118.43,34.01,412500.0,221455.2826847136,191044.7173152864
-119.71,36.82,112500.0,95165.19469996123,17334.805300038774
-121.64,40.9,90300.0,-14369.537629172672,104669.53762917267
-123.37,39.43,96000.0,195598.55205662688,-99598.55205662688
-122.26,37.83,142500.0,187998.27306712465,-45498.27306712465
-118.76,34.28,266300.0,280906.252070413,-14606.252070412971
-118.32,34.04,165000.0,156994.50225746166,8005.49774253834
-117.64,34.08,118000.0,174846.75349728158,-56846.75349728158
-118.29,33.91,156400.0,238189.78504170524,-81789.78504170524
-122.46,37.73,426800.0,430413.30399396317,-3613.303993963171
-122.15,37.46,308600.0,283778.85533571243,24821.144664287567
-121.21,38.76,239200.0,94855.45010224497,144344.54989775503
-119.75,36.83,109400.0,175077.53133638157,-65677.53133638157
-117.32,34.14,66600.0,73114.63419182831,-6514.634191828314
-117.71,33.47,368500.0,318163.64685018035,50336.35314981965
-121.98,37.33,330500.0,327522.65214039246,2977.347859607544
-122.41,37.61,273600.0,273388.0458799405,211.95412005949765
-118.33,33.77,500001.0,471295.1123178038,28705.88768219622
-121.88,36.96,321100.0,346727.60769091453,-25627.607690914534
-122.67,38.45,242600.0,189805.65071632946,52794.34928367054
-119.25,34.28,231900.0,253033.34001991898,-21133.34001991898
-120.42,34.96,151400.0,270017.23044944415,-118617.23044944415
-116.94,32.89,227800.0,251643.39472973114,-23843.39472973114
-118.09,33.75,380000.0,335231.35870895255,44768.64129104745
-119.06,35.36,95200.0,194699.50276369601,-99499.50276369601
-117.96,33.76,193900.0,183162.71240036702,10737.287599632982
-121.62,37.09,260700.0,231194.99944967544,29505.000550324563
-118.12,33.99,191000.0,146714.59496860206,44285.40503139794
-117.31,34.11,64900.0,109505.86187856877,-44605.86187856877
-117.06,32.61,128300.0,211266.3069925229,-82966.3069925229
-118.33,33.96,189800.0,277995.5018618107,-88195.50186181068
-118.46,34.29,183300.0,158217.42195167392,25082.578048326075
-121.25,39.17,151800.0,31102.7101773927,120697.2898226073
-117.24,33.34,257300.0,206115.1180297411,51184.881970258895
-117.9,36.95,137500.0,-26554.427299898118,164054.42729989812
-121.02,37.66,125000.0,100151.41462776903,24848.58537223097
-122.07,37.68,218100.0,206093.32752077328,12006.67247922672
-122.07,37.63,168100.0,219381.6937367823,-51281.6937367823
-118.99,37.63,231800.0,153734.69704556465,78065.30295443535
-119.19,35.41,149000.0,189877.39550215937,-40877.39550215937
-117.91,33.79,170300.0,238209.7871597535,-67909.7871597535
-121.92,37.34,391300.0,288457.6488288273,102842.35117117269
-118.37,34.16,282300.0,259029.55396683607,23270.446033163927
-117.25,32.86,500001.0,378708.6293511777,121292.37064882228
-118.2,34.04,135400.0,88023.78610750614,47376.21389249386
-122.49,37.78,328400.0,251859.16688802373,76540.83311197627
-118.29,34.05,350000.0,138367.39293369232,211632.60706630768
-117.93,33.78,182300.0,220725.25173309352,-38425.25173309352
-118.32,33.75,500001.0,549448.9227699214,-49447.922769921366
-118.13,34.02,192000.0,157946.99129963573,34053.00870036427
-118.22,34.12,240800.0,268598.11258237995,-27798.112582379952
-118.28,34.09,175000.0,194155.97110258183,-19155.971102581825
-118.26,34.02,126400.0,130392.74230720289,-3992.7423072028905
-117.06,32.75,125900.0,179999.51729180384,-54099.517291803844
-117.94,33.86,194700.0,247503.0349167562,-52803.03491675621
-122.13,37.73,341800.0,346886.77966897236,-5086.779668972362
-116.93,32.87,211900.0,192926.14358512685,18973.856414873153
-116.14,34.45,137500.0,-206291.08858925337,343791.08858925337
-117.25,32.8,270600.0,219001.77667775983,51598.22332224017
-117.2,32.82,172300.0,212053.64436515095,-39753.64436515095
-117.21,32.75,262100.0,199814.08978298586,62285.91021701414
-118.2,33.85,149100.0,164922.88655689033,-15822.886556890327
-118.39,34.0,339100.0,237918.08994179778,101181.91005820222
-118.33,33.86,248600.0,240787.36369953817,7812.636300461832
-121.42,37.75,128700.0,216394.41033822624,-87694.41033822624
-118.06,33.83,343900.0,243447.77699692082,100452.22300307918
-118.2,33.78,175000.0,178495.89049322857,-3495.890493228566
-118.47,34.0,287500.0,202470.46942578722,85029.53057421278
-120.61,35.1,143600.0,218579.39000206906,-74979.39000206906
-118.32,33.81,346200.0,270154.56902911793,76045.43097088207
-118.13,33.82,232200.0,300190.4288638956,-67990.42886389559
-117.11,33.12,200000.0,219421.3595456113,-19421.35954561131
-117.07,33.0,241500.0,292874.95094820764,-51374.95094820764
-121.47,38.61,67500.0,82038.44210839039,-14538.442108390387
-121.0,39.23,191700.0,96056.70715043973,95643.29284956027
-122.7,38.44,178300.0,217173.9333012672,-38873.933301267214
-122.02,38.0,178200.0,230114.8710233518,-51914.87102335179
-117.37,34.13,133200.0,161063.72586207092,-27863.725862070918
-117.95,34.16,273800.0,256614.1856969744,17185.814303025603
-121.09,38.03,152200.0,177904.23311367445,-25704.233113674447
-121.98,38.29,187100.0,200836.7226064531,-13736.722606453113
-117.86,33.75,137500.0,47663.232312534004,89836.767687466
-117.67,34.06,110400.0,131146.03928090585,-20746.039280905854
-118.31,34.09,240600.0,167276.2860974092,73323.7139025908
-118.19,33.78,162500.0,145817.63962412672,16682.36037587328
-121.28,38.75,83800.0,97644.65818682546,-13844.658186825458
-118.05,33.86,265600.0,256335.74899598537,9264.25100401463
-118.02,33.77,211500.0,253150.47058631293,-41650.470586312935
-117.2,34.04,173400.0,245446.83641832508,-72046.83641832508
-118.48,34.03,310000.0,127110.55241180537,182889.44758819463
-118.95,35.41,99500.0,182616.32619412523,-83116.32619412523
-117.95,33.76,191400.0,197762.8966728784,-6362.896672878414
-118.07,33.87,220100.0,186868.98125415668,33231.01874584332
-118.07,34.0,167300.0,218085.2137877727,-50785.21378777269
-119.4,36.53,65000.0,98266.3572554118,-33266.3572554118
-117.07,32.72,141800.0,228798.86719142273,-86998.86719142273
-118.53,34.16,290600.0,241032.67035897914,49567.32964102086
-122.47,37.5,319200.0,225943.56940847635,93256.43059152365
-122.0,38.36,118800.0,154794.24210675526,-35994.242106755264
-118.23,34.21,200000.0,177208.81427189754,22791.185728102457
-118.24,34.14,219500.0,181695.6537419879,37804.34625801211
-120.11,34.66,289400.0,311591.7978985752,-22191.797898575198
-118.3,34.0,116400.0,177075.49264830071,-60675.492648300715
-118.17,33.91,162300.0,212913.33665902074,-50613.336659020744
-121.37,38.61,114100.0,132438.17746732756,-18338.177467327565
-119.73,36.76,71300.0,127259.53329914156,-55959.53329914156
-118.14,33.92,190500.0,220857.76035495196,-30357.760354951955
-122.15,37.69,197300.0,236315.83406918216,-39015.834069182165
-121.52,39.51,72200.0,62693.4842630662,9506.515736933798
-118.32,33.98,103300.0,208309.8087666924,-105009.80876669241
-124.05,40.85,143000.0,165314.69071064517,-22314.69071064517
-117.27,33.15,244900.0,256375.83304195525,-11475.833041955251
-118.32,33.77,500001.0,356307.05420186697,143693.94579813303
-118.23,33.98,183300.0,130416.00865977956,52883.99134022044
-120.64,34.97,86100.0,171155.4570089695,-85055.4570089695
-122.29,37.88,218400.0,264350.3452176871,-45950.34521768708
-118.27,34.0,110800.0,134228.2659333204,-23428.265933320392
-117.89,33.99,211300.0,198095.40583752142,13204.594162478577
-118.04,33.76,338800.0,320840.84989715554,17959.15010284446
-121.03,39.21,123100.0,94140.32585286722,28959.674147132784
-120.79,37.82,269500.0,130392.45916143758,139107.54083856242
-118.47,33.99,321400.0,194848.95102555398,126551.04897444602
-117.98,35.13,81900.0,119781.30392711656,-37881.30392711656
-118.46,34.07,500001.0,465806.4989533718,34194.501046628226
-118.27,34.1,304600.0,284384.5782681359,20215.421731864102
-121.5,38.34,72900.0,107612.27745717578,-34712.27745717578
-118.19,33.98,158000.0,166959.66502065537,-8959.665020655375
-121.25,37.95,62200.0,111720.23052674253,-49520.230526742525
-120.17,39.33,116300.0,-66929.3285019286,183229.3285019286
-117.4,33.9,314100.0,173393.69901855895,140706.30098144105
-117.92,33.98,362500.0,255773.49252466112,106726.50747533888
-117.26,32.85,500001.0,407656.6941370666,92344.3058629334
-122.19,37.76,74100.0,165631.8265794525,-91531.82657945249
-118.17,34.04,150000.0,163786.54598828917,-13786.545988289174
-122.44,37.73,270000.0,280764.7874257099,-10764.787425709888
-121.21,37.8,120800.0,128134.43077087216,-7334.430770872161
-122.05,37.97,250000.0,279944.3330532727,-29944.333053272683
-124.18,40.78,72200.0,128205.57618604787,-56005.57618604787
-122.06,37.39,375000.0,221244.46795267193,153755.53204732807
-122.12,37.09,239600.0,271350.80667105224,-31750.80667105224
-117.7,33.56,183300.0,225963.89753838163,-42663.89753838163
-118.08,33.97,161200.0,238232.7279392169,-77032.72793921689
-122.45,37.71,251000.0,220702.89741110988,30297.10258889012
-118.91,35.24,45500.0,84149.16837159358,-38649.16837159358
-122.41,37.75,178100.0,180032.46389707644,-1932.4638970764354
-122.33,38.31,258900.0,273486.0568547668,-14586.056854766794
-122.16,37.77,145800.0,207307.5345274671,-61507.5345274671
-121.32,39.43,84700.0,37086.659543526825,47613.340456473175
-117.99,33.71,216700.0,144812.67511529336,71887.32488470664
-121.4,38.63,130400.0,138942.5312818177,-8542.531281817704
-122.0,38.35,158500.0,171174.32563970564,-12674.32563970564
-121.33,38.7,117800.0,93658.38841005182,24141.61158994818
-118.74,34.27,215000.0,232238.89259613585,-17238.892596135847
-121.99,37.55,268600.0,264740.71482507745,3859.285174922552
-119.63,36.18,100000.0,110973.13166921958,-10973.131669219583
-118.02,33.98,332700.0,394981.50697516976,-62281.50697516976
-117.9,33.98,186700.0,167459.03969869064,19240.96030130936
-119.77,36.73,53000.0,105737.67356928997,-52737.67356928997
-122.3,37.97,149700.0,211795.2059236574,-62095.2059236574
-118.45,34.0,345800.0,257263.31738985237,88536.68261014763
-121.32,38.69,124500.0,157872.07003191393,-33372.07003191393
-121.88,37.64,475800.0,486426.7330353963,-10626.733035396319
-122.46,37.75,500001.0,338517.0457390067,161483.95426099328
-122.13,37.39,500001.0,554008.9224079377,-54007.9224079377
-117.86,33.74,175900.0,202347.15348696243,-26447.15348696243
-122.17,37.73,183300.0,251210.3397974423,-67910.33979744231
-117.89,33.66,253100.0,298417.01704654517,-45317.01704654517
-117.73,34.09,117800.0,163278.76671366347,-45478.76671366347
-117.16,33.92,143500.0,176864.93710809993,-33364.937108099926
-122.44,37.77,500001.0,304086.7488090582,195914.25119094178
-121.46,39.54,142300.0,101110.24190146849,41189.758098531514
-118.21,33.93,121000.0,156448.10953930765,-35448.109539307654
-122.53,37.97,268800.0,238837.29916111333,29962.700838886667
-122.1,37.72,330200.0,300130.41902130516,30069.580978694838
-118.2,34.05,121800.0,161675.54803048866,-39875.54803048866
-118.03,34.11,416900.0,292864.87583311973,124035.12416688027
-117.88,33.83,266700.0,315057.2719903439,-48357.27199034393
-118.1,34.02,189400.0,184920.9565506163,4479.043449383695
-118.54,34.17,443600.0,302822.2691475735,140777.7308524265
-118.09,33.96,163000.0,156981.4902428342,6018.509757165797
-117.99,34.0,382500.0,299129.87297484465,83370.12702515535
-117.07,32.6,106300.0,155213.41334073152,-48913.413340731524
-121.67,40.89,57800.0,4982.107971244957,52817.89202875504
-121.18,41.31,57500.0,-24797.257117393427,82297.25711739343
-117.23,32.79,238000.0,245644.946730142,-7644.946730141994
-118.11,33.84,218900.0,264173.4303861512,-45273.43038615119
-118.32,33.98,118600.0,158403.55717631755,-39803.557176317554
-118.13,34.18,309100.0,304684.53148602834,4415.46851397166
-122.02,37.59,213200.0,210100.5927310926,3099.407268907409
-117.98,33.78,180200.0,184922.85860169027,-4722.85860169027
-118.47,34.01,470800.0,294005.08209995274,176794.91790004726
-117.02,33.6,337200.0,126443.05660763755,210756.94339236245
-117.35,34.01,95300.0,133578.47337652696,-38278.47337652696
-121.89,38.01,103900.0,155917.19311691402,-52017.193116914015
-119.04,34.28,500001.0,247675.3687900263,252325.6312099737
-117.17,32.73,215000.0,217232.42387887463,-2232.4238788746297
-118.45,34.32,189400.0,217083.54994072486,-27683.549940724857
-118.34,34.04,171400.0,182685.70022754092,-11285.700227540918
-122.47,37.75,357000.0,271765.52420618944,85234.47579381056
-122.14,37.67,196200.0,240662.35267346818,-44462.35267346818
-118.25,33.99,98500.0,109483.95870014839,-10983.958700148389
-118.59,34.21,178800.0,189701.52715165075,-10901.52715165075
-117.9,33.91,226600.0,245000.2069102102,-18400.206910210196
-118.14,33.87,171400.0,230194.35885046935,-58794.35885046935
-122.27,37.88,271400.0,249698.9580192482,21701.04198075179
-121.53,38.5,216800.0,251397.5252868035,-34597.52528680349
-122.68,38.76,67900.0,146532.70769191626,-78632.70769191626
-117.44,33.99,171300.0,155935.43966594432,15364.560334055685
-118.35,34.03,110900.0,156719.8508054493,-45819.8508054493
-118.51,34.26,332500.0,275444.6048872615,57055.39511273848
-117.13,32.75,150000.0,180576.15986508783,-30576.15986508783
-122.0,38.38,173400.0,256273.40669074655,-82873.40669074655
-122.04,36.97,237500.0,287742.65510464273,-50242.655104642734
-119.02,35.33,65800.0,152103.55886602076,-86303.55886602076
-118.45,34.31,173100.0,225701.85731873615,-52601.85731873615
-122.49,37.75,321200.0,258959.39973773295,62240.60026226705
-121.91,37.3,265000.0,227345.65246942453,37654.34753057547
-121.41,39.72,87500.0,40233.91636175988,47266.08363824012
-118.46,34.26,210300.0,263313.38290655054,-53013.38290655054
-121.96,37.34,247800.0,237363.8095270926,10436.190472907387
-118.19,34.16,375700.0,336388.0121797975,39311.987820202485
-120.37,38.25,113700.0,87628.3955291952,26071.6044708048
-122.23,37.42,500001.0,380830.0278308713,119170.97216912871
-118.99,35.35,45600.0,76456.00466122478,-30856.004661224782
-120.48,37.32,130600.0,120221.19967840938,10378.800321590621
-118.15,33.78,198600.0,242276.3281926876,-43676.32819268759
-118.49,34.03,436700.0,328793.4717125911,107906.52828740887
-121.46,38.65,92600.0,124365.80029105395,-31765.80029105395
-122.26,37.83,150000.0,160680.78665149305,-10680.78665149305
-118.36,33.81,359900.0,275551.70952427434,84348.29047572566
-117.25,32.83,500001.0,488448.83092221525,11552.169077784754
-119.81,37.67,93800.0,116075.69237696333,-22275.69237696333
-121.59,38.69,383300.0,327579.03309852956,55720.96690147044
-121.29,38.36,191700.0,167877.5798140415,23822.4201859585
-121.91,37.26,267200.0,270597.8740470051,-3397.8740470050834
-120.56,35.07,280200.0,249077.97418907983,31122.025810920168
-119.75,36.73,52100.0,84016.03591248393,-31916.03591248393
-121.58,39.76,110200.0,79886.30543322163,30313.694566778373
-119.69,36.86,164600.0,143267.593115889,21332.406884111
-122.56,38.03,324800.0,337158.5422812784,-12358.542281278409
-121.33,38.69,122700.0,155697.38295928622,-32997.38295928622
-117.25,32.75,216700.0,200702.38427598123,15997.615724018775
-124.11,40.93,73600.0,154085.90057544364,-80485.90057544364
-122.49,37.63,254100.0,232881.1081400076,21218.891859992407
-118.16,33.96,187500.0,117432.22185215633,70067.77814784367
-121.92,38.01,166000.0,256291.25780061726,-90291.25780061726
-121.24,37.82,157900.0,177395.7651255522,-19495.765125552192
-118.34,33.92,193800.0,178869.85895384755,14930.14104615245
-119.74,36.85,140800.0,197098.80421854788,-56298.804218547884
-122.05,39.6,95300.0,100662.66904957127,-5362.669049571268
-118.7,34.3,227000.0,303215.2378854151,-76215.23788541509
-122.24,37.49,265600.0,263853.9801095729,1746.0198904271238
-120.45,34.95,90200.0,178898.83304382814,-88698.83304382814
-118.09,34.07,183200.0,182790.02632711828,409.97367288172245
-116.92,32.82,184600.0,191458.8631739919,-6858.863173991907
-122.27,37.8,162500.0,157047.21078829188,5452.789211708121
-121.5,38.58,125000.0,192719.6481859847,-67719.6481859847
-122.27,37.83,97200.0,159884.71868788404,-62684.718687884044
-118.36,34.09,355300.0,221630.62336942786,133669.37663057214
-122.27,38.28,136200.0,171275.93821149785,-35075.93821149785
-118.29,34.04,125000.0,143871.1738257534,-18871.173825753387
-121.87,37.27,305600.0,311740.15935662994,-6140.159356629942
-118.16,33.97,176600.0,135857.26513153454,40742.73486846546
-118.39,33.84,348600.0,293315.2749507553,55284.725049244706
-122.04,37.66,299200.0,261144.8033429524,38055.19665704761
-119.86,36.81,72100.0,168089.36249215854,-95989.36249215854
-118.25,33.91,109500.0,202497.19947587792,-92997.19947587792
-118.08,34.14,281100.0,240547.41989881033,40552.58010118967
-118.12,33.87,156300.0,212413.8113278472,-56113.81132784719
-117.81,33.73,234200.0,238590.77340857172,-4390.773408571724
-119.66,36.34,59700.0,126712.72769592982,-67012.72769592982
-116.99,32.81,250000.0,278090.6555925631,-28090.655592563096
-118.3,34.1,203300.0,187547.58743084734,15752.412569152657
-118.13,34.15,173100.0,181089.24527942436,-7989.245279424358
-116.91,32.73,300300.0,270917.1172485803,29382.882751419675
-118.31,33.88,238000.0,223624.06380784838,14375.936192151625
-121.83,37.32,179000.0,138952.55422071507,40047.44577928493
-118.1,33.9,166000.0,243446.20329970727,-77446.20329970727
-117.92,34.1,160700.0,202385.4893174707,-41685.489317470696
-117.24,33.2,147500.0,152121.81775875017,-4621.8177587501705
-117.85,34.12,192100.0,187918.5838368684,4181.416163131595
-119.78,36.75,56400.0,49038.00168731855,7361.998312681448
-118.36,34.08,304800.0,245669.72899962356,59130.27100037644
-118.57,34.18,439800.0,331224.156019629,108575.84398037102
-122.95,39.13,137500.0,153801.02774500987,-16301.027745009866
-117.07,33.13,137500.0,132966.3208253798,4533.6791746201925
-118.34,34.04,134600.0,164704.3101462978,-30104.310146297794
-122.42,37.75,262500.0,235827.38753591897,26672.61246408103
-121.37,38.68,83400.0,123483.50690375967,-40083.50690375967
-115.59,32.96,113500.0,99262.91168323392,14237.08831676608
-119.63,36.34,71400.0,155671.3485504049,-84271.34855040489
-122.6,38.24,204500.0,230528.19473185483,-26028.194731854834
-117.98,33.95,282400.0,307231.30231142556,-24831.302311425563
-118.19,33.93,145700.0,196105.54467346286,-50405.544673462864
-122.09,37.4,264700.0,299104.21296819486,-34404.21296819486
-122.42,37.63,275000.0,194264.70854928764,80735.29145071236
-117.09,33.11,171600.0,175589.60171246575,-3989.601712465752
-117.54,33.82,216700.0,171571.68147114664,45128.31852885336
-118.06,33.91,180700.0,199681.5630266727,-18981.563026672695
-119.94,38.96,212500.0,-5276.167245210148,217776.16724521015
-119.84,36.82,167700.0,211096.99164511543,-43396.99164511543
-119.0,35.36,42500.0,86833.69549449347,-44333.69549449347
-117.19,32.79,238400.0,220723.25201563584,17676.747984364163
-121.29,38.68,144000.0,59479.550682007335,84520.44931799266
-119.0,35.36,43600.0,78085.6373356944,-34485.637335694395
-117.63,33.45,363500.0,245732.30103413295,117767.69896586705
-122.13,37.72,186200.0,238667.9122775672,-52467.9122775672
-115.38,32.81,67500.0,60885.0041105533,6614.995889446698
-118.05,33.82,159600.0,259982.73245433532,-100382.73245433532
-118.45,34.21,195600.0,158871.96501846611,36728.034981533885
-117.05,32.76,154800.0,239305.8056602003,-84505.8056602003
-118.58,34.15,450700.0,395689.7721472429,55010.22785275709
-121.45,38.53,69900.0,82087.4907745528,-12187.490774552803
-117.01,32.7,132200.0,174715.3842796497,-42515.384279649705
-117.8,33.69,328000.0,356192.54892228264,-28192.548922282644
-122.5,37.74,272800.0,271253.19685215876,1546.803147841245
-116.71,33.94,66300.0,97602.00456201192,-31302.00456201192
-121.49,38.63,129300.0,215698.60625144374,-86398.60625144374
-119.1,36.19,77100.0,71312.8207495315,5787.1792504685
-122.27,37.85,155500.0,188266.93380392715,-32766.933803927153
-118.2,34.08,126000.0,142136.55539555056,-16136.55539555056
-121.88,37.25,240300.0,188293.22238791082,52006.77761208918
-118.18,34.05,133000.0,142820.58374155592,-9820.583741555922
-121.44,38.69,94900.0,121116.62948534079,-26216.62948534079
-118.14,33.8,203900.0,232134.49539965577,-28234.495399655774
-115.55,32.8,61000.0,64617.93763357308,-3617.9376335730776
-117.76,34.08,139200.0,157838.55754269054,-18638.55754269054
-118.31,34.05,229200.0,164761.12059453595,64438.879405464046
-117.08,32.83,260600.0,364743.22462118743,-104143.22462118743
-118.31,34.08,251100.0,177493.75437225727,73606.24562774273
-121.91,37.3,327600.0,266780.7233409346,60819.27665906539
-122.12,37.71,167900.0,234862.33955315547,-66962.33955315547
-117.21,32.82,212000.0,229578.72197536333,-17578.721975363325
-117.89,33.71,233300.0,220950.3953831112,12349.604616888799
-122.68,38.01,255400.0,272839.1617281996,-17439.16172819957
-121.86,38.04,67500.0,120391.71255180426,-52891.71255180426
-117.22,32.75,162000.0,217255.08432315337,-55255.084323153365
-120.64,35.47,117200.0,133588.66566986777,-16388.66566986777
-119.96,38.84,109700.0,70842.26836646628,38857.731633533724
-121.81,38.84,275000.0,124153.82576674828,150846.17423325172
-121.08,39.21,111800.0,59931.86679221364,51868.13320778636
-117.21,32.83,166000.0,220049.65420167148,-54049.65420167148
-119.09,36.35,92700.0,99945.46094208537,-7245.460942085367
-119.18,34.16,186000.0,240716.94046905125,-54716.940469051246
-122.78,38.97,97300.0,163108.54319699155,-65808.54319699155
-118.24,34.22,241300.0,290644.11751062097,-49344.11751062097
-121.92,37.25,258500.0,286027.30043453164,-27527.300434531644
-122.03,37.98,138200.0,230191.605044079,-91991.60504407901
-118.7,34.28,196100.0,259264.0435598814,-63164.04355988139
-122.32,37.52,419200.0,418317.1661234144,882.8338765855879
-122.21,37.79,138800.0,206733.98683092836,-67933.98683092836
-122.44,37.76,376600.0,344603.77956464514,31996.22043535486
-118.22,33.8,165100.0,214785.32241576258,-49685.32241576258
-117.36,33.18,181800.0,197113.9052428715,-15313.905242871493
-122.07,37.97,211800.0,198725.79551647743,13074.204483522568
-118.23,33.9,112500.0,209229.9551921389,-96729.9551921389
-117.05,32.69,144300.0,194950.88042275375,-50650.88042275375
-117.06,32.8,222000.0,261444.24397869548,-39444.24397869548
-115.55,32.79,53600.0,25120.7627122174,28479.2372877826
-122.33,37.97,130800.0,222702.05468180217,-91902.05468180217
-122.65,38.24,227600.0,269018.86694921274,-41418.86694921274
-122.43,37.78,275000.0,226726.74541650992,48273.25458349008
-118.35,33.93,191900.0,197876.95424058475,-5976.954240584746
-117.31,34.11,64100.0,100599.0191905708,-36499.019190570805
-116.61,33.93,68100.0,110350.65782710677,-42250.65782710677
-121.91,37.26,255200.0,249135.08546709735,6064.9145329026505
-118.7,34.3,244100.0,295054.78443862824,-50954.78443862824
-122.0,37.36,337000.0,253732.5330229029,83267.4669770971
-118.28,33.75,208300.0,126031.29277563049,82268.70722436951
-122.47,37.74,500001.0,428901.61211899156,71099.38788100844
-121.26,38.73,172100.0,177581.99711661832,-5481.997116618324
-118.73,36.01,128900.0,90379.2136103143,38520.7863896857
-120.69,35.65,144900.0,157541.9347042297,-12641.934704229701
-117.01,34.9,72000.0,69457.93873951538,2542.0612604846247
-122.23,38.13,142900.0,217223.76172779966,-74323.76172779966
-121.97,37.24,436100.0,281976.156953183,154123.843046817
-118.14,33.91,204200.0,189085.7534796712,15114.246520328801
-117.95,33.86,195700.0,264358.1270166463,-68658.12701664632
-121.43,38.48,90500.0,125292.76736021228,-34792.76736021228
-117.96,33.78,236100.0,161885.8429195187,74214.1570804813
-117.91,34.08,186900.0,186478.08097004006,421.91902995994315
-122.3,37.9,162500.0,180880.48952492885,-18380.489524928853
-120.2,37.8,112500.0,128678.3408673252,-16178.340867325198
-118.97,35.37,58000.0,124056.37347690342,-66056.37347690342
-118.13,33.84,307400.0,333403.1702895905,-26003.17028959049
-118.48,34.01,353800.0,272932.3854656811,80867.61453431891
-122.59,38.13,290900.0,272122.1212597764,18777.87874022359
-117.28,32.73,358600.0,288166.4497569874,70433.5502430126
-122.29,37.89,246200.0,243799.93876077468,2400.0612392253242
-119.06,36.08,72100.0,158070.97031969018,-85970.97031969018
-121.83,38.45,107500.0,162038.92476333352,-54538.92476333352
-117.32,34.09,78600.0,99844.30987970019,-21244.309879700188
-119.18,34.17,187600.0,239393.40993407043,-51793.40993407043
-120.88,38.45,97900.0,87156.14707483165,10743.85292516835
-118.17,33.84,186600.0,227651.99946496217,-41051.999464962166
-118.11,33.91,196900.0,204670.05549145024,-7770.055491450243
-119.53,36.55,111500.0,137135.0965114995,-25635.09651149949
-122.08,37.59,156300.0,212643.37947232835,-56343.37947232835
-118.29,33.81,218200.0,289886.71793097584,-71686.71793097584
-117.91,33.9,293500.0,416840.2536792075,-123340.25367920753
-121.23,37.95,59000.0,135533.41252480773,-76533.41252480773
-118.29,33.92,162800.0,160979.9611267657,1820.038873234298
-118.25,34.0,102900.0,115721.41712473426,-12821.41712473426
-115.99,33.4,54300.0,87353.14765848173,-33053.14765848173
-117.66,34.09,166300.0,169889.42801888008,-3589.4280188800767
-118.27,34.07,152500.0,142905.23208801448,9594.767911985517
-118.43,34.28,142600.0,132538.1296921256,10061.8703078744
-118.23,33.98,150000.0,136941.32439462375,13058.675605376251
-121.42,38.61,84400.0,96827.71215543989,-12427.712155439891
-118.29,34.08,210000.0,123774.90370963234,86225.09629036766
-118.97,37.64,137500.0,89893.9826467894,47606.0173532106
-122.47,37.72,350000.0,241170.30296759354,108829.69703240646
-120.18,39.14,171900.0,59476.414023054764,112423.58597694524
-118.43,34.25,143100.0,155143.36212477135,-12043.362124771345
-118.11,33.95,452300.0,316981.84915644536,135318.15084355464
-117.62,34.03,176000.0,192336.08206015453,-16336.082060154527
-121.34,38.69,112700.0,127522.22056144523,-14822.220561445225
-119.78,36.65,68400.0,117182.50281982077,-48782.50281982077
-117.97,33.75,190700.0,189890.2819781662,809.7180218338035
-117.06,32.79,331800.0,398571.0921700937,-66771.09217009367
-121.99,37.98,184000.0,228193.57373178564,-44193.57373178564
-118.97,37.64,162500.0,72041.4985109563,90458.5014890437
-122.11,38.01,129400.0,205818.02203619946,-76418.02203619946
-122.19,37.79,172800.0,199798.96489341883,-26998.96489341883
-117.13,32.92,191100.0,220264.95657749055,-29164.95657749055
-117.98,33.65,294900.0,309237.31871628715,-14337.318716287147
-122.82,38.64,188600.0,210002.8517070911,-21402.85170709109
-119.33,36.19,63800.0,57482.3892340553,6317.610765944701
-122.23,37.82,466100.0,418402.73839246435,47697.26160753565
-118.21,34.1,186800.0,221118.12163279345,-34318.12163279345
-117.05,32.61,139300.0,205776.70087530324,-66476.70087530324
-118.32,34.08,330300.0,228236.39254742023,102063.60745257977
-121.89,37.3,284800.0,278537.487161214,6262.512838786002
-118.14,34.04,198800.0,214137.30646369327,-15337.306463693269
-119.52,36.71,69300.0,82433.59493274428,-13133.59493274428
-117.14,32.76,145500.0,191149.7010452156,-45649.701045215596
-118.09,33.92,166200.0,204100.4184318022,-37900.41843180219
-117.97,33.68,273800.0,240576.8077962501,33223.1922037499
-121.1,37.8,149000.0,159654.59259715257,-10654.592597152572
-121.98,37.37,215400.0,264695.86339466786,-49295.86339466786
-118.37,33.97,287800.0,316549.22445094725,-28749.22445094725
-118.19,33.83,406300.0,282550.03568520956,123749.96431479044
-119.16,34.2,160300.0,121396.10886880103,38903.891131198965
-117.8,33.67,240000.0,270471.1661370625,-30471.16613706248
-121.46,38.61,60900.0,114322.67207729863,-53422.67207729863
-118.19,33.99,142300.0,161124.3665069593,-18824.36650695931
-122.38,40.09,84800.0,85033.18229694199,-233.18229694198817
-119.17,34.16,205400.0,222547.91022621607,-17147.910226216074
-122.43,37.75,396800.0,273455.08064257493,123344.91935742507
-122.73,38.46,135400.0,203751.76027158368,-68351.76027158368
-117.42,34.1,115400.0,179240.1833453942,-63840.18334539421
-118.12,34.23,162500.0,227691.53839578805,-65191.538395788055
-118.54,34.17,425000.0,216251.64459077688,208748.35540922312
-117.09,32.66,114300.0,139154.27182647306,-24854.271826473065
-122.16,37.42,500001.0,491859.62414701143,8141.375852988567
-118.21,34.22,500001.0,388511.0230141375,111489.97698586248
-119.31,36.06,48700.0,74634.83526385529,-25934.83526385529
-121.95,37.33,294700.0,277695.70664340444,17004.29335659556
-118.1,34.17,300500.0,219637.70364246564,80862.29635753436
-117.3,33.08,343200.0,219231.52231326653,123968.47768673347
-117.19,33.14,92000.0,166176.3466851972,-74176.3466851972
-121.93,37.27,278100.0,292021.3535212632,-13921.353521263227
-117.86,34.08,380900.0,338426.8313550772,42473.168644922785
-117.9,33.64,339800.0,231544.51534071565,108255.48465928435
-121.49,38.52,96800.0,148975.4154366604,-52175.415436660405
-118.3,34.06,270000.0,169886.06697988976,100113.93302011024
-122.29,37.94,190000.0,255190.0858510174,-65190.085851017386
-117.89,34.09,181300.0,155070.87279912177,26229.127200878225
-124.15,40.76,100600.0,155834.70578402327,-55234.705784023274
-121.42,36.85,170800.0,148440.15127204685,22359.848727953155
-122.28,37.85,152700.0,206212.39222963667,-53512.392229636665
-118.43,34.16,353600.0,238742.23641688144,114857.76358311856
-121.89,37.33,200000.0,148438.4467521552,51561.5532478448
-118.06,33.82,213400.0,251088.8956886446,-37688.89568864461
-123.0,38.51,153100.0,195907.55260992888,-42807.55260992888
-118.43,34.16,379700.0,232348.89648080617,147351.10351919383
-117.25,32.79,275000.0,209405.34693201538,65594.65306798462
-119.26,35.5,78600.0,218966.81620403752,-140366.81620403752
-117.89,34.09,188300.0,267753.5860040537,-79453.58600405371
-117.43,33.91,138000.0,170377.2907315381,-32377.290731538087
-122.18,37.44,500001.0,429066.38092529355,70934.61907470645
-118.12,33.97,197400.0,186627.37715110136,10772.622848898638
-117.92,33.68,244600.0,261249.67395744985,-16649.67395744985
-118.27,33.81,165300.0,230898.18284928054,-65598.18284928054
-121.89,37.67,300400.0,303976.4053163007,-3576.40531630069
-121.37,38.7,88200.0,127948.1480524363,-39748.1480524363
-117.21,33.03,500001.0,492257.07899876824,7743.9210012317635
-122.29,38.29,163100.0,197027.55964238988,-33927.55964238988
-121.84,37.29,191900.0,222971.64550767606,-31071.64550767606
-122.01,37.03,355300.0,320158.437454463,35141.56254553702
-122.25,37.56,430300.0,318117.7811385975,112182.21886140248
-118.98,35.36,42700.0,61360.305065362714,-18660.305065362714
-122.38,37.59,378100.0,342123.7880743239,35976.21192567609
-117.14,33.12,264000.0,226854.69572700886,37145.30427299114
-118.26,33.9,111900.0,233598.38157333015,-121698.38157333015
-119.19,34.21,224500.0,210622.28599774232,13877.714002257679
-118.19,34.05,125000.0,187735.796175092,-62735.79617509199
-120.96,40.28,64100.0,-3392.486628186889,67492.48662818689
-116.44,33.93,88400.0,119347.85151231801,-30947.85151231801
-122.54,37.9,389200.0,267706.17215957167,121493.82784042833
-121.92,38.57,193800.0,66186.32281348063,127613.67718651937
-118.35,34.07,500001.0,287216.91967275087,212784.08032724913
-117.17,32.68,187500.0,455185.49721400253,-267685.49721400253
-122.14,37.68,210300.0,249727.8094213535,-39427.80942135351
-117.03,33.18,212800.0,224699.01786815654,-11899.017868156545
-118.28,34.07,177500.0,293944.3285430209,-116444.32854302088
-117.64,33.99,181300.0,123887.38491334161,57412.61508665839
-116.91,32.85,159500.0,212330.03207127564,-52830.03207127564
-118.36,33.95,177500.0,193896.0986106447,-16396.098610644694
-117.58,33.88,116100.0,121581.00979266502,-5481.00979266502
-122.19,37.46,500001.0,320105.555360619,179895.44463938102
-117.97,34.07,162500.0,138638.7063879869,23861.293612013105
-118.18,34.08,135500.0,165361.61027351348,-29861.610273513477
-117.1,32.68,99600.0,182698.7952892105,-83098.79528921051
-121.34,38.67,118500.0,160497.96391665563,-41997.96391665563
-121.52,38.51,156900.0,184396.35175723722,-27496.351757237222
-118.18,33.93,147200.0,158913.220205002,-11713.220205001999
-121.85,39.74,85800.0,77994.37318775663,7805.6268122433685
-118.35,34.06,500001.0,302735.29613999184,197265.70386000816
-117.25,34.49,170900.0,166575.5983508411,4324.401649158914
-118.11,33.81,257900.0,319082.03567795875,-61182.035677958746
-118.09,33.97,164300.0,192501.43938478362,-28201.439384783618
-122.44,37.77,438900.0,263098.71996973036,175801.28003026964
-117.26,34.16,98000.0,170162.56920733256,-72162.56920733256
-118.08,33.85,288700.0,268095.87257175427,20604.12742824573
-117.83,33.77,203200.0,229090.90133806178,-25890.901338061783
-118.06,34.1,283600.0,243246.48418544093,40353.51581455907
-118.44,34.28,162500.0,187792.36704402743,-25292.36704402743
-123.69,38.9,95300.0,166363.10861037346,-71063.10861037346
-122.02,37.98,161700.0,206925.69937440008,-45225.69937440008
-118.38,34.2,187500.0,149498.95580689935,38001.04419310065
-117.97,34.05,158000.0,168226.4612969607,-10226.461296960711
-118.38,33.88,456100.0,278086.9139303658,178013.08606963418
-119.03,35.3,102900.0,178816.81898898399,-75916.81898898399
-122.69,38.34,165400.0,216557.18059004517,-51157.18059004517
-119.6,36.56,54400.0,63392.37610493461,-8992.376104934607
-118.2,34.05,147200.0,132328.83470664034,14871.165293359663
-118.28,33.99,95000.0,137890.8910923684,-42890.8910923684
-115.55,32.98,143000.0,211219.87993351836,-68219.87993351836
-121.62,39.11,97200.0,98132.10286531458,-932.1028653145768
-117.38,34.13,112900.0,131494.27258523414,-18594.27258523414
-117.88,33.89,173300.0,217592.07642661268,-44292.07642661268
-121.56,37.08,393100.0,293287.3904960668,99812.60950393323
-116.77,33.92,63000.0,64603.11507753236,-1603.1150775323622
-118.04,33.88,297300.0,249429.76002922142,47870.23997077858
-118.3,33.88,242100.0,204195.91028731083,37904.089712689165
-117.01,32.66,293900.0,284384.1337066302,9515.866293369792
-118.25,33.9,113100.0,174486.13916654047,-61386.139166540466
-118.29,33.93,137200.0,136692.95535585424,507.0446441457607
-117.87,33.87,297100.0,137033.57741796738,160066.42258203262
-121.93,37.53,243500.0,253615.00263819844,-10115.002638198435
-121.85,39.72,98800.0,19285.66582494974,79514.33417505026
-118.11,33.8,244800.0,258178.84288063785,-13378.84288063785
-121.4,38.56,327800.0,280886.3769071386,46913.62309286138
-122.43,37.76,437500.0,296544.7933516335,140955.20664836653
-122.9,38.28,163500.0,192350.13436990418,-28850.134369904175
-118.3,33.98,102400.0,206711.93102521403,-104311.93102521403
-121.42,38.68,112200.0,144295.2855677628,-32095.285567762796
-122.0,38.03,165900.0,258933.657944466,-93033.65794446599
-118.32,34.17,250000.0,235260.91625410365,14739.08374589635
-118.0,34.13,158100.0,188303.52324357815,-30203.52324357815
-121.83,40.69,87500.0,33301.231427166145,54198.768572833855
-117.13,32.75,135000.0,216682.27372060204,-81682.27372060204
-119.78,36.85,79500.0,102067.13585418137,-22567.135854181368
-121.22,38.0,162100.0,135026.6222234103,27073.37777658971
-118.13,34.08,228400.0,167380.2721329946,61019.72786700539
-120.85,37.05,140600.0,175274.08614966832,-34674.08614966832
-120.13,35.87,71300.0,147960.06556029106,-76660.06556029106
-117.89,33.71,266300.0,277375.4421203858,-11075.442120385822
-122.86,40.56,81300.0,38031.644698279444,43268.355301720556
-118.52,34.44,185000.0,256129.1695676013,-71129.16956760129
-118.38,33.86,329300.0,362013.5189735186,-32713.51897351863
-118.21,34.07,168800.0,137350.03774826135,31449.962251738645
-118.22,33.9,110400.0,209636.10868187994,-99236.10868187994
-118.46,33.99,500001.0,252134.6374726463,247866.3625273537
-119.72,36.8,85700.0,141678.26966443844,-55978.26966443844
-119.43,36.59,63300.0,39426.279092960525,23873.720907039475
-119.77,34.43,500001.0,477054.64010526566,22946.35989473434
-118.23,34.12,183800.0,162346.23373253504,21453.766267464962
-118.18,34.02,150700.0,133784.04135089042,16915.958649109583
-119.21,34.19,242900.0,283539.16004215786,-40639.16004215786
-118.46,34.0,326700.0,282727.376675657,43972.623324343
-118.14,34.07,220400.0,221085.81221271912,-685.8122127191164
-121.8,37.35,240700.0,236572.71093585528,4127.289064144716
-122.04,37.29,500001.0,550604.2135336241,-50603.213533624075
-122.26,38.11,98400.0,164104.37152982596,-65704.37152982596
-118.0,34.14,166900.0,189193.92176072625,-22293.921760726254
-122.09,37.99,205400.0,245743.87677434925,-40343.87677434925
-118.27,33.97,90100.0,108622.6656776676,-18522.665677667595
-117.36,33.88,189800.0,185538.1612535324,4261.838746467605
-117.33,33.97,162500.0,9956.378004431725,152543.62199556828
-118.53,34.37,333700.0,227469.37279728428,106230.62720271572
-124.16,40.6,85100.0,147963.43368828483,-62863.43368828483
-118.18,33.91,134400.0,141718.05321973702,-7318.053219737019
-118.15,33.9,144600.0,178887.68792480044,-34287.68792480044
-118.13,34.16,215000.0,184790.34060668526,30209.659393314738
-122.25,37.79,97500.0,165739.39211309748,-68239.39211309748
-118.25,34.09,210000.0,237392.50759273116,-27392.507592731155
-118.91,34.22,312000.0,305898.96911030775,6101.030889692251
-119.7,34.43,300000.0,233313.20151100028,66686.79848899972
-117.89,33.71,202400.0,224901.27481090883,-22501.274810908828
-121.96,37.34,254100.0,317409.9856083561,-63309.98560835607
-117.4,33.94,116000.0,166896.22166542523,-50896.221665425226
-118.0,34.13,167000.0,155762.54142860416,11237.458571395837
-122.31,37.54,396900.0,326470.1328654983,70429.86713450169
-117.24,33.4,227000.0,175006.8555046171,51993.144495382905
-118.47,34.06,500001.0,369607.03659260133,130393.96340739867
-117.77,33.76,500001.0,469744.53551210416,30256.464487895835
-118.1,34.15,199000.0,174105.781726453,24894.218273547012
-121.92,36.56,369100.0,364342.6338572884,4757.366142711602
-121.29,37.95,22500.0,79615.07901384868,-57115.07901384868
-117.64,34.05,95700.0,94483.41061243135,1216.5893875686452
-122.19,37.82,365900.0,403987.0860550087,-38087.086055008695
-118.12,33.84,215800.0,235002.80696823308,-19202.806968233082
-118.08,34.07,205500.0,159577.92774518067,45922.07225481933
-117.29,32.92,500001.0,341133.32352440665,158867.67647559335
-122.78,38.53,250800.0,206807.19624830643,43992.80375169357
-118.4,33.96,363600.0,358558.68411081797,5041.315889182035
-117.62,33.47,294200.0,282242.2893595635,11957.710640436504
-120.83,37.58,171400.0,160989.53017259948,10410.46982740052
-118.35,33.87,261300.0,260057.73075149022,1242.2692485097796
-117.66,34.06,114900.0,144316.4333607275,-29416.433360727504
-118.57,34.22,258400.0,218431.15512359422,39968.84487640578
-122.88,39.14,106300.0,119224.36754609551,-12924.367546095513
-118.26,33.92,98900.0,148038.2854635534,-49138.28546355339
-117.8,33.78,242000.0,225662.4094984932,16337.590501506813
-118.15,33.91,146100.0,151607.05419322848,-5507.054193228483
-122.3,38.3,154600.0,213997.336530142,-59397.336530142
-121.04,37.7,197500.0,178259.4123929795,19240.587607020512
-122.61,37.99,289600.0,315983.6613715724,-26383.66137157241
-117.21,33.34,325700.0,236631.6548840138,89068.34511598619
-119.0,35.31,53300.0,111012.05511638243,-57712.05511638243
-120.46,37.31,87800.0,132749.39636698598,-44949.39636698598
-118.0,34.15,178300.0,178229.81677946262,70.18322053737938
-122.07,37.96,197100.0,259186.7975621717,-62086.797562171705
-118.08,33.89,123400.0,149849.40938704787,-26449.40938704787
-118.11,34.1,292900.0,284436.01612053905,8463.983879460953
-118.23,33.88,109800.0,169571.09992869757,-59771.09992869757
-118.31,33.97,124200.0,222617.2891249843,-98417.2891249843
-119.25,35.76,57300.0,97019.61128482223,-39719.611284822226
-122.04,36.98,404700.0,329822.47679350944,74877.52320649056
-117.61,33.43,187500.0,177698.59794982895,9801.402050171047
-122.2,39.75,63700.0,57907.94128681021,5792.058713189792
-119.88,36.93,101200.0,158768.1317858873,-57568.13178588729
-122.43,37.8,500000.0,336726.35143960966,163273.64856039034
-121.56,39.1,45500.0,45923.76658745948,-423.76658745948225
-118.12,33.77,463500.0,332741.1196828135,130758.88031718647
-116.92,32.76,181300.0,264437.8247722909,-83137.82477229089
-118.02,34.15,307400.0,212044.30002800003,95355.69997199997
-122.5,37.51,371800.0,400719.5608105203,-28919.560810520314
-120.22,36.49,56000.0,94431.1555911093,-38431.1555911093
-118.03,33.86,289300.0,221959.68048916617,67340.31951083383
-117.69,34.08,128200.0,167833.97025614092,-39633.97025614092
-122.87,38.39,271400.0,255626.52280802233,15773.477191977669
-118.1,33.89,182100.0,249176.6940347678,-67076.6940347678
-121.82,37.31,219400.0,259314.53300318588,-39914.533003185876
-119.8,36.76,78400.0,144451.57428777963,-66051.57428777963
-117.11,33.75,96100.0,123452.58601815719,-27352.58601815719
-122.25,37.49,394700.0,358514.10772787686,36185.892272123136
-118.1,33.83,222500.0,262927.9766458506,-40427.97664585058
-117.69,35.65,87500.0,108144.26054273406,-20644.26054273406
-117.04,32.67,137500.0,208771.08048702916,-71271.08048702916
-117.78,33.86,246100.0,208872.98056816682,37227.01943183318
-118.37,34.21,175700.0,192145.06063057808,-16445.060630578082
-117.97,34.08,164100.0,158419.86590023758,5680.134099762421
-117.46,33.93,132800.0,142586.28772871988,-9786.287728719879
-119.29,36.12,129200.0,103354.8514718446,25845.148528155405
-118.3,33.9,224100.0,206925.28938432317,17174.710615676828
-121.48,38.53,103900.0,118447.0051027434,-14547.005102743395
-117.1,34.57,112800.0,121502.25752183562,-8702.257521835621
-118.36,34.09,243800.0,230766.9915415789,13033.0084584211
-117.36,34.1,88600.0,125797.75874033244,-37197.75874033244
-117.06,32.64,186100.0,295762.77083626855,-109662.77083626855
-117.24,34.59,186100.0,111667.75433295453,74432.24566704547
-120.99,37.7,160900.0,195057.27059447393,-34157.27059447393
-118.16,34.19,149200.0,141788.83848100202,7411.161518997978
-122.29,40.39,76400.0,20912.86430444382,55487.13569555618
-122.32,37.56,500001.0,330053.85733092856,169947.14266907144
-121.27,38.62,95600.0,105516.92761056544,-9916.927610565443
-122.32,37.56,237500.0,228821.67532415828,8678.324675841723
-118.38,33.77,418300.0,391010.3540254063,27289.645974593703
-122.09,37.68,197500.0,235264.60110489884,-37764.601104898844
-115.52,32.98,66400.0,55024.94107776834,11375.058922231663
-118.32,33.88,269000.0,336098.8490631217,-67098.84906312171
-118.51,34.17,219000.0,240786.84042442543,-21786.840424425434
-117.61,34.12,156900.0,183953.0161775248,-27053.016177524813
-116.99,32.85,134200.0,213789.1892538052,-79589.1892538052
-117.23,32.87,204200.0,209956.41763945483,-5756.417639454827
-118.17,33.77,218800.0,249280.0029386743,-30480.002938674297
-117.97,33.89,181800.0,251756.2860822291,-69956.28608222911
-118.09,34.04,168500.0,205256.09420125885,-36756.09420125885
-122.25,37.84,299200.0,254919.39181112405,44280.60818887595
-118.16,34.02,166000.0,131123.42273079278,34876.57726920722
-116.99,32.64,193500.0,197820.21657935344,-4320.216579353437
-122.42,37.76,212500.0,183275.4665482049,29224.533451795112
-121.69,37.14,386200.0,259920.1458077007,126279.8541922993
-118.13,34.05,268400.0,214590.1783046322,53809.821695367806
-118.35,33.97,128100.0,199846.50037366804,-71746.50037366804
-119.89,34.44,271200.0,305394.1234923103,-34194.12349231029
-121.39,38.69,88400.0,145906.28468016256,-57506.28468016256
-121.32,38.0,101500.0,107452.83952160412,-5952.8395216041245
-118.48,34.15,495500.0,291814.7285380014,203685.27146199858
-117.96,34.06,167300.0,127403.19438494323,39896.80561505677
-120.18,39.28,141300.0,141658.50343361776,-358.5034336177632
-118.51,34.04,500001.0,494452.78035322763,5548.21964677237
-118.9,34.26,321300.0,229030.94711519266,92269.05288480734
-117.27,34.07,82100.0,71641.26820816519,10458.731791834813
-118.25,33.99,92900.0,108363.518392317,-15463.518392316997
-117.93,33.87,168000.0,182417.41399573814,-14417.413995738141
-122.04,38.28,135000.0,179072.20289590303,-44072.20289590303
-119.29,34.44,243100.0,230866.76273461292,12233.237265387084
-116.99,34.3,157100.0,202034.19376752852,-44934.193767528515
-119.93,38.72,97900.0,23841.45163111342,74058.54836888658
-118.27,33.8,177700.0,213084.88434611447,-35384.88434611447
-121.3,38.13,131800.0,140926.25861931918,-9126.258619319182
-118.47,34.04,268800.0,288730.6027352838,-19930.602735283785
-119.51,34.4,314300.0,174034.2236088314,140265.7763911686
-122.69,38.32,183600.0,238786.06011087447,-55186.060110874474
-116.21,33.68,100000.0,49985.51534979837,50014.48465020163
-118.86,34.22,232200.0,269354.05831793,-37154.05831792997
-117.17,34.08,138100.0,167799.43954235176,-29699.439542351756
-118.05,34.06,162500.0,143303.4364525848,19196.563547415193
-118.56,34.18,457300.0,292904.3664975674,164395.6335024326
-117.5,33.96,139200.0,161028.25786782568,-21828.257867825683
-118.34,34.16,244500.0,231622.64755915757,12877.352440842427
-119.58,36.11,61600.0,94615.82795255352,-33015.82795255352
-118.35,33.9,237000.0,209205.54826489044,27794.451735109556
-121.18,37.79,112500.0,98174.02864835411,14325.971351645887
-117.18,34.05,122300.0,144685.54621858336,-22385.54621858336
-118.04,34.12,500001.0,267565.8306510765,232435.1693489235
-117.2,33.72,110100.0,156632.6718180445,-46532.6718180445
-122.5,37.92,300900.0,298661.90027188975,2238.0997281102464
-117.67,34.05,167500.0,140994.90761137148,26505.092388628516
-118.45,34.18,246400.0,232819.59363030503,13580.406369694974
-121.87,37.27,279300.0,367922.8824474765,-88622.8824474765
-117.6,33.43,414000.0,254173.97981759906,159826.02018240094
-119.74,36.76,58700.0,84143.51074099448,-25443.510740994476
-118.04,33.76,294900.0,332760.6345725036,-37860.63457250362
-118.42,33.97,365200.0,285758.82119139563,79441.17880860437
-122.0,37.36,368300.0,341176.30334605183,27123.696653948165
-118.54,34.19,239200.0,168095.37077548634,71104.62922451366
-117.84,33.74,121400.0,221932.5451685912,-100532.5451685912
-117.58,33.66,215000.0,233478.1210040669,-18478.121004066896
-117.42,33.94,113900.0,194251.38160490943,-80351.38160490943
-118.14,34.05,236400.0,222883.5251647802,13516.474835219793
-117.13,32.77,171700.0,214457.74993563816,-42757.74993563816
-122.23,37.76,248500.0,266067.65039627673,-17567.65039627673
-122.38,40.57,58200.0,42716.53198905103,15483.468010948971
-119.35,36.19,67800.0,23569.88232888747,44230.11767111253
-120.64,36.99,75700.0,121221.36157537391,-45521.361575373914
-117.88,34.12,178000.0,201519.18232764676,-23519.182327646762
-115.54,32.79,60400.0,32047.367558729835,28352.632441270165
-118.05,33.72,226100.0,280102.7785845222,-54002.778584522195
-118.14,33.88,179500.0,227030.76557630906,-47530.76557630906
-120.43,34.89,158200.0,297642.126376478,-139442.126376478
-117.05,33.05,278600.0,280599.3563923752,-1999.3563923751935
-122.32,37.52,480800.0,338163.7705932022,142636.2294067978
-118.11,34.06,192300.0,136223.809762544,56076.190237456
-121.56,38.44,141700.0,150592.22677228227,-8892.226772282273
-121.82,37.38,330800.0,300847.02530766325,29952.97469233675
-117.14,32.71,100000.0,143588.14397220267,-43588.14397220267
-118.2,33.9,103200.0,129260.81407130137,-26060.81407130137
-119.21,36.39,53500.0,76443.082801966,-22943.082801965997
-118.2,34.11,185700.0,147701.9124891758,37998.0875108242
-117.93,33.64,192900.0,148794.64193747984,44105.35806252016
-117.94,33.88,256000.0,291875.08147748,-35875.08147748001
-118.0,34.07,138500.0,134486.75109963585,4013.248900364153
-116.56,34.06,69600.0,137893.54863143293,-68293.54863143293
-118.37,34.02,246800.0,256058.0665645986,-9258.066564598586
-121.98,37.95,265900.0,295427.59093085537,-29527.590930855367
-118.18,33.79,162500.0,98906.783989619,63593.216010381
-122.45,37.78,322700.0,274661.30742962845,48038.69257037155
-122.14,37.48,148900.0,233605.21216382599,-84705.21216382599
-118.02,34.13,429000.0,355066.24652062776,73933.75347937224
-122.13,37.45,500001.0,405130.3470530957,94870.6529469043
-117.66,34.13,254100.0,254488.08266369393,-388.08266369393095
-122.42,37.74,328100.0,245594.59734871844,82505.40265128156
-118.28,34.08,169100.0,188948.15990853403,-19848.159908534028
-118.11,33.94,255400.0,262651.843060147,-7251.843060147017
-121.53,38.58,76400.0,136137.96253665816,-59737.96253665816
-117.01,32.85,151400.0,258434.1969381324,-107034.1969381324
-117.96,33.99,311100.0,279149.472241323,31950.527758677024
-122.5,37.97,187500.0,196451.4930384988,-8951.493038498797
-118.08,34.1,213200.0,198691.09145113686,14508.908548863139
-118.31,34.04,208300.0,159066.96471361723,49233.03528638277
-117.99,33.9,202800.0,277847.18646141235,-75047.18646141235
-119.83,36.8,90100.0,174618.3468277296,-84518.3468277296
-117.1,32.75,92400.0,106256.25578309502,-13856.255783095025
-121.24,38.78,136500.0,9683.67851769505,126816.32148230495
-119.95,38.95,92200.0,7240.947441729717,84959.05255827028
-120.24,37.96,79400.0,54984.39867885271,24415.60132114729
-117.09,32.75,95500.0,124133.70915731462,-28633.709157314617
-117.9,33.68,249200.0,223513.69061615271,25686.309383847285
-117.63,34.08,111700.0,186690.1977985236,-74990.19779852359
-118.31,34.05,190600.0,140422.64034823794,50177.35965176206
-121.84,36.6,191800.0,263131.6740393308,-71331.6740393308
-118.44,33.81,500001.0,340216.7632395411,159784.2367604589
-119.46,35.17,50800.0,203025.41431136848,-152225.41431136848
-121.43,37.78,163500.0,128180.8913926892,35319.1086073108
-122.44,37.75,368900.0,294410.833649233,74489.16635076702
-121.7,39.37,57000.0,59280.8795056683,-2280.879505668301
-120.85,37.77,75000.0,114055.80614089267,-39055.80614089267
-118.48,34.42,229000.0,242720.9812816945,-13720.98128169449
-121.6,37.9,340900.0,339647.4163503698,1252.5836496301927
-122.23,37.47,276600.0,279351.67476663226,-2751.6747666322626
-120.95,37.66,188400.0,200179.3656787309,-11779.365678730886
-121.3,37.92,73900.0,60347.985430258326,13552.014569741674
-122.09,37.69,150000.0,215712.90070683137,-65712.90070683137
-122.23,38.05,147100.0,199068.2278988841,-51968.2278988841
-117.93,33.83,186300.0,159520.47057357198,26779.529426428024
-118.3,33.87,234900.0,268767.5103897755,-33867.5103897755
-117.09,32.76,122500.0,144377.5710977381,-21877.57109773811
-122.56,37.97,398900.0,295330.82235110225,103569.17764889775
-122.12,37.75,250000.0,337258.5591049474,-87258.55910494737
-117.66,34.05,113600.0,181103.87476253975,-67503.87476253975
-118.62,34.2,244800.0,267066.86934767757,-22266.869347677566
-118.35,34.17,225000.0,161643.8194814357,63356.1805185643
-118.06,33.98,186900.0,285861.8811430959,-98961.8811430959
-118.34,33.84,309700.0,327212.26442099875,-17512.26442099875
-121.4,38.47,130600.0,113988.98512279941,16611.014877200592
-122.43,37.63,342300.0,283171.78338011913,59128.21661988087
-120.98,37.64,65000.0,102425.48750904668,-37425.48750904668
-117.82,33.89,278900.0,197105.98513236037,81794.01486763963
-118.29,34.03,168800.0,150568.28184351092,18231.718156489078
-119.7,34.43,418400.0,328465.60606165556,89934.39393834444
-117.32,34.19,109000.0,153240.58176992694,-44240.58176992694
-118.44,34.31,160100.0,153738.65268902015,6361.347310979851
-122.25,37.5,345000.0,306126.84389672335,38873.15610327665
-118.44,34.01,418800.0,290527.1638351539,128272.83616484609
-118.1,33.84,209100.0,215698.5487783989,-6598.548778398894
-121.47,39.51,97500.0,76155.13117057597,21344.868829424027
-117.93,33.9,500001.0,442399.2349351179,57601.765064882115
-121.51,38.69,108600.0,78784.2908338746,29815.709166125394
-117.96,34.02,133300.0,139551.34336316958,-6251.343363169581
-119.01,36.07,50900.0,100741.64105008496,-49841.64105008496
-122.04,37.37,311600.0,292173.3735682857,19426.626431714278
-118.38,33.86,365500.0,319077.48489445494,46422.515105545055
-122.26,37.87,175000.0,66739.83019454638,108260.16980545362
-118.16,33.88,170300.0,136669.2052033292,33630.79479667079
-119.18,34.27,279500.0,274272.41237640986,5227.587623590138
-117.23,33.68,125900.0,171910.6390894563,-46010.639089456294
-117.6,34.11,155700.0,199293.88022405608,-43593.880224056076
-117.11,32.7,83300.0,133164.43985146424,-49864.43985146424
-122.16,37.77,156300.0,282313.95284524467,-126013.95284524467
-117.77,34.08,214800.0,262566.75021597743,-47766.75021597743
-119.48,36.5,110300.0,118977.24531035172,-8677.245310351718
-123.73,39.44,165000.0,172794.74019614886,-7794.740196148865
-122.45,37.74,349500.0,285867.3448148919,63632.65518510807
-122.44,37.79,500001.0,706656.4601211664,-206655.46012116643
-121.04,39.24,125700.0,75462.4850061317,50237.5149938683
-117.7,34.0,193100.0,218661.58049355214,-25561.580493552145
-118.1,34.12,500001.0,536688.4937910279,-36687.493791027926
-117.87,34.11,199600.0,229872.13959777495,-30272.13959777495
-118.34,34.07,500001.0,272181.4506031205,227819.5493968795
-122.3,38.25,163400.0,232883.7361533139,-69483.73615331389
-118.18,33.96,137500.0,99168.85745917074,38331.142540829256
-121.22,37.81,121500.0,166358.54612727184,-44858.54612727184
-118.37,33.82,381200.0,279809.04631223064,101390.95368776936
-122.22,38.1,111900.0,219530.74847275903,-107630.74847275903
-121.67,39.26,58000.0,47987.70553838322,10012.29446161678
-120.43,36.99,63800.0,122807.48059805622,-59007.48059805622
-118.45,33.99,363200.0,269165.01630569715,94034.98369430285
-122.04,36.96,206400.0,215184.9212996876,-8784.921299687587
-117.65,33.4,370800.0,225987.94115128554,144812.05884871446
-122.63,38.94,81800.0,113499.6603139746,-31699.6603139746
-122.04,37.34,271500.0,251792.47880882444,19707.52119117556
-121.97,37.53,197000.0,259697.89203048218,-62697.89203048218
-119.78,36.78,73400.0,117901.6205511908,-44501.620551190805
-118.44,34.15,301700.0,212770.63108859165,88929.36891140835
-118.14,34.68,119600.0,198544.8965800386,-78944.89658003859
-121.86,37.39,258100.0,260970.2041703565,-2870.2041703565046
-118.33,34.15,17500.0,170789.3613088578,-153289.3613088578
-117.34,33.21,145700.0,198571.00324089918,-52871.00324089918
-122.2,37.77,102000.0,171933.02460094215,-69933.02460094215
-118.1,33.74,400000.0,276749.8589415187,123250.1410584813
-119.05,36.09,99200.0,136857.18544618087,-37657.18544618087
-121.82,37.81,485400.0,348136.5998637234,137263.4001362766
-117.81,33.83,477100.0,410306.66239946615,66793.33760053385
-119.04,35.36,66900.0,123541.02196692629,-56641.02196692629
-117.9,33.88,375400.0,406310.6324591511,-30910.632459151093
-122.2,37.79,169600.0,250080.9844814269,-80480.98448142689
-118.95,34.17,247600.0,281957.3683672678,-34357.36836726777
-117.9,33.83,164700.0,136035.87878981512,28664.12121018488
-118.38,34.16,309400.0,241488.29307139898,67911.70692860102
-117.15,32.93,185300.0,236030.67782034585,-50730.67782034585
-118.3,33.86,230200.0,280260.9410785525,-50060.94107855251
-118.18,33.98,156100.0,139701.43490468152,16398.56509531848
-118.01,33.73,302500.0,314476.93847322976,-11976.938473229762
-116.4,34.09,97800.0,96683.92569741141,1116.0743025885895
-121.96,37.35,251300.0,249973.81939959247,1326.1806004075333
-122.47,37.7,281300.0,251896.3074180805,29403.692581919488
-117.11,32.59,153100.0,153590.46734886337,-490.4673488633707
-122.43,37.75,355600.0,294820.74958317215,60779.250416827854
-120.57,37.35,101300.0,121298.70425767777,-19998.704257677775
-118.13,33.96,266000.0,242719.86130824173,23280.13869175827
-120.79,37.49,160700.0,171287.9566088859,-10587.9566088859
-118.47,34.0,305800.0,211061.72683016956,94738.27316983044
-116.99,33.92,147500.0,145873.83998504234,1626.1600149576552
-117.96,33.84,186300.0,196183.01904249704,-9883.019042497035
-122.16,37.47,162600.0,174997.35544666788,-12397.355446667876
-118.03,34.16,484700.0,335105.5594846732,149594.4405153268
-117.22,32.78,175000.0,212261.46151959756,-37261.461519597564
-117.23,33.91,127200.0,109712.86300920742,17487.136990792584
-117.94,33.88,365100.0,276535.3540505427,88564.6459494573
-121.14,38.84,236500.0,137334.57610108005,99165.42389891995
-121.93,37.28,214000.0,266774.8040401363,-52774.80404013628
-121.94,37.32,225800.0,298031.5340565811,-72231.53405658109
-124.17,40.74,128900.0,173341.12407489028,-44441.12407489028
-117.11,32.78,73500.0,250817.16681043664,-177317.16681043664
-121.44,36.51,114700.0,206465.95674665598,-91765.95674665598
-121.88,37.33,175000.0,181151.6091756993,-6151.609175699297
-118.52,34.22,318100.0,204355.54274288798,113744.45725711202
-122.49,37.76,331200.0,255965.82415765943,75234.17584234057
-119.29,34.28,192500.0,233581.50931717316,-41081.50931717316
-117.1,33.14,159500.0,244674.1538117621,-85174.15381176211
-118.07,33.9,162700.0,221266.06637761835,-58566.06637761835
-121.47,38.48,67300.0,105433.49610124668,-38133.49610124668
-121.23,38.65,212900.0,161827.14610468503,51072.85389531497
-116.93,32.79,140600.0,202591.87107684463,-61991.87107684463
-117.68,34.04,186500.0,183916.75350991497,2583.246490085032
-122.53,37.93,393200.0,359378.04809444724,33821.95190555276
-121.25,37.95,55300.0,110603.44309269963,-55303.44309269963
-118.42,34.04,409800.0,287159.3552343319,122640.64476566808
-118.02,34.09,191800.0,187528.51315757725,4271.486842422746
-121.28,38.14,99500.0,171882.81625596946,-72382.81625596946
-117.89,33.88,175000.0,131354.6173163806,43645.38268361939
-117.51,33.89,158000.0,195563.32102991827,-37563.32102991827
-118.27,34.0,106900.0,149622.81490510842,-42722.81490510842
-118.14,33.96,277200.0,233733.19973780913,43466.80026219087
-118.31,33.72,326700.0,238308.85993890604,88391.14006109396
-119.82,36.64,96000.0,99654.71776774758,-3654.7177677475847
-118.49,34.29,431800.0,419927.6839388949,11872.316061105113
-122.67,38.44,172200.0,208903.4359801854,-36703.4359801854
-121.28,38.6,112500.0,114111.78589498485,-1611.785894984845
-116.88,34.19,225000.0,87725.28485984309,137274.7151401569
-121.79,37.23,259500.0,267484.2459603995,-7984.2459603995085
-122.5,37.75,291500.0,271484.26817840384,20015.731821596157
-119.65,36.32,50400.0,68433.48526770016,-18033.48526770016
-119.82,34.44,150000.0,265080.21003266843,-115080.21003266843
-118.12,33.81,224600.0,260003.66717522638,-35403.66717522638
-121.96,38.32,130600.0,186202.60265659168,-55602.60265659168
-119.32,36.19,69700.0,116547.80629030848,-46847.80629030848
-121.99,37.05,353000.0,292419.3132172511,60580.686782748904
-122.03,37.34,231200.0,293585.5270968899,-62385.52709688991
-117.93,34.05,205100.0,209128.5258221859,-4028.5258221859112
-122.12,37.43,398100.0,319322.64926884044,78777.35073115956
-117.89,34.12,141300.0,190343.44279990764,-49043.44279990764
-121.36,38.01,173300.0,175063.66675296752,-1763.6667529675178
-120.78,38.73,127900.0,95999.91872060625,31900.08127939375
-122.26,37.86,289500.0,238387.12801160663,51112.871988393366
-121.28,38.02,95900.0,116335.29667347018,-20435.296673470177
-121.76,38.66,133400.0,165460.05480519962,-32060.054805199616
-118.21,33.82,146800.0,202812.1981571801,-56012.1981571801
-118.31,34.18,181300.0,207721.4323287094,-26421.4323287094
-116.87,33.93,54600.0,63191.49921425432,-8591.49921425432
-119.01,36.08,55500.0,77962.36375097977,-22462.36375097977
-117.83,33.82,150000.0,186813.38634509128,-36813.386345091276
-121.42,38.6,102800.0,91644.73841538094,11155.26158461906
-117.75,34.05,93300.0,90966.0996182086,2333.9003817914054
-117.32,34.02,123100.0,182947.81304514455,-59847.81304514455
-117.71,34.04,231800.0,149140.52236948395,82659.47763051605
-117.9,33.75,159500.0,162476.20769215003,-2976.2076921500266
-118.18,37.35,108300.0,15935.536995264236,92364.46300473576
-119.02,36.06,43100.0,64313.273837573826,-21213.273837573826
-119.35,36.33,105600.0,116480.6282866709,-10880.628286670893
-117.99,34.04,168300.0,134941.09609999927,33358.90390000073
-120.59,34.7,28300.0,104498.9340848485,-76198.9340848485
-117.69,33.53,282900.0,276755.804932788,6144.195067211986
-119.19,34.23,234300.0,249003.1563744219,-14703.156374421902
-121.76,38.25,212500.0,137904.15870974027,74595.84129025973
-118.3,34.08,205600.0,160376.1332180067,45223.8667819933
-120.83,37.51,150000.0,213109.05403899075,-63109.054038990755
-121.78,37.66,193000.0,215032.0791382608,-22032.0791382608
-117.86,34.24,14999.0,235151.20864477195,-220152.20864477195
-118.02,34.09,170000.0,132450.18995594187,37549.81004405813
-117.15,32.92,168300.0,215216.7198485569,-46916.71984855691
-122.91,39.05,93500.0,161518.24819260463,-68018.24819260463
-118.67,34.27,191800.0,211960.85446512466,-20160.854465124663
-117.98,33.85,181500.0,236717.86996808508,-55217.869968085084
-118.52,34.22,195400.0,256088.3813458383,-60688.38134583831
-117.01,32.83,121900.0,292056.21854617354,-170156.21854617354
-117.25,33.22,142600.0,196961.8690413013,-54361.86904130131
-118.25,34.02,158300.0,165694.72097888822,-7394.720978888217
-118.2,33.95,165300.0,149089.9692661222,16210.030733877793
-118.21,34.04,155000.0,159948.99641171657,-4948.9964117165655
-121.31,38.02,92100.0,133400.78371453984,-41300.78371453984
-115.57,32.79,68100.0,84643.23002309073,-16543.230023090728
-122.58,38.1,276300.0,301269.8989450387,-24969.898945038673
-122.19,37.83,335200.0,392391.5146328262,-57191.514632826205
-117.06,33.02,121100.0,130383.26233554119,-9283.262335541192
-121.19,38.04,177100.0,147371.47592291702,29728.524077082984
-118.23,33.8,187500.0,124771.25788783375,62728.74211216625
-121.5,38.53,192000.0,226008.9597099172,-34008.959709917195
-118.25,34.22,301200.0,274943.4765378395,26256.52346216049
-117.64,34.03,159100.0,159900.42350382404,-800.423503824044
-122.34,37.56,500001.0,592171.2420868278,-92170.24208682775
-122.31,37.57,273700.0,248560.70121956756,25139.298780432437
-121.76,37.23,233900.0,265528.8709012531,-31628.870901253074
-122.41,37.8,500001.0,212077.26985705784,287923.73014294216
-118.12,33.83,222800.0,280140.32026308775,-57340.32026308775
-117.62,34.44,140200.0,167421.45034807594,-27221.450348075945
-117.85,33.74,159800.0,145661.04310933826,14138.956890661735
-118.28,34.0,118800.0,133964.15157051198,-15164.151570511982
-118.46,34.01,500001.0,259608.1878840886,240392.8121159114
-121.41,38.61,105500.0,165314.6548680961,-59814.65486809611
-118.25,34.11,217800.0,192674.35599343805,25125.644006561954
-118.28,34.06,187500.0,148494.6557386052,39005.344261394814
-122.02,37.88,287300.0,337367.5623737592,-50067.562373759225
-119.1,35.35,131000.0,221518.27322584763,-90518.27322584763
-121.47,38.55,55800.0,43750.68577756733,12049.314222432673
-117.92,34.05,161900.0,219033.14293637592,-57133.14293637592
-122.26,37.86,253600.0,249484.35254992172,4115.647450078279
-118.05,33.9,155000.0,178722.87085588044,-23722.870855880436
-121.88,37.67,311500.0,308576.9973700787,2923.002629921306
-120.98,39.93,87800.0,17590.257382525597,70209.7426174744
-123.79,39.44,105800.0,185149.71968550934,-79349.71968550934
-117.95,33.92,137000.0,150291.62120375037,-13291.621203750372
-118.02,34.05,156300.0,142757.27801115764,13542.721988842357
-118.2,33.99,154700.0,170219.1557804402,-15519.155780440196
-120.87,38.71,167400.0,110988.05754746264,56411.94245253736
-122.48,37.79,457800.0,310557.0500290557,147242.94997094432
-118.4,33.87,500001.0,302279.8830147893,197721.11698521068
-119.84,36.81,188300.0,303853.6214444232,-115553.62144442322
-118.33,34.08,442900.0,266756.5697516878,176143.4302483122
-118.54,34.26,500001.0,471482.94397985144,28518.056020148564
-118.4,34.06,500001.0,363040.95245469455,136960.04754530545
-122.02,36.98,187500.0,180311.08758680895,7188.91241319105
-119.28,36.54,57400.0,61745.59108066559,-4345.591080665588
-122.17,37.43,387500.0,104272.00348316506,283227.99651683494
-117.69,33.54,272000.0,304573.27859657584,-32573.278596575838
-117.07,32.77,167600.0,175551.94462768827,-7951.944627688266
-118.03,34.01,403700.0,274041.61236396106,129658.38763603894
-118.21,34.07,191700.0,135576.91645106534,56123.083548934665
-117.62,33.42,500001.0,227936.83449652698,272064.165503473
-117.93,34.08,187100.0,225553.54875306878,-38453.54875306878
-121.69,38.16,96400.0,173808.2864341163,-77408.28643411631
-119.82,37.57,92400.0,70350.0041331267,22049.9958668733
-119.18,34.21,213900.0,232574.3606240903,-18674.360624090303
-117.41,34.23,155000.0,240885.0697359792,-85885.0697359792
-117.9,34.13,133000.0,164975.9481183635,-31975.948118363507
-118.27,34.05,275000.0,86080.32410804182,188919.67589195818
-118.03,33.97,238500.0,225018.69122964423,13481.308770355769
-121.26,37.88,158300.0,163093.2678297707,-4793.267829770688
-124.17,40.79,70500.0,128893.03483892279,-58393.03483892279
-117.82,33.79,222300.0,148466.54655882576,73833.45344117424
-122.03,37.36,411900.0,334498.18764990894,77401.81235009106
-118.37,34.19,185100.0,167158.2021085061,17941.797891493887
-118.13,33.79,500001.0,262637.482120113,237363.51787988702
-117.08,32.63,139800.0,194940.9915098329,-55140.99150983291
-120.65,35.12,178100.0,240417.3556988095,-62317.35569880949
-122.71,38.46,159300.0,210780.27627073135,-51480.27627073135
-118.24,33.98,125000.0,146313.64989741566,-21313.649897415657
-117.19,32.84,197100.0,282029.37290122686,-84929.37290122686
-117.31,34.11,64000.0,74363.97409366816,-10363.974093668163
-118.13,33.87,194600.0,198508.1962112505,-3908.196211250499
-121.0,39.09,162500.0,54392.43393686786,108107.56606313214
-119.01,35.37,84400.0,113493.6671112664,-29093.667111266404
-121.59,39.15,61300.0,57792.94158921484,3507.058410785161
-122.29,37.53,368200.0,302868.55671085697,65331.44328914303
-117.21,33.82,122100.0,159347.61978641525,-37247.61978641525
-120.84,37.49,86100.0,97461.48761517927,-11361.48761517927
-122.08,37.7,209900.0,227010.7540420643,-17110.754042064305
-118.05,33.95,170800.0,184006.78044466162,-13206.780444661621
-120.67,35.5,175000.0,221475.22494900506,-46475.22494900506
-117.13,32.72,126600.0,128827.7364404425,-2227.7364404425025
-118.43,34.18,282200.0,234751.86473146314,47448.13526853686
-119.14,34.15,207700.0,252422.51514281007,-44722.515142810065
-122.71,38.35,104200.0,179720.69838418998,-75520.69838418998
-119.26,34.27,214300.0,273950.6321191327,-59650.63211913267
-119.83,36.78,80300.0,133780.6997800339,-53480.6997800339
-120.61,35.06,273100.0,276713.7889263984,-3613.7889263983816
-121.99,37.37,237500.0,250519.52120499918,-13019.521204999182
-121.0,37.63,73800.0,91624.08312220266,-17824.08312220266
-121.8,37.26,184400.0,195272.86168020498,-10872.86168020498
-118.35,34.08,342000.0,247184.47400165023,94815.52599834977
-117.03,32.74,129700.0,179531.70387958828,-49831.70387958828
-121.81,37.27,224000.0,283948.9325069552,-59948.93250695523
-121.61,38.38,156900.0,181171.08813886065,-24271.08813886065
-120.13,34.63,394900.0,312346.4208204532,82553.5791795468
-117.07,33.15,157700.0,232097.9651886248,-74397.9651886248
-124.02,40.72,119900.0,176865.10739903385,-56965.10739903385
-118.38,33.87,316900.0,269840.7945862524,47059.20541374758
-118.14,33.79,212500.0,269813.1705320771,-57313.170532077085
-124.17,40.78,68300.0,109044.96865508333,-40744.96865508333
-116.99,32.79,165100.0,226920.81561050797,-61820.81561050797
-118.27,33.95,93600.0,120624.57525291946,-27024.575252919458
-121.32,37.97,88800.0,166072.66048150975,-77272.66048150975
-122.12,37.67,184700.0,241732.31628155243,-57032.31628155243
-122.28,37.89,327100.0,324247.9605352995,2852.0394647005014
-117.71,34.08,134300.0,123215.4476706693,11084.552329330705
-119.66,34.43,500001.0,273090.095367962,226910.90463203797
-121.36,38.04,162100.0,201693.06804300006,-39593.068043000065
-122.04,37.24,500001.0,524408.8079531728,-24407.80795317283
-121.96,36.98,229200.0,229878.4761865819,-678.4761865818873
-120.67,36.72,112500.0,117247.5564572066,-4747.556457206607
-118.35,33.85,354200.0,270765.0560453106,83434.94395468943
-122.24,37.48,362100.0,305664.1227858667,56435.877214133274
-121.49,37.94,162500.0,93114.48557718005,69385.51442281995
-118.25,34.01,100500.0,128675.70712900069,-28175.707129000686
-115.52,32.67,67700.0,14601.01737542171,53098.98262457829
-119.84,36.75,57100.0,82797.9240046423,-25697.924004642293
-117.55,33.89,164800.0,249082.38976261625,-84282.38976261625
-118.24,34.12,204200.0,199797.74546453124,4402.254535468761
-122.08,37.39,342400.0,290594.0397686134,51805.96023138659
-118.15,33.97,181500.0,137770.57123945048,43729.42876054952
-118.44,34.15,304500.0,201694.87020337954,102805.12979662046
-121.99,37.4,235300.0,280490.8032913883,-45190.80329138832
-117.68,35.63,105300.0,194695.5462126187,-89395.5462126187
-117.22,32.73,291400.0,257875.3605588628,33524.6394411372
-122.13,37.46,159600.0,224695.66693281103,-65095.66693281103
-117.09,32.72,111800.0,134105.8699846142,-22305.869984614197
-121.33,38.0,119600.0,154317.356354394,-34717.356354393996
-120.52,35.06,329700.0,263805.1862836275,65894.81371637248
-122.18,37.78,136700.0,228358.7944313134,-91658.7944313134
-121.88,38.03,101400.0,147851.38474034797,-46451.384740347974
-120.98,37.68,118600.0,127318.37582763657,-8718.37582763657
-122.26,38.1,133300.0,172793.54050489143,-39493.540504891425
-119.09,36.42,52500.0,45219.56510555139,7280.434894448612
-121.84,37.25,234600.0,277906.46098577697,-43306.46098577697
-122.29,37.81,75000.0,161448.4564859937,-86448.4564859937
-117.95,34.0,176300.0,198960.9595288192,-22660.959528819192
-122.28,37.9,346800.0,290107.59740420897,56692.402595791034
-118.5,34.52,251800.0,250866.7993495725,933.2006504274905
-119.81,36.76,54200.0,125736.9576484859,-71536.9576484859
-119.83,36.72,67500.0,180612.48928100476,-113112.48928100476
-117.69,34.08,142500.0,218049.95888512768,-75549.95888512768
-121.31,38.01,101600.0,136966.02794861048,-35366.027948610485
-118.09,33.83,227300.0,302768.84013193846,-75468.84013193846
-122.48,37.78,337200.0,265921.58754718397,71278.41245281603
-122.51,38.06,118800.0,217693.0453495751,-98893.04534957511
-122.38,39.68,67500.0,79672.59751960728,-12172.597519607283
-117.97,33.93,202000.0,234196.7107082638,-32196.710708263796
-117.09,32.7,94200.0,110711.2894922616,-16511.289492261596
-121.43,38.69,96200.0,88287.07950508734,7912.920494912658
-122.45,37.72,225000.0,247779.825471072,-22779.825471071992
-117.87,34.07,258700.0,194536.68018945213,64163.319810547866
-116.42,33.51,103100.0,99108.2897451031,3991.710254896898
-118.2,34.05,117200.0,130944.90022103582,-13744.900221035816
-117.27,33.93,164800.0,110629.47790865088,54170.52209134912
-117.04,32.75,144000.0,213243.50841264194,-69243.50841264194
-118.08,34.13,500001.0,351294.9963454553,148706.0036545447
-120.99,39.13,155400.0,84641.37463880004,70758.62536119996
-117.46,33.93,114700.0,129849.29549327353,-15149.29549327353
-118.18,34.05,123100.0,202720.2381160874,-79620.23811608739
-120.38,34.96,226800.0,257194.64902244275,-30394.649022442754
-121.19,39.05,180400.0,106789.75277893431,73610.24722106569
-118.13,34.18,310900.0,336086.91191204824,-25186.911912048236
-118.04,33.96,148800.0,190437.56756998925,-41637.567569989245
-119.77,36.81,84700.0,139795.17827798007,-55095.17827798007
-118.92,35.26,63700.0,86292.88051625807,-22592.88051625807
-117.99,34.16,262000.0,230578.20623188885,31421.79376811115
-118.39,33.89,438100.0,370653.05368377175,67446.94631622825
-118.14,33.94,226500.0,234733.2416747003,-8233.241674700286
-116.96,33.74,87600.0,111980.70848118281,-24380.70848118281
-118.38,33.88,345500.0,305422.6082360321,40077.39176396793
-118.21,34.65,140100.0,141844.6638191752,-1744.6638191752136
-118.41,34.03,366700.0,275411.52888971986,91288.47111028014
-117.1,32.76,270800.0,270238.1526589813,561.8473410187289
-117.89,34.12,168800.0,233634.3882797556,-64834.3882797556
-119.72,34.44,293800.0,321385.0219726758,-27585.021972675808
-121.81,37.25,251800.0,303970.482339079,-52170.482339079026
-121.84,39.74,85100.0,97468.18881902704,-12368.18881902704
-122.89,38.38,267500.0,290441.92564528296,-22941.925645282958
-118.43,34.26,140900.0,167844.4714607671,-26944.47146076709
-118.15,33.96,285500.0,187146.0652046632,98353.9347953368
-122.95,38.73,151300.0,189412.88639599644,-38112.88639599644
-122.42,37.79,225000.0,273165.8785991315,-48165.87859913148
-119.01,35.4,44600.0,163047.29414849868,-118447.29414849868
-118.32,34.1,450000.0,163025.22188032186,286974.77811967814
-121.3,38.12,229300.0,296884.0507948138,-67584.05079481378
-119.73,36.73,225000.0,51540.00235270616,173459.99764729384
-118.35,34.04,138000.0,188546.48227247922,-50546.48227247922
-119.19,36.34,96900.0,109381.12260839809,-12481.122608398087
-119.29,34.37,161200.0,206352.09526953427,-45152.09526953427
-121.04,39.19,144300.0,84202.37431655731,60097.62568344269
-118.49,34.02,450000.0,177450.74479952175,272549.25520047825
-122.23,37.79,122500.0,158957.38702748157,-36457.38702748157
-117.8,34.15,248700.0,228089.6937302379,20610.306269762106
-122.29,38.28,134200.0,201889.38074869197,-67689.38074869197
-117.69,33.59,348100.0,337256.71914574644,10843.280854253564
-121.02,40.51,78300.0,19162.895562559832,59137.10443744017
-117.38,34.13,107800.0,101367.80996171292,6432.190038287081
-118.19,34.04,146900.0,162331.9857148663,-15431.985714866314
-120.86,35.39,188300.0,226436.9466576171,-38136.94665761711
-117.38,33.19,162500.0,102277.53797168145,60222.46202831855
-115.52,32.98,58600.0,40500.000654335134,18099.999345664866
-121.87,37.35,183700.0,183583.0985155506,116.90148444939405
-122.36,37.72,180400.0,160627.49906403013,19772.500935969874
-117.12,32.77,175000.0,210256.13799866615,-35256.13799866615
-117.08,33.03,137200.0,253695.3614543276,-116495.36145432759
-122.34,37.97,110000.0,295193.2348654135,-185193.2348654135
-116.97,32.65,233400.0,268445.5719006583,-35045.57190065831
-121.2,39.2,128300.0,63908.575720833614,64391.424279166386
-118.25,34.05,350000.0,298101.44224386895,51898.55775613105
-122.11,37.69,155200.0,202907.49923146097,-47707.49923146097
-121.76,37.7,256700.0,273134.6125024217,-16434.612502421718
-121.47,38.56,85900.0,123515.54380408674,-37615.543804086745
-116.97,33.93,73200.0,89331.92246632604,-16131.92246632604
-117.25,32.8,258300.0,202603.78194701904,55696.218052980956
-115.9,33.34,62800.0,55891.60117398482,6908.398826015182
-118.07,33.72,485000.0,267454.2281221594,217545.77187784063
-118.25,34.03,124000.0,160300.32101970632,-36300.321019706316
-116.96,32.87,158500.0,212102.38825377356,-53602.38825377356
-118.28,33.97,97300.0,117017.5104308324,-19717.510430832393
-118.11,33.91,186700.0,249608.12163329916,-62908.12163329916
-121.99,37.29,344100.0,342187.2499941997,1912.750005800277
-117.14,32.93,166700.0,204963.0505761872,-38263.050576187205
-120.55,38.43,108900.0,64256.36121479981,44643.63878520019
-117.87,33.6,482900.0,289891.72585699847,193008.27414300153
-118.16,34.6,204400.0,251327.55584218446,-46927.55584218446
-118.36,33.88,230700.0,224776.60167823685,5923.398321763147
-121.26,37.93,53000.0,64582.8538092901,-11582.8538092901
-117.34,33.15,178500.0,185969.18407271197,-7469.184072711971
-121.81,36.57,500001.0,360509.6126207956,139491.3873792044
-122.49,37.85,500001.0,579372.0246303673,-79371.02463036729
-119.31,36.33,84900.0,130320.32257578801,-45420.32257578801
-118.43,34.01,500001.0,278033.37503956584,221967.62496043416
-121.87,37.39,246800.0,278611.80087907566,-31811.800879075658
-118.19,33.78,156300.0,149015.63875226304,7284.361247736961
-118.31,34.04,234600.0,188277.4820924285,46322.51790757151
-123.21,40.51,48800.0,34294.22654079599,14505.773459204007
-118.31,33.94,145800.0,204431.25378963258,-58631.25378963258
-119.8,34.43,271500.0,285238.2120752977,-13738.21207529772
-118.39,34.08,500001.0,321246.8976616389,178754.1023383611
-117.09,34.22,87500.0,162813.2649486754,-75313.26494867541
-119.76,36.74,69100.0,91342.17536139814,-22242.175361398142
-117.71,34.07,139300.0,161590.03008962097,-22290.030089620966
-122.25,37.81,273400.0,301652.40705988137,-28252.40705988137
-116.94,32.75,229700.0,239998.32432738226,-10298.324327382259
-122.18,40.02,68200.0,67058.60754267266,1141.3924573273398
-120.97,37.69,114300.0,140907.15981594706,-26607.15981594706
-115.59,32.79,159900.0,218495.9284952432,-58595.92849524319
-117.25,34.16,116600.0,167234.13514615316,-50634.13514615316
-121.83,37.38,209900.0,231278.59499185812,-21378.594991858117
-122.39,40.58,68900.0,45734.565756853204,23165.434243146796
-118.15,34.71,101400.0,174754.2475650441,-73354.24756504409
-117.99,33.94,214000.0,233721.42732107453,-19721.42732107453
-121.77,37.33,355300.0,314373.5245010294,40926.4754989706
-118.23,33.91,90300.0,174949.06127638416,-84649.06127638416
-118.43,34.25,159300.0,181959.59475193964,-22659.594751939643
-115.56,32.8,63900.0,77890.33746793494,-13990.337467934936
-122.29,37.89,218200.0,247034.27239808487,-28834.272398084868
-121.95,37.94,253600.0,283739.8570268075,-30139.8570268075
-118.28,33.94,81300.0,70318.4477142077,10981.552285792306
-117.14,32.79,188600.0,262659.3494867105,-74059.3494867105
-121.62,36.74,165400.0,284460.6808263422,-119060.6808263422
-122.04,37.96,106300.0,176798.34601933602,-70498.34601933602
-118.32,33.89,210100.0,261370.0405469872,-51270.040546987206
-118.41,34.29,147600.0,172165.58300821157,-24565.58300821157
-119.82,34.43,112500.0,230711.64915676275,-118211.64915676275
-122.16,37.71,175000.0,213989.7677337546,-38989.76773375459
-122.08,37.63,156600.0,205125.93196392478,-48525.931963924784
-118.21,33.92,117300.0,171331.07888386492,-54031.07888386492
-118.29,34.05,229200.0,158505.05312349182,70694.94687650818
-117.97,33.77,350000.0,178017.34326258907,171982.65673741093
-122.27,37.82,171900.0,128519.56651838263,43380.433481617365
-119.06,34.36,199300.0,220346.6564938072,-21046.65649380721
-121.51,38.51,251600.0,274202.70512514655,-22602.705125146545
-118.36,34.1,300000.0,333813.2813217663,-33813.28132176632
-118.28,34.05,158900.0,120890.35294539761,38009.64705460239
-122.05,37.68,216800.0,262129.77290592482,-45329.77290592482
-122.26,37.98,198000.0,263628.27970954403,-65628.27970954403
-122.43,37.75,356100.0,338660.40893726936,17439.591062730644
-118.01,33.82,192300.0,224944.91655740608,-32644.916557406075
-118.39,34.02,314500.0,230753.02728888625,83746.97271111375
-115.73,33.36,50000.0,44870.59072138788,5129.409278612118
-117.21,32.83,162500.0,218116.57513946109,-55616.575139461085
-122.1,37.68,167100.0,198588.68962699315,-31488.689626993146
-121.36,38.03,138800.0,150217.78175689885,-11417.781756898854
-118.08,34.01,147600.0,177489.1723875706,-29889.17238757061
-122.04,37.6,238500.0,229321.48002660414,9178.519973395858
-120.98,37.64,110700.0,168547.3248262424,-57847.3248262424
-118.9,34.18,333800.0,330869.08413495356,2930.915865046438
-122.29,37.88,192100.0,223160.2156974543,-31060.21569745429
-118.27,34.46,294000.0,208486.1573621151,85513.8426378849
-118.18,33.97,154500.0,59148.293398268055,95351.70660173194
-118.43,34.25,151900.0,193712.03983962117,-41812.03983962117
-122.2,37.46,500001.0,471670.53513077646,28330.464869223535
-122.46,37.65,322900.0,262822.75110645173,60077.24889354827
-119.2,34.18,165600.0,268840.80970988935,-103240.80970988935
-121.38,36.84,221200.0,203200.50535077928,17999.494649220724
-118.08,33.84,170400.0,202090.2632788415,-31690.263278841507
-121.27,38.72,198700.0,188107.51172026852,10592.488279731479
-118.35,33.93,162500.0,141416.27726777783,21083.722732222173
-122.34,37.52,411200.0,350559.680778367,60640.31922163302
-121.76,37.3,335500.0,291396.69018853083,44103.30981146917
-117.65,34.03,149100.0,167671.74817189202,-18571.748171892017
-118.48,34.01,381500.0,283670.47861738084,97829.52138261916
-118.13,34.06,183900.0,97924.43254051683,85975.56745948317
-121.53,39.53,91200.0,155950.15425468283,-64750.15425468283
-122.21,37.83,411500.0,385147.60442076344,26352.39557923656
-118.11,33.84,220300.0,264670.9640193153,-44370.96401931532
-118.44,34.27,158100.0,186156.21928720502,-28056.219287205022
-120.91,40.08,69600.0,3978.457274892833,65621.54272510717
-117.75,33.84,270500.0,288329.4006486372,-17829.40064863721
-118.11,33.96,261600.0,248838.64860611781,12761.351393882185
-122.24,37.84,389500.0,316486.9268323062,73013.0731676938
-122.33,39.1,75000.0,81611.05157759646,-6611.0515775964595
-122.07,37.63,177600.0,245083.78068757197,-67483.78068757197
-121.12,39.2,170400.0,57294.549528953154,113105.45047104685
-118.2,33.94,154200.0,201548.025874231,-47348.02587423101
-118.17,34.06,131900.0,155339.26390295802,-23439.263902958017
-122.14,40.07,44400.0,37129.231679894496,7270.768320105504
-118.16,34.03,145000.0,167658.56361067342,-22658.563610673416
-117.94,33.66,224100.0,279998.845122545,-55898.845122545026
-120.21,39.35,187500.0,88038.14402258443,99461.85597741557
-118.24,34.15,192900.0,210787.47074917937,-17887.470749179367
-117.41,34.0,88600.0,92104.59822067991,-3504.598220679909
-118.12,33.91,183900.0,213327.87898007734,-29427.878980077337
-118.75,34.27,225000.0,295607.5732018715,-70607.57320187148
-116.87,34.24,182800.0,177178.35294237826,5621.64705762174
-120.95,37.67,137600.0,179874.4162757229,-42274.416275722906
-122.01,36.98,265300.0,279179.5324240881,-13879.532424088102
-118.99,35.32,36600.0,67272.72347641643,-30672.72347641643
-121.37,38.55,125500.0,169046.22651161766,-43546.22651161766
-116.97,32.78,138600.0,215255.3039357108,-76655.3039357108
-121.94,36.55,487100.0,281559.6119528194,205540.3880471806
-121.85,37.3,178600.0,198503.82866399456,-19903.828663994558
-117.31,34.03,134500.0,213179.05915196892,-78679.05915196892
-117.88,33.93,306700.0,320745.0207103323,-14045.02071033232
-118.25,33.89,115800.0,223286.689969189,-107486.689969189
-118.28,33.96,91400.0,115783.36764013208,-24383.367640132084
-116.89,32.99,210900.0,225425.5852391473,-14525.585239147302
-121.91,37.69,259200.0,288086.1119054151,-28886.111905415077
-117.1,33.07,347300.0,375754.75518742064,-28454.75518742064
-119.15,34.83,168400.0,286747.24720166717,-118347.24720166717
-120.78,38.72,150900.0,110942.01990747638,39957.98009252362
-117.33,34.41,113500.0,129584.94341247762,-16084.943412477616
-118.9,34.18,302600.0,299150.87739609974,3449.122603900265
-119.27,34.17,423300.0,350660.9775936189,72639.02240638109
-118.4,33.9,492200.0,373962.63591533806,118237.36408466194
-118.19,33.8,190600.0,210853.95477570314,-20253.95477570314
-117.88,33.71,245000.0,178611.2972706207,66388.70272937929
-121.26,37.98,55700.0,126998.329977124,-71298.329977124
-119.23,35.77,84000.0,187872.04530897504,-103872.04530897504
-117.87,33.89,275000.0,286159.5696914904,-11159.569691490382
-121.15,38.68,189600.0,148074.33076555282,41525.66923444718
-121.95,37.33,275900.0,196152.84910194203,79747.15089805797
-117.26,33.06,319800.0,330839.6907331296,-11039.690733129624
-122.04,37.55,291700.0,241754.6590158986,49945.34098410141
-118.44,35.13,67900.0,91199.16532464419,-23299.165324644186
-118.42,34.23,189000.0,235572.41473383782,-46572.414733837824
-122.23,38.09,90000.0,174299.7640820248,-84299.7640820248
-122.41,37.74,335000.0,248035.85124333808,86964.14875666192
-118.24,34.11,176700.0,152450.21155513776,24249.788444862235
-119.9,36.94,98500.0,145428.0422575199,-46928.042257519905
-118.29,33.89,200600.0,228546.3315692488,-27946.33156924881
-119.79,36.77,60200.0,100218.94295039168,-40018.942950391676
-121.48,38.55,191900.0,231083.99531921837,-39183.995319218375
-117.98,33.84,191100.0,219710.44877843745,-28610.44877843745
-121.91,37.47,337300.0,293771.85428944277,43528.14571055723
-118.37,34.09,225000.0,334014.67264262214,-109014.67264262214
-118.29,34.07,290600.0,201010.06462498568,89589.93537501432
-116.93,33.75,121500.0,122223.58178802347,-723.5817880234681
-122.29,37.54,293200.0,300438.0277253045,-7238.027725304477
-117.59,33.88,107000.0,121905.04884762084,-14905.048847620841
-118.38,34.03,266400.0,242122.35628362792,24277.643716372084
-121.22,37.95,76900.0,129985.4860222973,-53085.48602229729
-117.03,34.07,220300.0,153570.51553090708,66729.48446909292
-117.11,32.75,101100.0,144335.53408734873,-43235.53408734873
-122.5,37.88,474600.0,310383.756725607,164216.24327439303
-116.47,34.07,65300.0,95649.391721413,-30349.391721413005
-117.08,33.13,113700.0,185101.6773660099,-71401.67736600991
-121.65,36.66,214200.0,243781.3879041765,-29581.38790417649
-118.02,33.91,216700.0,272958.8144547031,-56258.814454703126
-118.03,33.83,198400.0,231039.9393490441,-32639.939349044114
-118.01,34.11,212200.0,180616.46847798908,31583.53152201092
-122.43,37.77,222700.0,261016.99049093854,-38316.99049093854
-121.47,36.92,265900.0,253350.92661430454,12549.073385695461
-123.08,40.4,37500.0,44410.98727501044,-6910.9872750104405
-122.41,37.76,265000.0,238721.6439513266,26278.35604867339
-121.29,38.9,108700.0,128688.44060757058,-19988.440607570577
-118.97,35.36,46700.0,84705.49796253769,-38005.49796253769
-117.71,33.58,187500.0,231990.1730741756,-44490.173074175604
-121.68,39.29,61600.0,42093.88743451424,19506.11256548576
-118.36,33.84,343000.0,309975.9573843572,33024.04261564277
-117.9,34.1,166000.0,199449.35435789265,-33449.35435789265
-118.41,34.03,500001.0,224721.35397593677,275279.64602406323
-117.98,33.86,137500.0,203910.32621468604,-66410.32621468604
-121.07,39.2,90600.0,15783.239253786858,74816.76074621314
-119.05,35.44,77000.0,135301.12050485052,-58301.12050485052
-118.42,34.25,148100.0,179122.660932458,-31022.660932458006
-121.33,37.97,91600.0,185925.19795614388,-94325.19795614388
-117.21,33.61,150900.0,177286.34675074695,-26386.346750746947
-118.3,33.91,155100.0,185730.7429701835,-30630.74297018349
-117.33,34.07,89200.0,120824.27979568485,-31624.27979568485
-118.14,34.16,215400.0,162213.51352483965,53186.486475160345
-122.24,40.16,55100.0,45162.74009113852,9937.25990886148
-117.96,33.83,197400.0,199263.70467394544,-1863.7046739454381
-117.13,32.76,154400.0,196074.6719078957,-41674.67190789571
-122.3,37.9,141700.0,179675.2745970348,-37975.27459703479
-121.32,38.03,98400.0,102209.05600582529,-3809.0560058252886
-116.89,34.27,152600.0,192598.10264430707,-39998.10264430707
-118.29,34.0,109600.0,164891.14548986312,-55291.14548986312
-122.48,38.3,171300.0,163077.51896053087,8222.48103946913
-116.24,33.73,104100.0,94063.01838089153,10036.981619108468
-118.44,34.26,153900.0,193951.2782364064,-40051.27823640639
-118.33,33.88,270000.0,213435.90518144006,56564.09481855994
-118.09,33.85,286500.0,259317.4657994276,27182.53420057241
-121.63,37.1,335000.0,253861.1439476502,81138.85605234979
-118.34,33.98,137700.0,171426.8331081788,-33726.833108178806
-118.17,34.12,232000.0,213084.74217042327,18915.25782957673
-122.48,37.78,393800.0,280636.13419398945,113163.86580601055
-121.48,38.5,70300.0,82793.78405014565,-12493.784050145652
-118.2,33.99,141700.0,132659.816526243,9040.183473757003
-118.19,33.99,156300.0,163363.14637170546,-7063.146371705458
-118.32,33.34,450000.0,240004.60251089698,209995.39748910302
-117.14,33.18,199800.0,194932.6654869723,4867.334513027687
-121.79,38.68,95300.0,136094.8088591029,-40794.80885910289
-120.6,37.36,86900.0,141002.54552935762,-54102.54552935762
-118.11,34.06,187500.0,141632.9850272094,45867.01497279061
-120.69,35.26,221800.0,280709.0957208434,-58909.09572084341
-116.22,33.72,58800.0,44729.02277052216,14070.977229477838
-118.18,33.85,134400.0,101667.02481361665,32732.97518638335
-122.08,37.71,238600.0,289298.3455540063,-50698.345554006286
-117.99,33.77,160900.0,186328.0959875877,-25428.0959875877
-121.31,38.66,136400.0,198593.18628497794,-62193.18628497794
-118.16,33.91,144000.0,177020.28173514595,-33020.28173514595
-117.01,32.79,159300.0,235445.82374052238,-76145.82374052238
-118.05,33.98,155300.0,180381.72812396567,-25081.728123965673
-122.33,37.95,142600.0,258128.781348316,-115528.781348316
-121.3,38.14,120700.0,137562.15482199937,-16862.15482199937
-117.92,34.11,126200.0,164602.1647702665,-38402.16477026651
-118.14,33.86,213400.0,260782.87232855614,-47382.87232855614
-121.3,38.61,116900.0,158638.92460372671,-41738.924603726715
-118.45,34.27,185800.0,201257.0572501733,-15457.057250173297
-121.97,37.8,356000.0,350445.4622905804,5554.537709419616
-121.33,37.98,150000.0,128197.23412506934,21802.765874930657
-122.81,40.93,88900.0,73070.01283740764,15829.987162592355
-119.71,34.42,259100.0,217017.85736683337,42082.14263316663
-118.11,33.78,500001.0,373760.2154272301,126240.78457276989
-117.38,34.09,127600.0,135757.6747294888,-8157.67472948879
-121.28,37.98,69900.0,134030.13231998635,-64130.132319986355
-117.82,33.73,137000.0,230997.25201548915,-93997.25201548915
-122.5,37.74,273700.0,262456.78378952807,11243.216210471932
-117.04,34.03,92000.0,140203.1669206475,-48203.16692064749
-118.08,33.82,118300.0,122483.07890541852,-4183.078905418515
-118.86,34.16,410800.0,475271.6623003883,-64471.66230038833
-117.34,34.39,100500.0,104568.84773130016,-4068.847731300164
-122.45,37.77,492900.0,263754.18413264863,229145.81586735137
-117.37,34.13,118500.0,145478.36578696826,-26978.365786968265
-117.42,33.94,113500.0,171722.34429725958,-58222.34429725958
-119.81,36.78,89900.0,184748.3123482517,-94848.3123482517
-118.41,33.9,500001.0,386207.5443547894,113793.45564521058
-122.1,37.36,500001.0,460036.8580912091,39964.141908790916
-122.05,37.11,146300.0,292850.6774019762,-146550.6774019762
-117.06,32.68,113500.0,167558.45807741303,-54058.45807741303
-118.41,34.0,275000.0,241380.4764580573,33619.523541942704
-117.09,32.72,102500.0,155397.64219957497,-52897.64219957497
-116.91,32.87,147100.0,210877.157383502,-63777.157383501995
-117.88,33.82,225000.0,227340.82076588925,-2340.8207658892497
-121.19,38.85,139400.0,122126.3534371769,17273.646562823094
-119.18,34.18,175800.0,196253.57821986172,-20453.578219861723
-119.05,35.42,57000.0,170505.77546408307,-113505.77546408307
-118.01,33.88,269600.0,181302.58456701972,88297.41543298028
-122.26,38.0,272900.0,245109.47284126282,27790.527158737183
-115.56,32.78,76200.0,118027.67388691241,-41827.67388691241
-117.62,33.64,484100.0,383585.9153285315,100514.08467146847
-118.14,34.02,180600.0,152857.44636601023,27742.553633989766
-117.94,33.81,238000.0,230342.1737899352,7657.8262100648135
-117.13,32.72,137500.0,136674.90847664187,825.0915233581327
-121.32,38.74,186300.0,143537.13728228025,42762.86271771975
-117.19,32.82,192900.0,268798.6983560729,-75898.69835607288
-121.85,39.74,84500.0,72184.23918898916,12315.760811010841
-117.06,32.58,107600.0,204513.07979471236,-96913.07979471236
-119.28,36.33,55500.0,11143.66739424225,44356.33260575775
-121.97,37.29,265300.0,233546.23581241304,31753.76418758696
-117.24,32.73,388300.0,321782.4441340533,66517.55586594669
-117.19,32.69,482700.0,335572.27308120346,147127.72691879654
-122.15,37.67,198100.0,296848.7518941723,-98748.75189417228
-119.61,36.59,92700.0,91707.84325540345,992.1567445965484
-119.74,34.41,346200.0,335742.24202917935,10457.757970820647
-120.51,36.55,38800.0,93162.41434353776,-54362.41434353776
-121.47,38.54,56700.0,74989.27587721683,-18289.27587721683
-122.26,38.15,123700.0,191100.40299062757,-67400.40299062757
-121.51,38.57,93800.0,101362.83568929369,-7562.835689293686
-117.04,32.55,93200.0,104385.3055122341,-11185.305512234103
-114.66,32.74,44000.0,7652.589014844503,36347.4109851555
-119.73,36.8,69200.0,144872.07261482114,-75672.07261482114
-119.25,34.21,301800.0,284187.2172498908,17612.78275010921
-118.38,34.04,254200.0,181391.6558286203,72808.3441713797
-122.29,37.98,209800.0,268284.2465958074,-58484.24659580737
-117.95,34.14,184500.0,199471.8177715214,-14971.817771521397
-121.38,38.67,73400.0,98081.58942579757,-24681.589425797574
-118.36,33.82,339000.0,327451.2096287389,11548.790371261071
-119.69,36.75,93100.0,137331.87790762167,-44231.877907621674
-117.66,34.02,202300.0,207940.14362226985,-5640.143622269854
-119.63,36.7,133300.0,139219.9859322654,-5919.985932265408
-116.97,32.76,270700.0,289158.1294391062,-18458.12943910621
-121.71,36.78,240200.0,308913.58156073466,-68713.58156073466
-117.59,34.1,139300.0,158630.25862426916,-19330.25862426916
-121.46,38.55,57000.0,87585.91111593042,-30585.911115930416
-120.33,38.0,170700.0,102431.86315313354,68268.13684686646
-118.28,34.0,119200.0,159272.8081566319,-40072.80815663189
-118.36,33.96,177300.0,217356.4108142811,-40056.41081428109
-118.41,33.94,289600.0,279650.3791807778,9949.620819222182
-121.4,38.57,297600.0,232455.59091012646,65144.409089873545
-121.02,37.66,109900.0,165660.11207494605,-55760.11207494605
-121.0,37.69,147500.0,161449.64997353405,-13949.649973534048
-122.39,40.64,78700.0,49500.181427542586,29199.818572457414
-118.22,33.84,160300.0,235459.4903839836,-75159.49038398359
-121.03,37.62,77700.0,157454.7352336985,-79754.7352336985
-122.07,37.37,473500.0,398491.3451507054,75008.65484929457
-117.99,33.97,500001.0,457048.94763943134,42952.05236056866
-120.91,38.11,133100.0,124858.79749363242,8241.202506367583
-119.43,36.55,93500.0,110572.8255896573,-17072.825589657295
-122.04,37.39,280100.0,363268.35661125695,-83168.35661125695
-120.67,35.63,256700.0,238396.9312218977,18303.068778102286
-117.95,33.72,288000.0,274273.9233725909,13726.076627409086
-117.1,33.15,161100.0,167170.48646384338,-6070.486463843379
-117.64,34.03,137000.0,205841.99700976443,-68841.99700976443
-122.6,38.93,62000.0,98419.24814752815,-36419.24814752815
-122.11,37.41,443800.0,375853.0800403394,67946.91995966062
-117.29,34.57,68300.0,45276.6575448378,23023.3424551622
-117.86,34.02,262100.0,226578.1420594887,35521.85794051131
-120.86,37.77,109400.0,99658.06026955368,9741.93973044632
-122.22,37.46,409300.0,319457.6820976292,89842.31790237082
-118.02,34.08,175200.0,182827.49869368365,-7627.49869368365
-118.35,33.95,147700.0,215490.45812662784,-67790.45812662784
-117.22,32.74,287500.0,197220.6127331066,90279.3872668934
-117.09,32.74,93200.0,149305.27244753856,-56105.27244753856
-121.76,38.41,93800.0,162481.08748116205,-68681.08748116205
-118.48,34.31,172400.0,172205.87010260997,194.1298973900266
-122.24,37.47,318600.0,283037.1003430248,35562.899656975176
-117.01,32.77,185200.0,194090.05875240872,-8890.058752408717
-121.61,39.14,65200.0,76305.58130786289,-11105.581307862885
-121.68,39.13,179700.0,112209.82032694388,67490.17967305612
-118.05,34.08,159200.0,129438.9839326092,29761.016067390796
-118.19,33.85,151900.0,189136.04268143466,-37236.04268143466
-121.57,39.16,71700.0,104325.22575348243,-32625.22575348243
-117.58,34.0,245200.0,208911.6488332725,36288.35116672749
-118.38,33.99,228300.0,433100.7988486942,-204800.7988486942
-118.37,34.03,196400.0,156339.00761019206,40060.99238980794
-121.38,36.85,192400.0,178956.85951357707,13443.140486422926
-119.72,36.73,65900.0,54656.27106286166,11243.728937138338
-118.14,34.14,282300.0,217302.12522763805,64997.874772361945
-121.69,36.8,185300.0,204642.9443794,-19342.944379399996
-117.11,32.72,88600.0,131803.62147751078,-43203.62147751078
-120.61,37.03,67500.0,107638.87416975806,-40138.874169758055
-121.38,38.64,143400.0,108737.26605096413,34662.73394903587
-121.78,38.68,119400.0,151671.22345963912,-32271.22345963912
-118.49,34.2,215800.0,278578.62513251323,-62778.62513251323
-117.68,33.63,257400.0,268626.9973486485,-11226.997348648496
-122.12,37.44,373400.0,281868.9859739975,91531.0140260025
-118.24,33.78,152300.0,141007.88044671202,11292.11955328798
-118.12,34.08,245700.0,284600.3439074722,-38900.34390747221
-119.77,35.65,80000.0,137332.09172493266,-57332.09172493266
-117.1,32.72,137200.0,128175.89249701053,9024.107502989471
-121.86,37.41,266900.0,288535.9761462398,-21635.976146239787
-118.37,33.85,395300.0,314421.6613746332,80878.3386253668
-118.76,34.26,222100.0,272301.665133317,-50201.665133317
-118.44,34.06,500001.0,289940.71898512077,210060.28101487923
-121.88,36.49,500001.0,350281.5138289491,149719.48617105093
-118.54,34.23,232900.0,244509.25156321842,-11609.251563218422
-122.47,37.72,259700.0,291669.6068519973,-31969.60685199732
-117.27,33.18,215700.0,169931.9623827082,45768.03761729179
-121.85,37.4,243200.0,275688.52284475975,-32488.522844759747
-118.01,33.91,221400.0,190388.4172595963,31011.58274040371
-122.69,39.04,112500.0,120319.19078222476,-7819.1907822247595
-122.01,36.91,388500.0,217744.48586724233,170755.51413275767
-117.27,32.83,410000.0,252982.2375836335,157017.7624163665
-118.18,33.88,163000.0,266663.6664137109,-103663.66641371092
-117.28,32.77,500000.0,275235.77518746955,224764.22481253045
-119.34,34.39,231300.0,184145.01090880437,47154.98909119563
-119.65,36.34,76100.0,169516.56347907754,-93416.56347907754
-118.42,34.0,458600.0,242646.0691965404,215953.9308034596
-117.74,33.89,366300.0,256567.06631122436,109732.93368877564
-118.34,34.0,296800.0,244219.16226511775,52580.837734882254
-119.28,35.5,58600.0,75988.41889980249,-17388.41889980249
-117.37,33.97,84800.0,103129.9524458358,-18329.952445835806
-117.82,34.05,117300.0,166894.7642908129,-49594.76429081289
-120.0,38.92,126600.0,46000.591089788824,80599.40891021118
-118.36,33.95,170800.0,225493.4613291039,-54693.46132910391
-117.17,34.05,149300.0,154969.3826770261,-5669.382677026093
-120.59,38.45,119000.0,87970.73845732026,31029.261542679742
-122.48,37.78,375000.0,251933.73046650225,123066.26953349775
-117.98,33.73,284900.0,291256.36611970793,-6356.366119707935
-121.33,38.28,170100.0,160514.47728639236,9585.522713607643
-122.15,37.44,500001.0,307818.4710197258,192182.52898027422
-116.37,33.19,98700.0,163443.0964558199,-64743.096455819905
-116.29,34.18,60800.0,77259.06164225517,-16459.06164225517
-118.19,34.02,142800.0,128753.08530586539,14046.914694134612
-122.04,36.96,223900.0,247070.22172732465,-23170.22172732465
-118.3,34.06,137500.0,152675.80936914776,-15175.809369147755
-122.49,37.75,297800.0,301976.34150541434,-4176.341505414341
-117.09,32.69,112700.0,198020.46474324586,-85320.46474324586
-120.87,37.76,113300.0,67675.34843964316,45624.65156035684
-117.38,34.44,121400.0,141694.82809337787,-20294.828093377873
-117.66,33.61,248400.0,267003.8641284774,-18603.864128477406
-121.95,36.61,407800.0,365741.11862927955,42058.88137072045
-121.9,37.1,356600.0,337134.2359224907,19465.764077509288
-121.3,38.02,106300.0,52391.19086382352,53908.80913617648
-117.45,33.91,121400.0,172137.1493030428,-50737.149303042796
-122.96,38.26,240900.0,210433.41826896556,30466.581731034443
-117.62,33.43,247100.0,183153.67421213537,63946.325787864625
-122.2,40.26,137900.0,74272.2692894875,63627.73071051249
-121.67,39.37,86300.0,62958.30275131017,23341.69724868983
-119.66,34.44,500001.0,362535.8093432961,137465.1906567039
-118.11,33.85,216300.0,258468.36384906014,-42168.363849060144
-117.69,33.47,305600.0,281803.36983386055,23796.630166139454
-122.17,37.72,158300.0,199649.74972739257,-41349.74972739257
-117.79,33.55,452100.0,307051.9517402644,145048.04825973557
-122.22,37.77,95000.0,155303.49550592434,-60303.49550592434
-121.57,39.78,105700.0,39079.85508039035,66620.14491960965
-119.77,36.8,84600.0,143138.05530011933,-58538.05530011933
-117.23,33.24,240100.0,210995.12578503694,29104.874214963056
-117.69,34.03,162500.0,189334.01540058292,-26834.015400582924
-117.42,34.0,96600.0,144928.907278799,-48328.907278798986
-117.2,34.5,92200.0,64223.12229264015,27976.877707359847
-118.21,34.11,228200.0,225023.80459065735,3176.1954093426466
-120.44,34.97,113700.0,233555.0200947444,-119855.0200947444
-120.1,36.66,69000.0,73984.81412057439,-4984.814120574389
-122.14,37.43,500001.0,373753.4312363607,126247.56876363931
-122.21,37.49,225000.0,196517.81480542477,28482.185194575228
-117.67,34.1,174000.0,186493.13487082254,-12493.134870822541
-122.48,37.86,500001.0,390657.73687147954,109343.26312852046
-122.18,37.79,253000.0,287506.4488790687,-34506.44887906872
-117.07,32.79,277600.0,363323.1465775147,-85723.14657751471
-118.0,33.91,285200.0,268505.20544017013,16694.79455982987
-122.33,37.93,90300.0,166199.36912412103,-75899.36912412103
-117.17,33.34,189900.0,171532.65732940473,18367.342670595273
-117.9,33.69,316600.0,283069.63655350264,33530.36344649736
-117.78,33.88,301900.0,284286.34982176917,17613.650178230833
-117.32,34.48,93100.0,90646.76473645167,2453.2352635483257
-118.26,33.97,94200.0,139131.24433937296,-44931.24433937296
-117.85,33.76,213800.0,235612.15175318997,-21812.151753189974
-117.93,34.06,187500.0,201983.01952723367,-14483.019527233671
-122.45,37.78,500001.0,327580.9955173824,172420.0044826176
-122.42,37.74,325700.0,314093.1532473061,11606.846752693877
-117.29,33.05,300000.0,198223.51507821912,101776.48492178088
-122.34,37.94,143900.0,220105.3035556688,-76205.3035556688
-122.42,37.8,500001.0,460667.68970064213,39333.310299357865
-117.0,32.67,264100.0,302819.6389977811,-38719.63899778109
-115.57,32.85,62300.0,124604.30120089697,-62304.30120089697
-121.18,39.19,138800.0,58375.37711527804,80424.62288472196
-118.28,33.92,105400.0,182129.709490465,-76729.709490465
-115.57,32.85,63500.0,49638.821097945794,13861.178902054206
-117.55,33.83,500001.0,175011.8668390764,324989.1331609236
-121.42,38.47,97800.0,130083.97622120008,-32283.97622120008
-117.43,34.08,127400.0,193765.84391497076,-66365.84391497076
-122.17,37.77,135300.0,205352.98938469635,-70052.98938469635
-121.64,36.68,156100.0,138248.76121818507,17851.23878181493
-118.28,34.18,446800.0,369917.7487306064,76882.2512693936
-121.54,39.12,65000.0,45344.29264949728,19655.707350502722
-118.19,33.96,151800.0,177018.27073185425,-25218.270731854253
-117.12,32.77,192200.0,221294.3430254939,-29094.3430254939
-118.37,33.97,153100.0,202930.53260398144,-49830.53260398144
-116.99,32.79,165800.0,221065.29110848764,-55265.29110848764
-122.25,37.77,254200.0,246903.40929246275,7296.5907075372525
-121.93,37.25,234200.0,257857.51538684638,-23657.515386846382
-121.29,37.96,112500.0,111175.79098309763,1324.2090169023722
-119.03,35.39,118700.0,173921.23772312887,-55221.23772312887
-121.91,37.34,240900.0,221850.81810761243,19049.18189238757
-121.89,37.3,283300.0,335418.5255672289,-52118.525567228906
-120.92,37.63,450000.0,97417.6652535391,352582.3347464609
-119.27,35.5,52100.0,102357.95793508319,-50257.95793508319
-120.31,37.29,55900.0,77291.63402404496,-21391.634024044964
-120.02,37.72,88100.0,81634.62033881107,6465.379661188927
-118.04,34.09,248900.0,229285.64071035525,19614.35928964475
-120.24,39.67,68600.0,74349.5563771124,-5749.5563771124
-118.14,34.16,156300.0,153395.55488664145,2904.4451133585535
-122.43,37.64,272700.0,282269.8673747089,-9569.867374708876
-118.39,34.04,340400.0,285370.3419560762,55029.65804392379
-118.17,34.18,218800.0,182489.30670366297,36310.693296337035
-119.56,36.51,70100.0,96282.3980721673,-26182.3980721673
-117.17,32.69,500001.0,297498.22313686274,202502.77686313726
-120.08,38.8,162500.0,164156.8682720312,-1656.8682720311917
-117.29,34.49,111800.0,133955.4904211564,-22155.4904211564
-121.0,37.67,110200.0,134627.24777479982,-24427.24777479982
-119.8,36.65,74200.0,89212.52044846676,-15012.520448466763
-117.08,32.57,103200.0,136528.61441418016,-33328.61441418016
-120.7,35.55,172100.0,228513.0457359748,-56413.045735974796
-117.35,34.13,132000.0,145850.52738588396,-13850.527385883965
-122.92,39.08,166300.0,195411.80714502512,-29111.807145025115
-119.33,36.31,107300.0,156841.14360716194,-49541.14360716194
-116.98,33.77,107900.0,121372.16506122425,-13472.165061224252
-121.32,37.98,94600.0,66731.18869234063,27868.811307659373
-120.6,37.35,66100.0,120326.33180504106,-54226.33180504106
-118.08,33.93,158200.0,206277.86403076164,-48077.864030761644
-120.08,37.06,95800.0,67078.31733336765,28721.682666632347
-117.22,33.93,117000.0,113009.27258083923,3990.727419160772
-122.74,38.45,170900.0,206835.89555077208,-35935.89555077208
-117.36,33.99,92900.0,155129.39942354057,-62229.39942354057
-117.91,33.84,162500.0,145971.7453999659,16528.254600034095
-118.11,34.0,193800.0,146127.9813478198,47672.01865218021
-118.3,34.0,134600.0,118059.7623356334,16540.237664366607
-121.5,38.56,123100.0,81921.68409943394,41178.31590056606
-117.3,34.05,115700.0,167173.32107348694,-51473.321073486935
-121.97,38.04,83500.0,162098.22491533775,-78598.22491533775
-119.25,35.79,62200.0,60303.83812816115,1896.161871838849
-119.34,36.3,74400.0,99278.31820177473,-24878.31820177473
-118.14,33.9,180100.0,201726.78720797738,-21626.78720797738
-116.99,32.8,195800.0,272079.3026190791,-76279.30261907913
-118.09,34.18,500001.0,457760.04328961484,42240.95671038516
-117.58,33.87,144300.0,167212.90279564774,-22912.902795647737
-121.28,38.13,125400.0,124013.30991785228,1386.6900821477175
-119.83,36.8,80800.0,124826.89961552527,-44026.89961552527
-119.82,36.79,65900.0,125261.44661144167,-59361.44661144167
-118.21,33.81,157900.0,226482.7312063533,-68582.73120635329
-117.3,32.85,500001.0,245687.5066065439,254313.4933934561
-121.91,37.32,180800.0,217135.02020239085,-36335.02020239085
-118.13,33.79,236200.0,284965.1969741974,-48765.1969741974
-118.24,33.9,103000.0,159131.08645504853,-56131.08645504853
-117.81,33.74,216900.0,183332.44923699973,33567.55076300027
-118.36,34.09,383300.0,178851.55061699077,204448.44938300923
-118.31,34.07,500001.0,200169.20753622986,299831.79246377014
-120.95,39.93,83500.0,37520.576781379525,45979.423218620475
-122.65,38.47,214400.0,203278.94722210383,11121.05277789617
-122.64,41.63,100000.0,42088.43000004487,57911.56999995513
-121.47,38.49,78800.0,72574.75534397596,6225.244656024035
-117.25,34.15,97600.0,147720.81688193185,-50120.81688193185
-118.37,34.18,178400.0,217038.41476871865,-38638.41476871865
-118.87,34.23,287100.0,309207.93347519264,-22107.933475192636
-117.87,33.89,270100.0,325256.80748557486,-55156.80748557486
-118.53,34.45,185500.0,253968.2657544245,-68468.2657544245
-119.63,36.35,90600.0,161117.35945545556,-70517.35945545556
-121.88,37.33,213600.0,171128.31517458102,42471.68482541898
-121.21,37.81,124300.0,129645.2525985702,-5345.252598570194
-117.23,32.88,205000.0,70121.46945653623,134878.53054346377
-118.06,34.1,256700.0,214726.00637560245,41973.99362439755
-118.63,34.16,392700.0,369216.4864163329,23483.51358366711
-117.17,32.79,133300.0,163811.49138868693,-30511.491388686933
-122.17,38.06,187100.0,218536.9209859427,-31436.920985942706
-118.33,33.86,255400.0,319706.59355560085,-64306.59355560085
-122.41,37.61,347400.0,287486.5992274475,59913.40077255247
-121.3,38.11,171700.0,187834.18074713694,-16134.18074713694
-122.27,37.82,112500.0,173464.39392824145,-60964.39392824145
-116.15,34.14,82600.0,98170.32844702248,-15570.328447022475
-119.0,35.36,48600.0,92675.23542091576,-44075.235420915764
-119.07,35.34,134100.0,241107.84624172514,-107007.84624172514
-118.14,33.9,225800.0,208697.11310639512,17102.886893604882
-118.14,34.11,500001.0,402179.06858444074,97821.93141555926
-118.37,34.06,470000.0,307865.272851225,162134.727148775
-118.15,34.09,225800.0,255761.89092476293,-29961.890924762934
-118.35,34.05,158000.0,169969.5130932592,-11969.513093259186
-121.28,38.71,117100.0,112062.3300470165,5037.669952983502
-121.61,37.15,416300.0,359791.9697160581,56508.03028394189
-120.31,37.64,120800.0,107473.57655957853,13326.423440421466
-118.11,33.84,226300.0,261675.72266696673,-35375.72266696673
-121.44,38.65,122200.0,152947.39218131127,-30747.39218131127
-121.85,38.0,100000.0,141303.5503027318,-41303.550302731805
-122.22,37.48,229500.0,194557.99064212106,34942.00935787894
-120.89,37.59,195800.0,107704.72832097998,88095.27167902002
-120.85,37.75,85000.0,68159.10936977714,16840.890630222857
-118.12,33.94,264700.0,194407.53870982025,70292.46129017975
-122.05,37.31,455500.0,395080.02762727346,60419.97237272654
-118.0,33.76,176000.0,168654.69230987504,7345.307690124959
-120.44,37.28,81100.0,94563.94768466474,-13463.947684664745
-122.12,38.0,166400.0,252844.91952536674,-86444.91952536674
-119.02,35.32,82600.0,149325.64914341224,-66725.64914341224
-118.16,33.77,272200.0,222844.11278145434,49355.88721854566
-118.15,33.77,271100.0,248601.11681810627,22498.883181893732
-122.0,37.36,239400.0,304828.01319609815,-65428.01319609815
-118.17,33.92,171800.0,241890.64914267138,-70090.64914267138
-121.64,39.74,121800.0,50573.06441902928,71226.93558097072
-117.33,33.19,173600.0,187859.43729077838,-14259.437290778384
-117.94,33.88,239300.0,236169.97213430004,3130.027865699958
-119.34,35.6,58800.0,114874.50543453405,-56074.50543453405
-122.27,37.88,287500.0,254362.44478581613,33137.55521418387
-120.08,36.95,70700.0,123727.49398065219,-53027.49398065219
-118.38,34.2,181700.0,167341.9856554023,14358.014344597701
-121.34,37.96,113700.0,157574.93459355365,-43874.934593553655
-118.15,33.84,224100.0,262809.6865360793,-38709.68653607927
-121.98,37.82,351300.0,360602.7876064447,-9302.787606444675
-119.51,34.4,301300.0,297097.55381622864,4202.446183771361
-122.18,37.75,80700.0,244378.8140948848,-163678.8140948848
-117.21,33.93,152600.0,130869.87340212474,21730.126597875264
-118.03,33.81,237400.0,273465.34258431057,-36065.342584310565
-117.03,32.69,179400.0,216466.26305826288,-37066.26305826288
-118.05,34.14,500001.0,412915.5230487003,87085.4769512997
-122.76,38.44,170200.0,227341.31611718424,-57141.31611718424
-117.86,33.74,165300.0,136470.03619770892,28829.96380229108
-121.88,37.26,225900.0,241859.9301623241,-15959.930162324104
-117.92,33.74,159700.0,94697.90751912165,65002.092480878346
-118.41,33.97,363500.0,316964.2348368643,46535.765163135715
-118.17,33.98,132100.0,187866.71299403673,-55766.71299403673
-122.46,37.78,376800.0,282768.24485268677,94031.75514731323
-122.79,39.02,96900.0,115792.40304602124,-18892.403046021238
-122.44,37.75,316200.0,343062.321304515,-26862.321304515004
-122.48,37.76,323800.0,276977.7079290552,46822.29207094479
-118.46,34.05,387500.0,313634.65257672407,73865.34742327593
-122.75,38.43,149100.0,173996.68984605512,-24896.689846055117
-118.51,34.11,500001.0,618734.185981967,-118733.18598196702
-117.94,33.64,225000.0,140695.8338973769,84304.1661026231
-118.44,34.22,178800.0,206436.3156229495,-27636.315622949507
-122.28,37.82,87500.0,157723.70620945795,-70223.70620945795
-119.08,35.34,130100.0,181065.02583443094,-50965.02583443094
-118.4,33.88,500001.0,373332.7157341563,126668.28426584369
-117.95,33.89,349000.0,296130.62140000844,52869.378599991556
-119.04,35.35,73000.0,145433.77326693013,-72433.77326693013
-117.31,32.98,244700.0,245150.72853712598,-450.7285371259786
-118.06,34.12,275400.0,220995.04948237631,54404.950517623685
-122.46,37.71,246200.0,254307.71910459502,-8107.719104595017
-117.69,33.61,236200.0,198653.2089453414,37546.79105465859
-122.29,37.89,232200.0,307821.8423198066,-75621.84231980657
-117.28,35.13,53300.0,61753.85052917851,-8453.850529178511
-118.2,33.98,163100.0,135628.07331013028,27471.926689869724
-116.44,34.12,72400.0,95751.99676135881,-23351.99676135881
-117.85,33.81,234500.0,217009.84068154963,17490.159318450373
-121.03,37.65,150000.0,189382.31000814028,-39382.31000814028
-118.3,34.0,116100.0,149357.3632439524,-33257.36324395239
-118.17,33.77,181300.0,197349.7550064046,-16049.755006404594
-121.76,36.77,121000.0,168750.99655165803,-47750.99655165803
-122.22,38.09,88700.0,176095.59125985997,-87395.59125985997
-117.96,33.81,182500.0,245380.15725096082,-62880.15725096082
-122.75,38.48,197400.0,224986.9299973608,-27586.9299973608
-118.19,33.91,128100.0,167021.0612070863,-38921.06120708631
-122.32,40.42,76500.0,62604.07163097337,13895.928369026631
-118.88,34.21,300000.0,329216.39749566745,-29216.39749566745
-117.68,33.57,500001.0,429122.3058351446,70878.6941648554
-118.42,34.29,160300.0,182813.37876998447,-22513.37876998447
-121.87,37.38,335600.0,307626.13243862474,27973.867561375257
-117.13,32.75,157600.0,177644.4493731116,-20044.449373111594
-122.7,38.45,190600.0,242604.91070634872,-52004.91070634872
-117.74,33.61,180800.0,211921.93552182615,-31121.935521826148
-122.36,37.96,104200.0,96884.42083271826,7315.579167281743
-117.62,34.08,111800.0,155284.9474633457,-43484.947463345714
-122.14,37.7,194100.0,235946.02431234857,-41846.02431234857
-122.25,37.5,253800.0,290942.5428407653,-37142.54284076532
-121.36,38.57,129500.0,217519.2976641548,-88019.29766415479
-117.41,33.94,117600.0,164622.8069522921,-47022.8069522921
-122.49,37.76,339800.0,339021.8645667238,778.1354332761839
-118.14,33.77,342900.0,272565.66673348704,70334.33326651296
-117.92,34.07,195500.0,178261.79714482138,17238.20285517862
-121.61,39.13,83800.0,44332.37816625461,39467.62183374539
-122.04,38.25,94200.0,167018.68410066655,-72818.68410066655
-122.94,39.1,140600.0,144446.36936457315,-3846.3693645731546
-118.61,34.2,160900.0,220424.66961467592,-59524.66961467592
-122.82,38.41,169300.0,182510.6516843089,-13210.65168430889
-117.64,33.48,275900.0,267332.62063899497,8567.379361005034
-118.18,33.78,146200.0,117036.92990068253,29163.07009931747
-118.24,34.15,202300.0,109348.46393730259,92951.53606269741
-122.3,38.29,154000.0,198121.92214063788,-44121.92214063788
-117.61,34.09,135500.0,181878.84744319925,-46378.84744319925
-122.46,37.7,235900.0,247418.33743661456,-11518.337436614558
-117.61,34.08,128800.0,137411.3100210945,-8611.310021094512
-121.87,37.28,249600.0,218425.84880542383,31174.151194576174
-117.69,33.47,300000.0,229763.6994643286,70236.30053567141
-121.34,38.58,134100.0,183786.5493821418,-49686.54938214179
-122.53,37.88,308600.0,275056.4952342906,33543.5047657094
-118.31,33.74,350000.0,271765.8671251093,78234.1328748907
-122.22,38.1,110800.0,206515.51204700582,-95715.51204700582
-122.08,37.68,190800.0,181660.11791489972,9139.882085100282
-117.46,34.1,108800.0,84328.1080564959,24471.891943504103
-121.36,38.4,144400.0,164659.0459874589,-20259.0459874589
-122.27,37.84,162900.0,203690.87965754047,-40790.87965754047
-121.87,37.99,163900.0,216453.86708522867,-52553.867085228674
-117.1,32.69,98000.0,139141.36295641353,-41141.36295641353
-118.21,33.93,132700.0,125949.15590954525,6750.844090454746
-121.7,36.6,283100.0,276285.63994999276,6814.360050007235
-122.32,37.54,407200.0,308020.5174511778,99179.48254882218
-118.02,33.74,248200.0,291592.41403577244,-43392.41403577244
-123.48,40.34,64500.0,109558.94867781363,-45058.948677813634
-122.11,37.4,500001.0,289626.6519307322,210374.3480692678
-117.73,33.57,194400.0,336871.21887367684,-142471.21887367684
-118.33,34.03,137500.0,176218.32603051886,-38718.32603051886
-117.75,34.07,127300.0,163732.39173943363,-36432.39173943363
-120.35,36.16,85300.0,153560.64470917266,-68260.64470917266
-118.36,34.18,194900.0,181437.96784239868,13462.032157601323
-120.84,35.35,221100.0,259152.29409732716,-38052.29409732716
-117.87,34.11,192200.0,215971.60541500244,-23771.605415002443
-118.32,34.07,404500.0,230779.38043880602,173720.61956119398
-121.63,39.15,73500.0,76610.56522166822,-3110.565221668221
-122.82,38.39,233700.0,206275.96513792314,27424.034862076864
-117.41,33.96,118800.0,142421.02489153575,-23621.02489153575
-120.99,37.64,70000.0,122564.11800548481,-52564.11800548481
-117.12,33.15,182800.0,188878.73078125063,-6078.730781250633
-118.54,34.28,500001.0,437393.0176833132,62607.98231668677
-118.32,34.01,157700.0,222446.9428754365,-64746.94287543651
-121.23,38.04,247900.0,264383.7564400621,-16483.756440062076
-122.12,37.29,500001.0,407399.59305194067,92601.40694805933
-119.27,34.45,357900.0,268430.19518428855,89469.80481571145
-119.55,36.61,56900.0,10823.723491462413,46076.27650853759
-117.81,33.71,302400.0,323293.069972713,-20893.069972713012
-121.3,38.67,125400.0,147956.26225326303,-22556.262253263034
-121.96,37.03,386400.0,258402.18975046836,127997.81024953164
-117.28,33.2,175600.0,188582.57281999802,-12982.572819998022
-117.47,33.93,110500.0,166128.18038084498,-55628.18038084498
-118.38,34.14,386700.0,388972.1530352123,-2272.153035212308
-121.45,38.37,137500.0,194866.02971967496,-57366.02971967496
-121.9,37.41,228700.0,274600.9633893259,-45900.96338932589
-118.37,33.94,149400.0,138024.12027286086,11375.879727139138
-119.03,35.35,73700.0,153235.52240811288,-79535.52240811288
-122.41,37.81,500001.0,265195.32754699327,234805.67245300673
-117.41,33.95,132100.0,157821.38063142681,-25721.380631426815
-122.41,40.55,86500.0,83820.878670034,2679.121329966001
-118.36,34.16,417900.0,263064.0724263103,154835.92757368973
-117.13,33.15,172600.0,164865.15436637634,7734.845633623656
-121.19,37.93,99700.0,107338.70249640103,-7638.702496401034
-117.71,33.6,72500.0,189239.81046500104,-116739.81046500104
-118.28,33.85,180800.0,264237.97682953253,-83437.97682953253
-122.42,38.27,308400.0,242960.2625420196,65439.7374579804
-122.06,37.34,288300.0,285927.7868147469,2372.2131852530874
-117.15,32.76,302200.0,242564.85682373215,59635.143176267855
-117.88,33.77,288800.0,330104.2759800162,-41304.27598001622
-121.06,36.72,100000.0,141934.75042344304,-41934.75042344304
-122.4,37.73,233000.0,196665.79388260795,36334.20611739205
-117.05,32.58,136900.0,209879.55663175322,-72979.55663175322
-118.37,34.16,209400.0,207402.1420324836,1997.8579675164074
-119.04,34.23,246600.0,289520.455413823,-42920.455413823016
-120.07,36.96,65200.0,82406.12821409572,-17206.12821409572
-122.31,37.5,491200.0,380215.9886891092,110984.01131089078
-118.8,34.15,356700.0,319950.81011812855,36749.189881871454
-118.35,33.96,164300.0,209234.24526931252,-44934.24526931252
-117.25,34.13,88200.0,117182.08094356768,-28982.08094356768
-120.76,38.65,155900.0,98332.94403654616,57567.05596345384
-117.51,34.14,191700.0,192587.018234191,-887.0182341909967
-121.99,38.36,84400.0,176717.56825333321,-92317.56825333321
-122.61,38.24,190100.0,242303.88501872635,-52203.885018726345
-121.4,38.66,112500.0,89869.41214200715,22630.587857992854
-121.83,37.29,115200.0,177681.77719389647,-62481.77719389647
-117.14,33.15,174600.0,224381.01310468465,-49781.01310468465
-120.63,35.59,113500.0,198107.4634099924,-84607.4634099924
-121.87,37.31,152400.0,221257.8344899132,-68857.83448991319
-121.24,38.66,250300.0,210209.38059367985,40090.619406320155
-122.13,37.7,183700.0,232873.38704089494,-49173.387040894944
-118.68,34.08,500001.0,217863.57354726456,282137.42645273544
-122.53,38.01,310900.0,294113.0163877411,16786.98361225892
-122.07,37.67,230600.0,213853.05643754127,16746.943562458735
-119.82,36.76,68500.0,117841.71571983444,-49341.715719834436
-122.27,37.53,267400.0,240611.50557544595,26788.494424554054
-117.88,33.87,145300.0,167723.17342934292,-22423.173429342918
-122.3,37.56,282000.0,305246.15032249223,-23246.150322492234
-120.69,37.77,282100.0,153640.80412839865,128459.19587160135
-118.29,34.16,189800.0,241018.7246473604,-51218.72464736039
-122.08,37.58,254400.0,255374.913144893,-974.9131448930129
-120.69,35.62,161700.0,239879.79473400814,-78179.79473400814
-122.71,38.45,188800.0,202176.70435988437,-13376.704359884374
-117.25,32.86,500001.0,279414.41829327913,220586.58170672087
-121.44,38.68,94400.0,74277.61689374875,20122.383106251247
-118.37,33.84,342800.0,274286.6491950494,68513.35080495058
-118.32,34.26,191500.0,251025.2391077471,-59525.2391077471
-120.66,35.28,209600.0,221670.28189555928,-12070.281895559281
-118.14,34.07,235000.0,231000.38381096348,3999.6161890365183
-118.33,34.18,231400.0,311783.1263329894,-80383.12633298943
-122.3,38.27,130200.0,179349.31075831736,-49149.310758317355
-119.19,34.21,208200.0,243367.43529207073,-35167.43529207073
-118.4,34.04,500001.0,447124.0913290335,52876.90867096651
-118.44,34.22,168600.0,187870.3973042611,-19270.397304261103
-122.26,37.77,228100.0,231753.0551400492,-3653.055140049197
-121.35,38.55,126900.0,187702.80557625135,-60802.805576251354
-121.44,38.73,135500.0,175125.54475510772,-39625.54475510772
-118.61,34.73,156700.0,246465.75533426693,-89765.75533426693
-117.68,34.11,208600.0,229567.40831762552,-20967.408317625523
-121.66,37.11,436700.0,248119.82345312973,188580.17654687027
-119.29,36.34,71000.0,66539.46220292058,4460.537797079422
-121.14,39.86,88800.0,33480.82794329384,55319.17205670616
-122.06,37.77,341600.0,321805.58509585867,19794.414904141333
-118.22,33.89,120200.0,155907.65019118693,-35707.65019118693
-118.22,33.98,148200.0,150660.19947613217,-2460.1994761321694
-122.13,37.45,500001.0,354407.13166280603,145593.86833719397
-122.41,37.78,375000.0,203241.11149272136,171758.88850727864
-122.27,37.82,137500.0,168437.30401331093,-30937.30401331093
-117.15,34.48,64800.0,74906.96826841636,-10106.968268416356
-122.65,38.48,231800.0,259964.90467553446,-28164.90467553446
-118.34,33.94,160700.0,156244.08376380568,4455.916236194316
-117.8,33.69,251000.0,211877.083117567,39122.916882433
-122.27,38.53,142500.0,205443.91337206354,-62943.913372063544
-121.33,37.98,176500.0,205563.73598752217,-29063.735987522174
-119.06,34.22,177100.0,279219.7639437136,-102119.76394371362
-118.0,34.16,311800.0,301047.06956333155,10752.930436668452
-121.33,37.98,84600.0,164535.11124066776,-79935.11124066776
-120.46,38.09,122600.0,93346.19407002255,29253.805929977447
-117.92,33.94,198200.0,234032.4347731541,-35832.43477315409
-117.87,33.6,500000.0,291438.93740127794,208561.06259872206
-117.59,33.67,279800.0,304075.94025313016,-24275.94025313016
-121.8,37.26,195000.0,254289.69051581528,-59289.69051581528
-120.95,38.79,202800.0,132538.150930841,70261.84906915901
-122.31,37.55,354100.0,278577.3139048554,75522.6860951446
-121.95,37.96,259500.0,279065.3523436673,-19565.3523436673
-119.64,34.43,500001.0,292628.7261178922,207372.2738821078
-117.87,33.92,272400.0,279056.48462132644,-6656.484621326439
-117.22,32.82,183900.0,209690.105558509,-25790.105558509007
-121.99,37.33,285800.0,249169.92473944882,36630.07526055118
-117.92,33.64,225000.0,156134.8632441084,68865.13675589161
-118.29,34.17,292600.0,253086.74250252824,39513.25749747176
-119.31,36.63,55200.0,33330.169137857854,21869.830862142146
-117.97,33.74,262000.0,193121.7169769546,68878.2830230454
-117.06,32.69,158900.0,238095.20523118926,-79195.20523118926
-118.32,33.93,172100.0,245537.8496227623,-73437.8496227623
-117.97,33.84,191700.0,221114.7061746423,-29414.706174642313
-121.89,36.6,225000.0,232969.30804462777,-7969.3080446277745
-121.39,38.69,108300.0,164757.34364148648,-56457.343641486485
-121.48,38.56,113600.0,110534.63409884041,3065.3659011595882
-116.95,32.81,100000.0,150521.1728654108,-50521.1728654108
-118.75,34.42,191700.0,156248.74917724123,35451.25082275877
-117.16,34.06,117200.0,103215.30170840444,13984.69829159556
-117.75,34.05,110600.0,118126.21310375258,-7526.213103752583
-119.87,36.79,80200.0,127474.50493652653,-47274.50493652653
-118.31,34.02,98100.0,175903.90706348186,-77803.90706348186
-121.93,36.62,253800.0,279990.03729804745,-26190.03729804745
-119.3,36.34,48100.0,53817.73927757563,-5717.739277575631
-117.62,34.11,192800.0,206820.78014837205,-14020.780148372054
-116.96,32.78,132800.0,143447.31502249464,-10647.315022494644
-117.96,33.75,196300.0,163121.03234542208,33178.96765457792
-117.7,33.47,320800.0,226264.34020339698,94535.65979660302
-118.4,34.03,319400.0,206241.67643707478,113158.32356292522
-122.08,37.03,203700.0,302055.0738492785,-98355.0738492785
-122.38,37.71,207100.0,266454.2416475415,-59354.24164754152
-120.54,38.07,79900.0,85724.83148176689,-5824.831481766887
-118.35,34.11,500001.0,326895.3454950447,173105.65450495528
-120.8,35.33,330000.0,247328.5702075404,82671.42979245959
-118.21,33.8,139000.0,183141.46995782014,-44141.46995782014
-117.86,33.79,187500.0,214504.48337867344,-27004.483378673438
-121.39,38.58,448300.0,266632.2965965867,181667.7034034133
-117.16,32.81,176300.0,214690.86469953088,-38390.86469953088
-118.28,33.92,175900.0,156159.69219516357,19740.307804836426
-120.87,37.05,104200.0,151664.2117538466,-47464.21175384661
-118.05,34.05,162200.0,191227.03981745988,-29027.03981745988
-117.97,34.06,166800.0,181983.5044622221,-15183.504462222103
-118.15,33.92,161200.0,153945.6641220022,7254.335877997801
-118.25,34.12,153100.0,137211.25413018884,15888.745869811159
-117.14,32.8,156900.0,144129.85904632835,12770.140953671653
-118.02,34.04,158100.0,147315.8562627607,10784.143737239297
-124.16,40.79,76900.0,129317.21127069695,-52417.21127069695
-122.11,37.67,165400.0,214266.71849351702,-48866.71849351702
-121.06,37.42,73500.0,197936.1927647139,-124436.1927647139
-119.05,35.36,118400.0,192352.4930209983,-73952.49302099831
-117.97,34.08,142400.0,130133.98244658159,12266.017553418409
-117.82,33.88,280300.0,277150.6923465645,3149.307653435506
-120.93,38.5,107200.0,102729.05649961391,4470.943500386085
-118.1,34.01,183300.0,120860.32053361321,62439.67946638679
-122.3,40.58,98800.0,4781.09196536243,94018.90803463757
-118.28,33.73,234500.0,183855.71108049946,50644.28891950054
-119.17,34.21,143500.0,193919.86003881507,-50419.860038815066
-118.31,33.99,108000.0,197674.83918205556,-89674.83918205556
-119.44,38.53,97800.0,-13253.120702215005,111053.120702215
-117.32,34.12,70500.0,104312.71248057112,-33812.71248057112
-116.84,33.08,225900.0,182606.95563858468,43293.04436141532
-122.42,37.65,239800.0,240847.22784132324,-1047.2278413232416
-117.19,33.69,136400.0,167676.50052233366,-31276.500522333663
-122.12,37.68,180600.0,225639.83537021233,-45039.83537021233
-118.3,33.84,239600.0,261983.72404979635,-22383.72404979635
-121.87,37.26,265700.0,284058.1838063658,-18358.18380636582
-121.84,37.98,204200.0,211202.41254025977,-7002.412540259771
-118.33,33.99,122500.0,198546.98816077504,-76046.98816077504
-117.19,32.82,204000.0,282137.61018315516,-78137.61018315516
-118.06,33.8,195300.0,196061.97469341522,-761.9746934152208
-121.98,36.98,215800.0,227896.01522916183,-12096.015229161829
-117.8,33.55,500001.0,320134.2296759202,179866.7703240798
-122.31,40.75,75800.0,6357.773078653961,69442.22692134604
-122.29,37.76,265400.0,311320.19023500197,-45920.190235001966
-122.22,37.81,273700.0,360790.4863202921,-87090.48632029211
-118.31,34.0,116400.0,151290.01995667163,-34890.01995667163
-121.34,37.96,59400.0,79841.69667300023,-20441.69667300023
-122.21,37.78,137000.0,158761.62521252315,-21761.625212523155
-122.34,40.51,119200.0,32552.213745480403,86647.7862545196
-118.49,34.24,244200.0,278997.13440680783,-34797.13440680783
-118.36,33.93,170000.0,163258.87351876404,6741.126481235959
-117.67,33.57,280300.0,350264.4012964489,-69964.4012964489
-118.23,34.21,285000.0,321354.0673106471,-36354.06731064711
-116.31,33.65,102600.0,148711.1166774463,-46111.11667744629
-120.81,38.73,120500.0,85570.1532476428,34929.8467523572
-122.44,37.76,361600.0,313406.4580544862,48193.5419455138
-122.12,37.91,455300.0,397422.08557834895,57877.91442165105
-118.49,34.42,213400.0,226237.0355315702,-12837.035531570204
-118.31,33.93,158000.0,267433.6144007291,-109433.61440072907
-117.97,33.94,217000.0,222530.49306925945,-5530.49306925945
-115.51,32.99,63700.0,40933.66564684361,22766.334353156388
-122.07,37.58,244300.0,301864.21805689577,-57564.21805689577
-118.32,34.04,151100.0,165523.44869480887,-14423.448694808874
-117.42,33.95,110800.0,143313.30680293497,-32513.306802934967
-118.33,34.06,433800.0,419872.44065317465,13927.55934682535
-122.36,37.94,72900.0,116821.9872414833,-43921.98724148329
-118.26,33.88,108500.0,197450.99378785212,-88950.99378785212
-122.23,37.88,452600.0,411946.61039216584,40653.389607834164
-117.89,33.89,467600.0,552758.7957571195,-85158.79575711954
-117.22,33.36,263300.0,207680.92808616068,55619.07191383932
-120.83,35.36,266800.0,252433.00854834914,14366.991451650858
-122.05,37.31,500001.0,439178.1969750342,60822.803024965804
-119.76,36.77,72300.0,130408.85287045967,-58108.85287045967
-118.37,34.22,151500.0,175272.25192551035,-23772.251925510354
